#include "v2wasm/EmbeddedCoreModule.h"

namespace tgcalls {
namespace v2wasm {

extern const uint8_t kReferenceCoreWasm[] = {
    0x00,0x61,0x73,0x6d,0x01,0x00,0x00,0x00,0x01,0x79,0x13,0x60,0x02,0x7f,0x7f,0x00,
    0x60,0x01,0x7f,0x01,0x7f,0x60,0x02,0x7f,0x7f,0x01,0x7f,0x60,0x01,0x7f,0x00,0x60,
    0x01,0x7f,0x01,0x7c,0x60,0x04,0x7f,0x7f,0x7f,0x7f,0x00,0x60,0x03,0x7f,0x7f,0x7f,
    0x01,0x7f,0x60,0x04,0x7f,0x7f,0x7f,0x7f,0x01,0x7f,0x60,0x04,0x7f,0x7e,0x7f,0x7f,
    0x01,0x7f,0x60,0x00,0x00,0x60,0x03,0x7f,0x7f,0x7f,0x00,0x60,0x01,0x7f,0x01,0x7e,
    0x60,0x05,0x7f,0x7f,0x7f,0x7f,0x7f,0x01,0x7f,0x60,0x02,0x7f,0x7e,0x00,0x60,0x07,
    0x7f,0x7f,0x7f,0x7f,0x7f,0x7f,0x7f,0x00,0x60,0x03,0x7f,0x7e,0x7f,0x01,0x7e,0x60,
    0x05,0x7f,0x7f,0x7f,0x7f,0x7f,0x00,0x60,0x02,0x7c,0x7f,0x01,0x7c,0x60,0x02,0x7c,
    0x7c,0x01,0x7c,0x02,0xc0,0x01,0x07,0x03,0x65,0x6e,0x76,0x0c,0x68,0x6f,0x73,0x74,
    0x5f,0x64,0x65,0x66,0x6c,0x61,0x74,0x65,0x00,0x07,0x03,0x65,0x6e,0x76,0x0c,0x68,
    0x6f,0x73,0x74,0x5f,0x69,0x6e,0x66,0x6c,0x61,0x74,0x65,0x00,0x07,0x03,0x65,0x6e,
    0x76,0x09,0x68,0x6f,0x73,0x74,0x5f,0x65,0x6d,0x69,0x74,0x00,0x00,0x16,0x77,0x61,
    0x73,0x69,0x5f,0x73,0x6e,0x61,0x70,0x73,0x68,0x6f,0x74,0x5f,0x70,0x72,0x65,0x76,
    0x69,0x65,0x77,0x31,0x08,0x66,0x64,0x5f,0x63,0x6c,0x6f,0x73,0x65,0x00,0x01,0x16,
    0x77,0x61,0x73,0x69,0x5f,0x73,0x6e,0x61,0x70,0x73,0x68,0x6f,0x74,0x5f,0x70,0x72,
    0x65,0x76,0x69,0x65,0x77,0x31,0x07,0x66,0x64,0x5f,0x73,0x65,0x65,0x6b,0x00,0x08,
    0x16,0x77,0x61,0x73,0x69,0x5f,0x73,0x6e,0x61,0x70,0x73,0x68,0x6f,0x74,0x5f,0x70,
    0x72,0x65,0x76,0x69,0x65,0x77,0x31,0x08,0x66,0x64,0x5f,0x77,0x72,0x69,0x74,0x65,
    0x00,0x07,0x16,0x77,0x61,0x73,0x69,0x5f,0x73,0x6e,0x61,0x70,0x73,0x68,0x6f,0x74,
    0x5f,0x70,0x72,0x65,0x76,0x69,0x65,0x77,0x31,0x0a,0x72,0x61,0x6e,0x64,0x6f,0x6d,
    0x5f,0x67,0x65,0x74,0x00,0x02,0x03,0xad,0x02,0xab,0x02,0x09,0x09,0x06,0x02,0x01,
    0x0a,0x00,0x02,0x00,0x00,0x02,0x06,0x03,0x01,0x01,0x00,0x0a,0x00,0x00,0x00,0x0b,
    0x00,0x01,0x03,0x01,0x02,0x0a,0x05,0x01,0x02,0x0a,0x01,0x01,0x02,0x0a,0x02,0x0a,
    0x0a,0x02,0x0a,0x02,0x06,0x01,0x02,0x02,0x06,0x00,0x06,0x06,0x00,0x01,0x03,0x01,
    0x03,0x02,0x01,0x02,0x02,0x01,0x02,0x02,0x02,0x03,0x02,0x02,0x02,0x02,0x0c,0x09,
    0x09,0x00,0x03,0x09,0x09,0x01,0x03,0x06,0x03,0x03,0x06,0x02,0x02,0x06,0x02,0x0a,
    0x02,0x02,0x06,0x06,0x02,0x00,0x02,0x02,0x09,0x01,0x00,0x03,0x05,0x00,0x09,0x00,
    0x0a,0x00,0x00,0x01,0x02,0x09,0x02,0x00,0x00,0x00,0x01,0x00,0x02,0x00,0x06,0x00,
    0x01,0x01,0x06,0x00,0x00,0x0a,0x02,0x03,0x03,0x0d,0x0a,0x06,0x06,0x0a,0x06,0x02,
    0x06,0x01,0x09,0x00,0x00,0x09,0x03,0x00,0x00,0x01,0x00,0x00,0x01,0x01,0x03,0x03,
    0x09,0x00,0x01,0x03,0x01,0x02,0x02,0x00,0x04,0x01,0x01,0x01,0x01,0x02,0x09,0x01,
    0x02,0x01,0x03,0x03,0x01,0x03,0x03,0x03,0x01,0x02,0x02,0x00,0x01,0x03,0x01,0x03,
    0x03,0x03,0x01,0x02,0x02,0x00,0x05,0x04,0x01,0x03,0x01,0x03,0x03,0x03,0x01,0x02,
    0x02,0x00,0x04,0x01,0x03,0x01,0x03,0x03,0x03,0x00,0x01,0x01,0x02,0x02,0x02,0x00,
    0x00,0x01,0x01,0x03,0x03,0x01,0x03,0x03,0x03,0x01,0x02,0x02,0x02,0x00,0x01,0x02,
    0x01,0x03,0x03,0x01,0x03,0x03,0x03,0x01,0x02,0x01,0x02,0x02,0x00,0x01,0x02,0x01,
    0x03,0x03,0x01,0x03,0x03,0x03,0x0a,0x03,0x00,0x0a,0x01,0x01,0x04,0x05,0x00,0x03,
    0x00,0x07,0x09,0x00,0x00,0x01,0x02,0x01,0x00,0x0e,0x06,0x06,0x02,0x0a,0x06,0x09,
    0x09,0x0a,0x0a,0x06,0x01,0x06,0x0f,0x01,0x0c,0x0a,0x10,0x02,0x11,0x09,0x09,0x0b,
    0x11,0x12,0x01,0x06,0x02,0x09,0x04,0x05,0x01,0x70,0x01,0x6d,0x6d,0x05,0x03,0x01,
    0x00,0x02,0x06,0x0d,0x02,0x7f,0x01,0x41,0x80,0x80,0x04,0x0b,0x7f,0x00,0x41,0x00,
    0x0b,0x07,0x4d,0x06,0x06,0x6d,0x65,0x6d,0x6f,0x72,0x79,0x02,0x00,0x0b,0x5f,0x69,
    0x6e,0x69,0x74,0x69,0x61,0x6c,0x69,0x7a,0x65,0x00,0x08,0x08,0x72,0x74,0x5f,0x61,
    0x6c,0x6c,0x6f,0x63,0x00,0x98,0x01,0x07,0x72,0x74,0x5f,0x66,0x72,0x65,0x65,0x00,
    0x9a,0x01,0x09,0x63,0x6f,0x72,0x65,0x5f,0x69,0x6e,0x69,0x74,0x00,0x93,0x01,0x0d,
    0x63,0x6f,0x72,0x65,0x5f,0x6f,0x6e,0x5f,0x65,0x76,0x65,0x6e,0x74,0x00,0x97,0x01,
    0x09,0xd3,0x01,0x01,0x00,0x41,0x01,0x0b,0x6c,0x92,0x01,0x94,0x01,0x0d,0x16,0x1a,
    0x1b,0x9f,0x01,0xaf,0x01,0x9f,0x02,0x65,0x67,0x68,0x69,0x6b,0x6d,0x6e,0xe5,0x01,
    0xe6,0x01,0xe7,0x01,0xe9,0x01,0xa4,0x01,0xa5,0x01,0xb8,0x01,0xa7,0x01,0xea,0x01,
    0xeb,0x01,0xab,0x01,0xac,0x01,0xec,0x01,0xed,0x01,0xf3,0x01,0xf4,0x01,0xf6,0x01,
    0xf8,0x01,0xa8,0x01,0xa9,0x01,0xf9,0x01,0xfa,0x01,0xfb,0x01,0xfc,0x01,0xba,0x01,
    0xbb,0x01,0xbc,0x01,0x92,0x02,0xbd,0x01,0xb4,0x01,0xb5,0x01,0xb6,0x01,0xb7,0x01,
    0xad,0x01,0xb9,0x01,0xb0,0x01,0xb1,0x01,0xb2,0x01,0xb3,0x01,0xa0,0x01,0xa1,0x01,
    0xa2,0x01,0xa3,0x01,0xa6,0x01,0xae,0x01,0xee,0x01,0xfd,0x01,0xc6,0x01,0xc7,0x01,
    0xc8,0x01,0xc9,0x01,0xbe,0x01,0xbf,0x01,0xc0,0x01,0xc1,0x01,0xc3,0x01,0xc4,0x01,
    0xc5,0x01,0xd1,0x01,0xd2,0x01,0xd3,0x01,0xd4,0x01,0xca,0x01,0xcb,0x01,0xcc,0x01,
    0xcd,0x01,0xce,0x01,0xcf,0x01,0xd0,0x01,0xe1,0x01,0xe2,0x01,0xe3,0x01,0xe4,0x01,
    0xd7,0x01,0xd8,0x01,0xda,0x01,0xdb,0x01,0xdd,0x01,0xde,0x01,0xdf,0x01,0xe0,0x01,
    0xef,0x01,0xf0,0x01,0xf1,0x01,0xf2,0x01,0xfe,0x01,0xff,0x01,0x80,0x02,0x81,0x02,
    0xa0,0x02,0xa1,0x02,0xa2,0x02,0x0a,0xb3,0xcd,0x04,0xab,0x02,0x08,0x00,0x10,0xb1,
    0x02,0x10,0x91,0x01,0x0b,0x37,0x00,0x02,0x40,0x23,0x81,0x80,0x80,0x80,0x00,0x41,
    0x90,0xb7,0x84,0x80,0x00,0x6a,0x28,0x02,0x00,0x45,0x0d,0x00,0x00,0x0b,0x23,0x81,
    0x80,0x80,0x80,0x00,0x41,0x90,0xb7,0x84,0x80,0x00,0x6a,0x41,0x01,0x36,0x02,0x00,
    0x10,0x9c,0x82,0x80,0x80,0x00,0x10,0x87,0x80,0x80,0x80,0x00,0x0b,0x9d,0x01,0x01,
    0x02,0x7f,0x02,0x40,0x41,0x00,0x28,0x02,0x94,0xb7,0x84,0x80,0x00,0x22,0x03,0x0d,
    0x00,0x41,0x9c,0xb7,0x84,0x80,0x00,0x21,0x03,0x41,0x00,0x41,0x9c,0xb7,0x84,0x80,
    0x00,0x36,0x02,0x94,0xb7,0x84,0x80,0x00,0x0b,0x02,0x40,0x41,0x00,0x28,0x02,0x98,
    0xb7,0x84,0x80,0x00,0x22,0x04,0x41,0x20,0x47,0x0d,0x00,0x02,0x40,0x41,0x84,0x02,
    0x41,0x01,0x10,0xb0,0x82,0x80,0x80,0x00,0x22,0x03,0x0d,0x00,0x41,0x7f,0x0f,0x0b,
    0x41,0x00,0x21,0x04,0x20,0x03,0x41,0x00,0x28,0x02,0x94,0xb7,0x84,0x80,0x00,0x36,
    0x02,0x00,0x41,0x00,0x20,0x03,0x36,0x02,0x94,0xb7,0x84,0x80,0x00,0x0b,0x41,0x00,
    0x20,0x04,0x41,0x01,0x6a,0x36,0x02,0x98,0xb7,0x84,0x80,0x00,0x20,0x03,0x20,0x04,
    0x41,0x02,0x74,0x6a,0x22,0x03,0x41,0x84,0x01,0x6a,0x20,0x01,0x36,0x02,0x00,0x20,
    0x03,0x41,0x04,0x6a,0x20,0x00,0x36,0x02,0x00,0x41,0x00,0x0b,0x16,0x00,0x20,0x00,
    0x20,0x01,0x20,0x01,0x10,0x8b,0x80,0x80,0x80,0x00,0x10,0x8c,0x80,0x80,0x80,0x00,
    0x20,0x00,0x0b,0xbd,0x01,0x01,0x02,0x7f,0x20,0x00,0x21,0x01,0x02,0x40,0x02,0x40,
    0x20,0x00,0x41,0x03,0x71,0x45,0x0d,0x00,0x02,0x40,0x20,0x00,0x2d,0x00,0x00,0x0d,
    0x00,0x20,0x00,0x20,0x00,0x6b,0x0f,0x0b,0x20,0x00,0x41,0x01,0x6a,0x22,0x01,0x41,
    0x03,0x71,0x45,0x0d,0x00,0x20,0x01,0x2d,0x00,0x00,0x45,0x0d,0x01,0x20,0x00,0x41,
    0x02,0x6a,0x22,0x01,0x41,0x03,0x71,0x45,0x0d,0x00,0x20,0x01,0x2d,0x00,0x00,0x45,
    0x0d,0x01,0x20,0x00,0x41,0x03,0x6a,0x22,0x01,0x41,0x03,0x71,0x45,0x0d,0x00,0x20,
    0x01,0x2d,0x00,0x00,0x45,0x0d,0x01,0x20,0x00,0x41,0x04,0x6a,0x22,0x01,0x41,0x03,
    0x71,0x0d,0x01,0x0b,0x20,0x01,0x41,0x7b,0x6a,0x21,0x01,0x03,0x40,0x20,0x01,0x41,
    0x05,0x6a,0x21,0x02,0x20,0x01,0x41,0x04,0x6a,0x21,0x01,0x41,0x80,0x82,0x84,0x08,
    0x20,0x02,0x28,0x02,0x00,0x22,0x02,0x6b,0x20,0x02,0x72,0x41,0x80,0x81,0x82,0x84,
    0x78,0x71,0x41,0x80,0x81,0x82,0x84,0x78,0x46,0x0d,0x00,0x0b,0x03,0x40,0x20,0x01,
    0x41,0x01,0x6a,0x22,0x01,0x2d,0x00,0x00,0x0d,0x00,0x0b,0x0b,0x20,0x01,0x20,0x00,
    0x6b,0x0b,0x93,0x01,0x01,0x02,0x7f,0x02,0x40,0x02,0x40,0x20,0x02,0x41,0xf7,0xff,
    0xff,0xff,0x07,0x4f,0x0d,0x00,0x02,0x40,0x02,0x40,0x20,0x02,0x41,0x0a,0x4b,0x0d,
    0x00,0x20,0x00,0x20,0x02,0x3a,0x00,0x0b,0x0c,0x01,0x0b,0x20,0x02,0x41,0xf8,0xff,
    0xff,0xff,0x07,0x71,0x41,0x08,0x6a,0x22,0x03,0x10,0x93,0x82,0x80,0x80,0x00,0x22,
    0x04,0x45,0x0d,0x02,0x20,0x00,0x20,0x02,0x36,0x02,0x04,0x20,0x00,0x20,0x04,0x36,
    0x02,0x00,0x20,0x00,0x20,0x03,0x41,0x80,0x80,0x80,0x80,0x78,0x72,0x36,0x02,0x08,
    0x20,0x04,0x21,0x00,0x0b,0x02,0x40,0x20,0x02,0x45,0x0d,0x00,0x20,0x00,0x20,0x01,
    0x20,0x02,0xfc,0x0a,0x00,0x00,0x0b,0x20,0x00,0x20,0x02,0x6a,0x41,0x00,0x3a,0x00,
    0x00,0x0f,0x0b,0x10,0xe4,0x80,0x80,0x80,0x00,0x00,0x0b,0x20,0x02,0x41,0x00,0x10,
    0x94,0x82,0x80,0x80,0x00,0x00,0x0b,0xdc,0x04,0x01,0x07,0x7f,0x23,0x80,0x80,0x80,
    0x80,0x00,0x41,0xc0,0x00,0x6b,0x22,0x02,0x24,0x80,0x80,0x80,0x80,0x00,0x20,0x00,
    0x28,0x02,0x00,0x21,0x03,0x20,0x02,0x41,0x0c,0x6a,0x41,0xfb,0x8c,0x84,0x80,0x00,
    0x10,0x8a,0x80,0x80,0x80,0x00,0x22,0x04,0x41,0x0c,0x6a,0x41,0xb0,0x83,0x84,0x80,
    0x00,0x10,0x8e,0x80,0x80,0x80,0x00,0x1a,0x20,0x02,0x42,0x00,0x37,0x03,0x00,0x41,
    0x00,0x21,0x00,0x20,0x02,0x41,0x00,0x36,0x02,0x08,0x20,0x02,0x20,0x01,0x28,0x02,
    0x04,0x20,0x01,0x28,0x02,0x00,0x22,0x05,0x6b,0x22,0x06,0x41,0x02,0x6a,0x41,0x03,
    0x6e,0x41,0x02,0x74,0x10,0x8f,0x80,0x80,0x80,0x00,0x02,0x40,0x03,0x40,0x20,0x00,
    0x41,0x03,0x6a,0x22,0x07,0x20,0x06,0x4b,0x0d,0x01,0x20,0x05,0x20,0x00,0x6a,0x22,
    0x00,0x41,0x02,0x6a,0x2d,0x00,0x00,0x21,0x01,0x20,0x00,0x41,0x01,0x6a,0x2d,0x00,
    0x00,0x21,0x08,0x20,0x02,0x20,0x00,0x2d,0x00,0x00,0x22,0x00,0x41,0x02,0x76,0x2c,
    0x00,0xc0,0x97,0x84,0x80,0x00,0x10,0x90,0x80,0x80,0x80,0x00,0x20,0x02,0x20,0x08,
    0x41,0x08,0x74,0x22,0x08,0x20,0x00,0x41,0x10,0x74,0x72,0x41,0x0c,0x76,0x41,0x3f,
    0x71,0x2c,0x00,0xc0,0x97,0x84,0x80,0x00,0x10,0x90,0x80,0x80,0x80,0x00,0x20,0x02,
    0x20,0x08,0x20,0x01,0x72,0x41,0x06,0x76,0x41,0x3f,0x71,0x2c,0x00,0xc0,0x97,0x84,
    0x80,0x00,0x10,0x90,0x80,0x80,0x80,0x00,0x20,0x02,0x20,0x01,0x41,0x3f,0x71,0x2c,
    0x00,0xc0,0x97,0x84,0x80,0x00,0x10,0x90,0x80,0x80,0x80,0x00,0x20,0x07,0x21,0x00,
    0x0c,0x00,0x0b,0x0b,0x20,0x04,0x41,0x14,0x6a,0x21,0x01,0x02,0x40,0x02,0x40,0x02,
    0x40,0x20,0x00,0x41,0x01,0x6a,0x22,0x07,0x20,0x06,0x47,0x0d,0x00,0x20,0x02,0x20,
    0x05,0x20,0x00,0x6a,0x2d,0x00,0x00,0x22,0x00,0x41,0x02,0x76,0x2c,0x00,0xc0,0x97,
    0x84,0x80,0x00,0x10,0x90,0x80,0x80,0x80,0x00,0x20,0x02,0x20,0x00,0x41,0x04,0x74,
    0x41,0x30,0x71,0x2c,0x00,0xc0,0x97,0x84,0x80,0x00,0x10,0x90,0x80,0x80,0x80,0x00,
    0x41,0x3d,0x21,0x00,0x0c,0x01,0x0b,0x20,0x00,0x41,0x02,0x6a,0x20,0x06,0x47,0x0d,
    0x01,0x20,0x05,0x20,0x07,0x6a,0x2d,0x00,0x00,0x21,0x07,0x20,0x02,0x20,0x05,0x20,
    0x00,0x6a,0x2d,0x00,0x00,0x22,0x00,0x41,0x02,0x76,0x2c,0x00,0xc0,0x97,0x84,0x80,
    0x00,0x10,0x90,0x80,0x80,0x80,0x00,0x20,0x02,0x20,0x07,0x41,0x08,0x74,0x20,0x00,
    0x41,0x10,0x74,0x72,0x41,0x0c,0x76,0x41,0x3f,0x71,0x2c,0x00,0xc0,0x97,0x84,0x80,
    0x00,0x10,0x90,0x80,0x80,0x80,0x00,0x20,0x07,0x41,0x02,0x74,0x41,0x3c,0x71,0x2d,
    0x00,0xc0,0x97,0x84,0x80,0x00,0x21,0x00,0x0b,0x20,0x02,0x20,0x00,0xc0,0x10,0x90,
    0x80,0x80,0x80,0x00,0x20,0x02,0x41,0x3d,0x10,0x90,0x80,0x80,0x80,0x00,0x0b,0x20,
    0x01,0x41,0x80,0x92,0x84,0x80,0x00,0x10,0x8a,0x80,0x80,0x80,0x00,0x1a,0x20,0x04,
    0x41,0x20,0x6a,0x20,0x02,0x10,0x91,0x80,0x80,0x80,0x00,0x1a,0x20,0x03,0x41,0x04,
    0x6a,0x20,0x02,0x41,0x34,0x6a,0x20,0x04,0x41,0x02,0x10,0x92,0x80,0x80,0x80,0x00,
    0x22,0x00,0x20,0x03,0x28,0x02,0x0c,0x11,0x80,0x80,0x80,0x80,0x00,0x80,0x80,0x80,
    0x80,0x00,0x20,0x00,0x28,0x02,0x04,0x10,0x93,0x80,0x80,0x80,0x00,0x20,0x02,0x41,
    0x20,0x6a,0x21,0x00,0x03,0x40,0x20,0x00,0x10,0x94,0x80,0x80,0x80,0x00,0x21,0x01,
    0x20,0x00,0x41,0x6c,0x6a,0x21,0x00,0x20,0x01,0x20,0x04,0x47,0x0d,0x00,0x0b,0x20,
    0x02,0x10,0x95,0x80,0x80,0x80,0x00,0x1a,0x20,0x02,0x41,0xc0,0x00,0x6a,0x24,0x80,
    0x80,0x80,0x80,0x00,0x0b,0xaf,0x01,0x01,0x02,0x7f,0x23,0x80,0x80,0x80,0x80,0x00,
    0x41,0x10,0x6b,0x22,0x02,0x24,0x80,0x80,0x80,0x80,0x00,0x41,0x1c,0x10,0xd1,0x80,
    0x80,0x80,0x00,0x22,0x03,0x41,0xcc,0x9d,0x84,0x80,0x00,0x36,0x02,0x00,0x20,0x03,
    0x42,0x00,0x37,0x02,0x04,0x20,0x02,0x41,0x04,0x6a,0x20,0x01,0x10,0x8a,0x80,0x80,
    0x80,0x00,0x21,0x01,0x20,0x03,0x41,0xe8,0x9d,0x84,0x80,0x00,0x36,0x02,0x0c,0x20,
    0x03,0x20,0x01,0x28,0x02,0x08,0x36,0x02,0x18,0x20,0x03,0x20,0x01,0x29,0x02,0x00,
    0x37,0x02,0x10,0x20,0x01,0x42,0x00,0x37,0x02,0x00,0x20,0x01,0x41,0x00,0x36,0x02,
    0x08,0x20,0x01,0x10,0x95,0x80,0x80,0x80,0x00,0x1a,0x41,0x01,0x41,0x00,0x10,0xd5,
    0x81,0x80,0x80,0x00,0x20,0x00,0x20,0x03,0x36,0x02,0x04,0x20,0x00,0x20,0x03,0x41,
    0x0c,0x6a,0x36,0x02,0x00,0x20,0x02,0x42,0x00,0x37,0x02,0x04,0x20,0x02,0x41,0x04,
    0x6a,0x10,0xd6,0x81,0x80,0x80,0x00,0x1a,0x20,0x02,0x41,0x10,0x6a,0x24,0x80,0x80,
    0x80,0x80,0x00,0x20,0x00,0x0b,0xc9,0x01,0x01,0x06,0x7f,0x02,0x40,0x02,0x40,0x20,
    0x01,0x41,0xf7,0xff,0xff,0xff,0x07,0x4f,0x0d,0x00,0x02,0x40,0x20,0x01,0x20,0x00,
    0x28,0x02,0x08,0x41,0xff,0xff,0xff,0xff,0x07,0x71,0x41,0x7f,0x6a,0x41,0x0a,0x20,
    0x00,0x2c,0x00,0x0b,0x22,0x02,0x41,0x00,0x48,0x1b,0x4d,0x0d,0x00,0x20,0x01,0x41,
    0xf8,0xff,0xff,0xff,0x07,0x71,0x41,0x08,0x6a,0x22,0x03,0x10,0x93,0x82,0x80,0x80,
    0x00,0x22,0x01,0x45,0x0d,0x02,0x20,0x00,0x28,0x02,0x00,0x21,0x04,0x02,0x40,0x20,
    0x00,0x28,0x02,0x04,0x20,0x02,0x20,0x02,0x41,0x00,0x48,0x22,0x05,0x1b,0x22,0x06,
    0x41,0x01,0x6a,0x22,0x07,0x45,0x0d,0x00,0x20,0x01,0x20,0x04,0x20,0x00,0x20,0x05,
    0x1b,0x20,0x07,0xfc,0x0a,0x00,0x00,0x0b,0x20,0x03,0x41,0x80,0x80,0x80,0x80,0x78,
    0x72,0x21,0x03,0x02,0x40,0x20,0x02,0x41,0x7f,0x4a,0x0d,0x00,0x20,0x04,0x10,0x9b,
    0x81,0x80,0x80,0x00,0x0b,0x20,0x00,0x20,0x03,0x36,0x02,0x08,0x20,0x00,0x20,0x06,
    0x36,0x02,0x04,0x20,0x00,0x20,0x01,0x36,0x02,0x00,0x0b,0x0f,0x0b,0x10,0xe4,0x80,
    0x80,0x80,0x00,0x00,0x0b,0x20,0x00,0x41,0x00,0x10,0x94,0x82,0x80,0x80,0x00,0x00,
    0x0b,0xba,0x02,0x01,0x05,0x7f,0x02,0x40,0x02,0x40,0x02,0x40,0x02,0x40,0x02,0x40,
    0x02,0x40,0x02,0x40,0x20,0x00,0x2c,0x00,0x0b,0x22,0x02,0x41,0x00,0x48,0x0d,0x00,
    0x41,0x0a,0x21,0x03,0x20,0x02,0x41,0x0a,0x47,0x0d,0x05,0x41,0x18,0x21,0x04,0x0c,
    0x01,0x0b,0x02,0x40,0x20,0x00,0x28,0x02,0x04,0x22,0x03,0x20,0x00,0x28,0x02,0x08,
    0x41,0xff,0xff,0xff,0xff,0x07,0x71,0x22,0x05,0x41,0x7f,0x6a,0x22,0x06,0x46,0x0d,
    0x00,0x20,0x00,0x28,0x02,0x00,0x21,0x05,0x0c,0x02,0x0b,0x20,0x05,0x41,0xf7,0xff,
    0xff,0xff,0x07,0x4f,0x0d,0x02,0x41,0xf8,0xff,0xff,0xff,0x07,0x20,0x05,0x20,0x06,
    0x41,0x01,0x74,0x22,0x03,0x20,0x05,0x20,0x03,0x4b,0x1b,0x41,0xf8,0xff,0xff,0xff,
    0x07,0x71,0x41,0x08,0x6a,0x20,0x06,0x41,0xf3,0xff,0xff,0xff,0x03,0x4b,0x1b,0x21,
    0x04,0x20,0x06,0x21,0x03,0x0b,0x20,0x04,0x10,0x93,0x82,0x80,0x80,0x00,0x22,0x05,
    0x45,0x0d,0x02,0x20,0x00,0x28,0x02,0x00,0x21,0x06,0x02,0x40,0x20,0x03,0x45,0x0d,
    0x00,0x20,0x03,0x45,0x0d,0x00,0x20,0x05,0x20,0x06,0x20,0x00,0x20,0x02,0x41,0x00,
    0x48,0x1b,0x20,0x03,0xfc,0x0a,0x00,0x00,0x0b,0x02,0x40,0x20,0x02,0x41,0x7f,0x4a,
    0x0d,0x00,0x20,0x06,0x10,0x9b,0x81,0x80,0x80,0x00,0x0b,0x20,0x00,0x20,0x05,0x36,
    0x02,0x00,0x20,0x00,0x20,0x04,0x41,0x80,0x80,0x80,0x80,0x78,0x72,0x36,0x02,0x08,
    0x0b,0x20,0x00,0x20,0x03,0x41,0x01,0x6a,0x36,0x02,0x04,0x0c,0x03,0x0b,0x10,0xe4,
    0x80,0x80,0x80,0x00,0x00,0x0b,0x20,0x00,0x41,0x00,0x10,0x94,0x82,0x80,0x80,0x00,
    0x00,0x0b,0x20,0x00,0x20,0x02,0x41,0x01,0x6a,0x41,0xff,0x00,0x71,0x3a,0x00,0x0b,
    0x20,0x02,0x21,0x03,0x20,0x00,0x21,0x05,0x0b,0x20,0x05,0x20,0x03,0x6a,0x22,0x00,
    0x41,0x00,0x3a,0x00,0x01,0x20,0x00,0x20,0x01,0x3a,0x00,0x00,0x0b,0xa3,0x01,0x03,
    0x02,0x7f,0x01,0x7e,0x01,0x7f,0x23,0x80,0x80,0x80,0x80,0x00,0x41,0x10,0x6b,0x22,
    0x02,0x24,0x80,0x80,0x80,0x80,0x00,0x41,0x1c,0x10,0xd1,0x80,0x80,0x80,0x00,0x22,
    0x03,0x41,0xcc,0x9d,0x84,0x80,0x00,0x36,0x02,0x00,0x20,0x03,0x42,0x00,0x37,0x02,
    0x04,0x20,0x03,0x41,0xe8,0x9d,0x84,0x80,0x00,0x36,0x02,0x0c,0x20,0x01,0x29,0x02,
    0x00,0x21,0x04,0x20,0x01,0x42,0x00,0x37,0x02,0x00,0x20,0x03,0x20,0x04,0x37,0x02,
    0x10,0x20,0x01,0x28,0x02,0x08,0x21,0x05,0x20,0x01,0x41,0x00,0x36,0x02,0x08,0x20,
    0x03,0x20,0x05,0x36,0x02,0x18,0x41,0x01,0x41,0x00,0x10,0xd5,0x81,0x80,0x80,0x00,
    0x20,0x00,0x20,0x03,0x36,0x02,0x04,0x20,0x00,0x20,0x03,0x41,0x0c,0x6a,0x36,0x02,
    0x00,0x20,0x02,0x42,0x00,0x37,0x02,0x08,0x20,0x02,0x41,0x08,0x6a,0x10,0xd6,0x81,
    0x80,0x80,0x00,0x1a,0x20,0x02,0x41,0x10,0x6a,0x24,0x80,0x80,0x80,0x80,0x00,0x20,
    0x00,0x0b,0xda,0x02,0x01,0x04,0x7f,0x23,0x80,0x80,0x80,0x80,0x00,0x41,0x20,0x6b,
    0x22,0x03,0x24,0x80,0x80,0x80,0x80,0x00,0x20,0x00,0x42,0x00,0x37,0x02,0x04,0x20,
    0x00,0x20,0x00,0x41,0x04,0x6a,0x22,0x04,0x36,0x02,0x00,0x20,0x03,0x41,0x14,0x6a,
    0x20,0x00,0x20,0x01,0x10,0xa1,0x80,0x80,0x80,0x00,0x20,0x03,0x28,0x02,0x14,0x21,
    0x05,0x20,0x03,0x41,0x00,0x36,0x02,0x14,0x20,0x00,0x20,0x04,0x20,0x04,0x20,0x05,
    0x10,0xa2,0x80,0x80,0x80,0x00,0x20,0x02,0x41,0x14,0x6c,0x21,0x05,0x20,0x03,0x41,
    0x14,0x6a,0x10,0xa3,0x80,0x80,0x80,0x00,0x1a,0x20,0x00,0x28,0x02,0x04,0x21,0x04,
    0x03,0x40,0x20,0x04,0x22,0x02,0x28,0x02,0x04,0x22,0x04,0x0d,0x00,0x0b,0x20,0x01,
    0x41,0x14,0x6a,0x21,0x04,0x20,0x05,0x41,0x6c,0x6a,0x21,0x01,0x02,0x40,0x03,0x40,
    0x20,0x01,0x45,0x0d,0x01,0x02,0x40,0x02,0x40,0x20,0x02,0x41,0x10,0x6a,0x20,0x04,
    0x10,0xa4,0x80,0x80,0x80,0x00,0x45,0x0d,0x00,0x20,0x03,0x41,0x14,0x6a,0x20,0x00,
    0x20,0x04,0x10,0xa1,0x80,0x80,0x80,0x00,0x20,0x00,0x20,0x02,0x20,0x02,0x41,0x04,
    0x6a,0x20,0x03,0x28,0x02,0x14,0x22,0x05,0x10,0xa2,0x80,0x80,0x80,0x00,0x20,0x03,
    0x41,0x00,0x36,0x02,0x14,0x20,0x03,0x41,0x14,0x6a,0x10,0xa3,0x80,0x80,0x80,0x00,
    0x1a,0x20,0x05,0x21,0x02,0x0c,0x01,0x0b,0x20,0x03,0x41,0x0c,0x6a,0x20,0x00,0x20,
    0x04,0x10,0xa5,0x80,0x80,0x80,0x00,0x20,0x03,0x28,0x02,0x10,0x22,0x05,0x28,0x02,
    0x00,0x0d,0x00,0x20,0x03,0x41,0x14,0x6a,0x20,0x00,0x20,0x04,0x10,0xa1,0x80,0x80,
    0x80,0x00,0x20,0x03,0x28,0x02,0x14,0x21,0x06,0x20,0x03,0x41,0x00,0x36,0x02,0x14,
    0x20,0x00,0x20,0x03,0x28,0x02,0x0c,0x20,0x05,0x20,0x06,0x10,0xa2,0x80,0x80,0x80,
    0x00,0x20,0x03,0x41,0x14,0x6a,0x10,0xa3,0x80,0x80,0x80,0x00,0x1a,0x0b,0x20,0x04,
    0x41,0x14,0x6a,0x21,0x04,0x20,0x01,0x41,0x6c,0x6a,0x21,0x01,0x0c,0x00,0x0b,0x0b,
    0x20,0x03,0x41,0x20,0x6a,0x24,0x80,0x80,0x80,0x80,0x00,0x20,0x00,0x0b,0x3b,0x01,
    0x01,0x7f,0x02,0x40,0x03,0x40,0x20,0x00,0x45,0x0d,0x01,0x20,0x00,0x28,0x02,0x00,
    0x10,0x93,0x80,0x80,0x80,0x00,0x20,0x00,0x28,0x02,0x04,0x21,0x01,0x20,0x00,0x41,
    0x10,0x6a,0x10,0x94,0x80,0x80,0x80,0x00,0x1a,0x20,0x00,0x10,0x9e,0x80,0x80,0x80,
    0x00,0x20,0x01,0x21,0x00,0x0c,0x00,0x0b,0x0b,0x0b,0x16,0x00,0x20,0x00,0x41,0x0c,
    0x6a,0x10,0xa7,0x80,0x80,0x80,0x00,0x1a,0x20,0x00,0x10,0x95,0x80,0x80,0x80,0x00,
    0x0b,0x1c,0x00,0x02,0x40,0x20,0x00,0x2c,0x00,0x0b,0x41,0x7f,0x4a,0x0d,0x00,0x20,
    0x00,0x28,0x02,0x00,0x10,0x9b,0x81,0x80,0x80,0x00,0x0b,0x20,0x00,0x0b,0x5d,0x01,
    0x01,0x7f,0x23,0x80,0x80,0x80,0x80,0x00,0x41,0x10,0x6b,0x22,0x02,0x24,0x80,0x80,
    0x80,0x80,0x00,0x20,0x00,0x28,0x02,0x00,0x21,0x00,0x20,0x02,0x41,0x04,0x6a,0x41,
    0xbc,0x95,0x84,0x80,0x00,0x20,0x01,0x10,0x97,0x80,0x80,0x80,0x00,0x20,0x00,0x20,
    0x02,0x41,0x04,0x6a,0x10,0x98,0x80,0x80,0x80,0x00,0x20,0x02,0x41,0x04,0x6a,0x10,
    0x95,0x80,0x80,0x80,0x00,0x1a,0x20,0x00,0x20,0x01,0x10,0x99,0x80,0x80,0x80,0x00,
    0x20,0x02,0x41,0x10,0x6a,0x24,0x80,0x80,0x80,0x80,0x00,0x0b,0x8b,0x03,0x01,0x07,
    0x7f,0x20,0x01,0x21,0x03,0x02,0x40,0x02,0x40,0x20,0x01,0x41,0x03,0x71,0x45,0x0d,
    0x00,0x02,0x40,0x20,0x01,0x2d,0x00,0x00,0x0d,0x00,0x20,0x01,0x21,0x03,0x0c,0x02,
    0x0b,0x20,0x01,0x41,0x01,0x6a,0x22,0x03,0x41,0x03,0x71,0x45,0x0d,0x00,0x20,0x03,
    0x2d,0x00,0x00,0x45,0x0d,0x01,0x20,0x01,0x41,0x02,0x6a,0x22,0x03,0x41,0x03,0x71,
    0x45,0x0d,0x00,0x20,0x03,0x2d,0x00,0x00,0x45,0x0d,0x01,0x20,0x01,0x41,0x03,0x6a,
    0x22,0x03,0x41,0x03,0x71,0x45,0x0d,0x00,0x20,0x03,0x2d,0x00,0x00,0x45,0x0d,0x01,
    0x20,0x01,0x41,0x04,0x6a,0x22,0x03,0x41,0x03,0x71,0x0d,0x01,0x0b,0x20,0x03,0x41,
    0x7b,0x6a,0x21,0x03,0x03,0x40,0x20,0x03,0x41,0x05,0x6a,0x21,0x04,0x20,0x03,0x41,
    0x04,0x6a,0x21,0x03,0x41,0x80,0x82,0x84,0x08,0x20,0x04,0x28,0x02,0x00,0x22,0x04,
    0x6b,0x20,0x04,0x72,0x41,0x80,0x81,0x82,0x84,0x78,0x71,0x41,0x80,0x81,0x82,0x84,
    0x78,0x46,0x0d,0x00,0x0b,0x03,0x40,0x20,0x03,0x41,0x01,0x6a,0x22,0x03,0x2d,0x00,
    0x00,0x0d,0x00,0x0b,0x0b,0x02,0x40,0x02,0x40,0x20,0x02,0x28,0x02,0x04,0x20,0x02,
    0x2c,0x00,0x0b,0x22,0x05,0x20,0x05,0x41,0x00,0x48,0x1b,0x22,0x04,0x20,0x03,0x20,
    0x01,0x6b,0x22,0x06,0x6a,0x22,0x03,0x41,0xf7,0xff,0xff,0xff,0x07,0x4f,0x0d,0x00,
    0x20,0x02,0x28,0x02,0x00,0x21,0x07,0x02,0x40,0x02,0x40,0x20,0x03,0x41,0x0a,0x4b,
    0x0d,0x00,0x20,0x00,0x20,0x03,0x3a,0x00,0x0b,0x0c,0x01,0x0b,0x20,0x03,0x41,0xf8,
    0xff,0xff,0xff,0x07,0x71,0x41,0x08,0x6a,0x22,0x08,0x10,0x93,0x82,0x80,0x80,0x00,
    0x22,0x09,0x45,0x0d,0x02,0x20,0x00,0x20,0x03,0x36,0x02,0x04,0x20,0x00,0x20,0x09,
    0x36,0x02,0x00,0x20,0x00,0x20,0x08,0x41,0x80,0x80,0x80,0x80,0x78,0x72,0x36,0x02,
    0x08,0x20,0x09,0x21,0x00,0x0b,0x02,0x40,0x20,0x06,0x45,0x0d,0x00,0x20,0x00,0x20,
    0x01,0x20,0x06,0xfc,0x0a,0x00,0x00,0x0b,0x20,0x00,0x20,0x06,0x6a,0x21,0x03,0x02,
    0x40,0x20,0x04,0x45,0x0d,0x00,0x20,0x03,0x20,0x07,0x20,0x02,0x20,0x05,0x41,0x00,
    0x48,0x1b,0x20,0x04,0xfc,0x0a,0x00,0x00,0x0b,0x20,0x03,0x20,0x04,0x6a,0x41,0x00,
    0x3a,0x00,0x00,0x0f,0x0b,0x10,0xe4,0x80,0x80,0x80,0x00,0x00,0x0b,0x20,0x03,0x41,
    0x00,0x10,0x94,0x82,0x80,0x80,0x00,0x00,0x0b,0xaf,0x01,0x01,0x02,0x7f,0x23,0x80,
    0x80,0x80,0x80,0x00,0x41,0xc0,0x00,0x6b,0x22,0x02,0x24,0x80,0x80,0x80,0x80,0x00,
    0x20,0x02,0x41,0x0c,0x6a,0x41,0xfb,0x8c,0x84,0x80,0x00,0x10,0x8a,0x80,0x80,0x80,
    0x00,0x22,0x03,0x41,0x0c,0x6a,0x41,0xd6,0x89,0x84,0x80,0x00,0x10,0x8e,0x80,0x80,
    0x80,0x00,0x1a,0x20,0x03,0x41,0x14,0x6a,0x41,0x8c,0x8e,0x84,0x80,0x00,0x20,0x01,
    0x10,0xd9,0x80,0x80,0x80,0x00,0x1a,0x20,0x00,0x41,0x04,0x6a,0x20,0x02,0x41,0x34,
    0x6a,0x20,0x03,0x41,0x02,0x10,0x92,0x80,0x80,0x80,0x00,0x22,0x01,0x20,0x00,0x28,
    0x02,0x0c,0x11,0x80,0x80,0x80,0x80,0x00,0x80,0x80,0x80,0x80,0x00,0x20,0x01,0x28,
    0x02,0x04,0x10,0x93,0x80,0x80,0x80,0x00,0x20,0x02,0x41,0x0c,0x6a,0x41,0x14,0x6a,
    0x21,0x00,0x03,0x40,0x20,0x00,0x10,0x94,0x80,0x80,0x80,0x00,0x21,0x01,0x20,0x00,
    0x41,0x6c,0x6a,0x21,0x00,0x20,0x01,0x20,0x03,0x47,0x0d,0x00,0x0b,0x20,0x02,0x41,
    0xc0,0x00,0x6a,0x24,0x80,0x80,0x80,0x80,0x00,0x0b,0xa5,0x11,0x01,0x07,0x7f,0x23,
    0x80,0x80,0x80,0x80,0x00,0x41,0xb0,0x01,0x6b,0x22,0x02,0x24,0x80,0x80,0x80,0x80,
    0x00,0x20,0x02,0x41,0x00,0x36,0x02,0x70,0x20,0x02,0x42,0x00,0x37,0x03,0x68,0x20,
    0x02,0x41,0xe0,0x00,0x6a,0x20,0x01,0x20,0x02,0x41,0xe8,0x00,0x6a,0x10,0xdb,0x80,
    0x80,0x80,0x00,0x02,0x40,0x02,0x40,0x20,0x02,0x28,0x02,0x60,0x22,0x01,0x20,0x01,
    0x28,0x02,0x00,0x28,0x02,0x00,0x11,0x81,0x80,0x80,0x80,0x00,0x80,0x80,0x80,0x80,
    0x00,0x41,0x05,0x46,0x0d,0x00,0x20,0x00,0x20,0x02,0x41,0x04,0x6a,0x41,0xcd,0x83,
    0x84,0x80,0x00,0x10,0x8a,0x80,0x80,0x80,0x00,0x22,0x01,0x10,0x98,0x80,0x80,0x80,
    0x00,0x20,0x01,0x10,0x95,0x80,0x80,0x80,0x00,0x1a,0x0c,0x01,0x0b,0x20,0x02,0x41,
    0xd4,0x00,0x6a,0x20,0x01,0x20,0x02,0x41,0x04,0x6a,0x41,0xfb,0x8c,0x84,0x80,0x00,
    0x10,0x8a,0x80,0x80,0x80,0x00,0x22,0x03,0x10,0xa9,0x80,0x80,0x80,0x00,0x20,0x03,
    0x10,0x95,0x80,0x80,0x80,0x00,0x1a,0x02,0x40,0x02,0x40,0x20,0x02,0x28,0x02,0x58,
    0x20,0x02,0x2c,0x00,0x5f,0x22,0x03,0x20,0x03,0x41,0x00,0x48,0x1b,0x0d,0x00,0x20,
    0x00,0x20,0x02,0x41,0x04,0x6a,0x41,0x81,0x8a,0x84,0x80,0x00,0x10,0x8a,0x80,0x80,
    0x80,0x00,0x22,0x01,0x10,0x98,0x80,0x80,0x80,0x00,0x20,0x01,0x10,0x95,0x80,0x80,
    0x80,0x00,0x1a,0x0c,0x01,0x0b,0x02,0x40,0x02,0x40,0x20,0x02,0x41,0xd4,0x00,0x6a,
    0x41,0x89,0x86,0x84,0x80,0x00,0x10,0xc6,0x80,0x80,0x80,0x00,0x0d,0x00,0x20,0x02,
    0x41,0xd4,0x00,0x6a,0x41,0xc9,0x85,0x84,0x80,0x00,0x10,0xc6,0x80,0x80,0x80,0x00,
    0x45,0x0d,0x01,0x0b,0x20,0x02,0x41,0x98,0x01,0x6a,0x20,0x01,0x20,0x02,0x41,0x04,
    0x6a,0x41,0xf1,0x86,0x84,0x80,0x00,0x10,0x8a,0x80,0x80,0x80,0x00,0x22,0x03,0x10,
    0xa9,0x80,0x80,0x80,0x00,0x20,0x03,0x10,0x95,0x80,0x80,0x80,0x00,0x1a,0x02,0x40,
    0x02,0x40,0x20,0x02,0x28,0x02,0x9c,0x01,0x20,0x02,0x2c,0x00,0xa3,0x01,0x22,0x01,
    0x20,0x01,0x41,0x00,0x48,0x1b,0x0d,0x00,0x20,0x00,0x20,0x02,0x41,0x04,0x6a,0x41,
    0xe7,0x89,0x84,0x80,0x00,0x10,0x8a,0x80,0x80,0x80,0x00,0x22,0x01,0x10,0x98,0x80,
    0x80,0x80,0x00,0x20,0x01,0x10,0x95,0x80,0x80,0x80,0x00,0x1a,0x0c,0x01,0x0b,0x02,
    0x40,0x02,0x40,0x20,0x00,0x2d,0x00,0x31,0x45,0x0d,0x00,0x41,0x01,0x21,0x01,0x0c,
    0x01,0x0b,0x02,0x40,0x20,0x00,0x41,0x38,0x6a,0x41,0xda,0x8d,0x84,0x80,0x00,0x10,
    0xc6,0x80,0x80,0x80,0x00,0x45,0x0d,0x00,0x41,0x00,0x21,0x01,0x0c,0x01,0x0b,0x20,
    0x00,0x2d,0x00,0x32,0x41,0x01,0x73,0x21,0x01,0x0b,0x02,0x40,0x20,0x02,0x41,0xd4,
    0x00,0x6a,0x41,0x89,0x86,0x84,0x80,0x00,0x10,0xc6,0x80,0x80,0x80,0x00,0x45,0x0d,
    0x00,0x20,0x00,0x2d,0x00,0x18,0x41,0x01,0x71,0x0d,0x00,0x20,0x01,0x41,0x01,0x71,
    0x45,0x0d,0x00,0x20,0x00,0x20,0x02,0x41,0x04,0x6a,0x41,0xe1,0x86,0x84,0x80,0x00,
    0x10,0x8a,0x80,0x80,0x80,0x00,0x22,0x01,0x10,0x98,0x80,0x80,0x80,0x00,0x20,0x01,
    0x10,0x95,0x80,0x80,0x80,0x00,0x1a,0x0c,0x01,0x0b,0x20,0x00,0x20,0x02,0x41,0xd4,
    0x00,0x6a,0x41,0xc9,0x85,0x84,0x80,0x00,0x10,0xc6,0x80,0x80,0x80,0x00,0x3a,0x00,
    0x32,0x20,0x02,0x41,0x04,0x6a,0x41,0xfb,0x8c,0x84,0x80,0x00,0x10,0x8a,0x80,0x80,
    0x80,0x00,0x22,0x03,0x41,0x0c,0x6a,0x41,0xac,0x87,0x84,0x80,0x00,0x10,0x8e,0x80,
    0x80,0x80,0x00,0x1a,0x20,0x03,0x41,0x14,0x6a,0x41,0x93,0x8d,0x84,0x80,0x00,0x20,
    0x02,0x41,0xd4,0x00,0x6a,0x10,0xd9,0x80,0x80,0x80,0x00,0x1a,0x20,0x03,0x41,0x28,
    0x6a,0x20,0x02,0x41,0x98,0x01,0x6a,0x10,0xdc,0x80,0x80,0x80,0x00,0x1a,0x20,0x00,
    0x41,0x04,0x6a,0x20,0x02,0x41,0xa4,0x01,0x6a,0x20,0x03,0x41,0x03,0x10,0x92,0x80,
    0x80,0x80,0x00,0x22,0x01,0x20,0x00,0x28,0x02,0x0c,0x11,0x80,0x80,0x80,0x80,0x00,
    0x80,0x80,0x80,0x80,0x00,0x20,0x01,0x28,0x02,0x04,0x10,0x93,0x80,0x80,0x80,0x00,
    0x20,0x02,0x41,0x04,0x6a,0x41,0x28,0x6a,0x21,0x01,0x03,0x40,0x20,0x01,0x10,0x94,
    0x80,0x80,0x80,0x00,0x21,0x00,0x20,0x01,0x41,0x6c,0x6a,0x21,0x01,0x20,0x00,0x20,
    0x03,0x47,0x0d,0x00,0x0b,0x0b,0x20,0x02,0x41,0x98,0x01,0x6a,0x10,0x95,0x80,0x80,
    0x80,0x00,0x1a,0x0c,0x01,0x0b,0x02,0x40,0x02,0x40,0x02,0x40,0x20,0x02,0x41,0xd4,
    0x00,0x6a,0x41,0xd7,0x8c,0x84,0x80,0x00,0x10,0xc6,0x80,0x80,0x80,0x00,0x45,0x0d,
    0x00,0x20,0x01,0x20,0x02,0x41,0x04,0x6a,0x41,0xb2,0x8f,0x84,0x80,0x00,0x10,0x8a,
    0x80,0x80,0x80,0x00,0x22,0x03,0x20,0x01,0x28,0x02,0x00,0x28,0x02,0x2c,0x11,0x82,
    0x80,0x80,0x80,0x00,0x80,0x80,0x80,0x80,0x00,0x28,0x02,0x00,0x22,0x04,0x20,0x04,
    0x28,0x02,0x00,0x28,0x02,0x00,0x11,0x81,0x80,0x80,0x80,0x00,0x80,0x80,0x80,0x80,
    0x00,0x41,0x03,0x47,0x0d,0x01,0x20,0x01,0x20,0x02,0x41,0xa4,0x01,0x6a,0x41,0xcb,
    0x8d,0x84,0x80,0x00,0x10,0x8a,0x80,0x80,0x80,0x00,0x22,0x04,0x20,0x01,0x28,0x02,
    0x00,0x28,0x02,0x2c,0x11,0x82,0x80,0x80,0x80,0x00,0x80,0x80,0x80,0x80,0x00,0x28,
    0x02,0x00,0x22,0x05,0x20,0x05,0x28,0x02,0x00,0x28,0x02,0x00,0x11,0x81,0x80,0x80,
    0x80,0x00,0x80,0x80,0x80,0x80,0x00,0x41,0x01,0x47,0x0d,0x02,0x20,0x01,0x20,0x02,
    0x41,0x98,0x01,0x6a,0x41,0xf1,0x86,0x84,0x80,0x00,0x10,0x8a,0x80,0x80,0x80,0x00,
    0x22,0x05,0x20,0x01,0x28,0x02,0x00,0x28,0x02,0x2c,0x11,0x82,0x80,0x80,0x80,0x00,
    0x80,0x80,0x80,0x80,0x00,0x28,0x02,0x00,0x22,0x06,0x20,0x06,0x28,0x02,0x00,0x28,
    0x02,0x00,0x11,0x81,0x80,0x80,0x80,0x00,0x80,0x80,0x80,0x80,0x00,0x21,0x06,0x20,
    0x05,0x10,0x95,0x80,0x80,0x80,0x00,0x1a,0x20,0x04,0x10,0x95,0x80,0x80,0x80,0x00,
    0x1a,0x20,0x03,0x10,0x95,0x80,0x80,0x80,0x00,0x1a,0x20,0x06,0x41,0x03,0x47,0x0d,
    0x03,0x20,0x02,0x41,0x04,0x6a,0x41,0xbb,0x8c,0x84,0x80,0x00,0x10,0xdd,0x80,0x80,
    0x80,0x00,0x22,0x04,0x41,0x14,0x6a,0x41,0xb2,0x8f,0x84,0x80,0x00,0x20,0x01,0x20,
    0x02,0x41,0x98,0x01,0x6a,0x41,0xb2,0x8f,0x84,0x80,0x00,0x10,0x8a,0x80,0x80,0x80,
    0x00,0x22,0x06,0x20,0x01,0x28,0x02,0x00,0x28,0x02,0x2c,0x11,0x82,0x80,0x80,0x80,
    0x00,0x80,0x80,0x80,0x80,0x00,0x10,0xde,0x80,0x80,0x80,0x00,0x1a,0x20,0x04,0x41,
    0x28,0x6a,0x41,0xcb,0x8d,0x84,0x80,0x00,0x20,0x01,0x20,0x02,0x41,0x8c,0x01,0x6a,
    0x41,0xcb,0x8d,0x84,0x80,0x00,0x10,0x8a,0x80,0x80,0x80,0x00,0x22,0x07,0x20,0x01,
    0x28,0x02,0x00,0x28,0x02,0x2c,0x11,0x82,0x80,0x80,0x80,0x00,0x80,0x80,0x80,0x80,
    0x00,0x10,0xdf,0x80,0x80,0x80,0x00,0x1a,0x20,0x04,0x41,0x3c,0x6a,0x41,0xf1,0x86,
    0x84,0x80,0x00,0x20,0x01,0x20,0x02,0x41,0x80,0x01,0x6a,0x41,0xf1,0x86,0x84,0x80,
    0x00,0x10,0x8a,0x80,0x80,0x80,0x00,0x22,0x08,0x20,0x01,0x28,0x02,0x00,0x28,0x02,
    0x2c,0x11,0x82,0x80,0x80,0x80,0x00,0x80,0x80,0x80,0x80,0x00,0x10,0xde,0x80,0x80,
    0x80,0x00,0x1a,0x20,0x02,0x41,0x04,0x6a,0x41,0x3c,0x6a,0x21,0x01,0x20,0x02,0x41,
    0xa4,0x01,0x6a,0x20,0x04,0x41,0x04,0x10,0x92,0x80,0x80,0x80,0x00,0x21,0x05,0x03,
    0x40,0x20,0x01,0x10,0x94,0x80,0x80,0x80,0x00,0x21,0x03,0x20,0x01,0x41,0x6c,0x6a,
    0x21,0x01,0x20,0x03,0x20,0x04,0x47,0x0d,0x00,0x0b,0x20,0x08,0x10,0x95,0x80,0x80,
    0x80,0x00,0x1a,0x20,0x07,0x10,0x95,0x80,0x80,0x80,0x00,0x1a,0x20,0x06,0x10,0x95,
    0x80,0x80,0x80,0x00,0x1a,0x02,0x40,0x02,0x40,0x20,0x00,0x2d,0x00,0x33,0x41,0x01,
    0x47,0x0d,0x00,0x20,0x00,0x2d,0x00,0x34,0x41,0x01,0x71,0x45,0x0d,0x00,0x20,0x00,
    0x41,0x04,0x6a,0x20,0x05,0x20,0x00,0x28,0x02,0x0c,0x11,0x80,0x80,0x80,0x80,0x00,
    0x80,0x80,0x80,0x80,0x00,0x0c,0x01,0x0b,0x20,0x00,0x41,0xc4,0x00,0x6a,0x20,0x02,
    0x41,0x04,0x6a,0x20,0x05,0x10,0xe0,0x80,0x80,0x80,0x00,0x22,0x01,0x10,0xb5,0x80,
    0x80,0x80,0x00,0x20,0x01,0x10,0xa7,0x80,0x80,0x80,0x00,0x1a,0x0b,0x20,0x05,0x28,
    0x02,0x04,0x10,0x93,0x80,0x80,0x80,0x00,0x0c,0x03,0x0b,0x20,0x02,0x41,0xd4,0x00,
    0x6a,0x41,0x9e,0x8c,0x84,0x80,0x00,0x10,0xc6,0x80,0x80,0x80,0x00,0x45,0x0d,0x02,
    0x20,0x01,0x20,0x02,0x41,0x04,0x6a,0x41,0xb6,0x8f,0x84,0x80,0x00,0x10,0x8a,0x80,
    0x80,0x80,0x00,0x22,0x03,0x20,0x01,0x28,0x02,0x00,0x28,0x02,0x2c,0x11,0x82,0x80,
    0x80,0x80,0x00,0x80,0x80,0x80,0x80,0x00,0x28,0x02,0x00,0x22,0x04,0x20,0x04,0x28,
    0x02,0x00,0x28,0x02,0x18,0x11,0x81,0x80,0x80,0x80,0x00,0x80,0x80,0x80,0x80,0x00,
    0x21,0x04,0x20,0x03,0x10,0x95,0x80,0x80,0x80,0x00,0x1a,0x20,0x02,0x41,0x04,0x6a,
    0x20,0x01,0x20,0x02,0x41,0x98,0x01,0x6a,0x41,0x93,0x8c,0x84,0x80,0x00,0x10,0x8a,
    0x80,0x80,0x80,0x00,0x22,0x03,0x10,0xa9,0x80,0x80,0x80,0x00,0x20,0x02,0x41,0xa4,
    0x01,0x6a,0x20,0x02,0x41,0x04,0x6a,0x10,0xe1,0x80,0x80,0x80,0x00,0x20,0x02,0x41,
    0x04,0x6a,0x10,0x95,0x80,0x80,0x80,0x00,0x1a,0x20,0x03,0x10,0x95,0x80,0x80,0x80,
    0x00,0x1a,0x20,0x02,0x41,0x04,0x6a,0x20,0x01,0x20,0x02,0x41,0x8c,0x01,0x6a,0x41,
    0x83,0x8c,0x84,0x80,0x00,0x10,0x8a,0x80,0x80,0x80,0x00,0x22,0x03,0x10,0xa9,0x80,
    0x80,0x80,0x00,0x20,0x02,0x41,0x98,0x01,0x6a,0x20,0x02,0x41,0x04,0x6a,0x10,0xe1,
    0x80,0x80,0x80,0x00,0x20,0x02,0x41,0x04,0x6a,0x10,0x95,0x80,0x80,0x80,0x00,0x1a,
    0x20,0x03,0x10,0x95,0x80,0x80,0x80,0x00,0x1a,0x41,0xb6,0x8f,0x84,0x80,0x00,0x41,
    0x9f,0x8b,0x84,0x80,0x00,0x20,0x04,0x1b,0x21,0x04,0x20,0x02,0x41,0x98,0x01,0x6a,
    0x21,0x03,0x02,0x40,0x20,0x02,0x41,0x98,0x01,0x6a,0x41,0x9f,0x8b,0x84,0x80,0x00,
    0x10,0xc6,0x80,0x80,0x80,0x00,0x0d,0x00,0x20,0x02,0x41,0x98,0x01,0x6a,0x20,0x02,
    0x41,0xa4,0x01,0x6a,0x20,0x02,0x41,0x98,0x01,0x6a,0x41,0xe7,0x8f,0x84,0x80,0x00,
    0x10,0xc6,0x80,0x80,0x80,0x00,0x1b,0x21,0x03,0x0b,0x20,0x02,0x41,0x8c,0x01,0x6a,
    0x20,0x03,0x10,0xaa,0x80,0x80,0x80,0x00,0x21,0x06,0x20,0x02,0x41,0x04,0x6a,0x41,
    0xeb,0x8b,0x84,0x80,0x00,0x10,0xe2,0x80,0x80,0x80,0x00,0x22,0x05,0x41,0x14,0x6a,
    0x41,0xfb,0x86,0x84,0x80,0x00,0x10,0x8a,0x80,0x80,0x80,0x00,0x1a,0x20,0x05,0x41,
    0x20,0x6a,0x20,0x04,0x10,0x8e,0x80,0x80,0x80,0x00,0x1a,0x20,0x05,0x41,0x28,0x6a,
    0x41,0x81,0x87,0x84,0x80,0x00,0x10,0x8a,0x80,0x80,0x80,0x00,0x1a,0x20,0x05,0x41,
    0x34,0x6a,0x20,0x06,0x10,0xda,0x80,0x80,0x80,0x00,0x1a,0x20,0x00,0x41,0x04,0x6a,
    0x22,0x07,0x20,0x02,0x41,0x80,0x01,0x6a,0x20,0x05,0x41,0x03,0x10,0x92,0x80,0x80,
    0x80,0x00,0x22,0x03,0x20,0x00,0x28,0x02,0x0c,0x11,0x80,0x80,0x80,0x80,0x00,0x80,
    0x80,0x80,0x80,0x00,0x20,0x03,0x28,0x02,0x04,0x10,0x93,0x80,0x80,0x80,0x00,0x20,
    0x02,0x41,0x04,0x6a,0x41,0x28,0x6a,0x21,0x03,0x03,0x40,0x20,0x03,0x10,0x94,0x80,
    0x80,0x80,0x00,0x21,0x04,0x20,0x03,0x41,0x6c,0x6a,0x21,0x03,0x20,0x04,0x20,0x05,
    0x47,0x0d,0x00,0x0b,0x20,0x02,0x41,0x04,0x6a,0x41,0xe8,0x80,0x84,0x80,0x00,0x10,
    0xe2,0x80,0x80,0x80,0x00,0x21,0x03,0x20,0x01,0x20,0x02,0x41,0xf4,0x00,0x6a,0x41,
    0xa8,0x80,0x84,0x80,0x00,0x10,0x8a,0x80,0x80,0x80,0x00,0x22,0x04,0x20,0x01,0x28,
    0x02,0x00,0x28,0x02,0x2c,0x11,0x82,0x80,0x80,0x80,0x00,0x80,0x80,0x80,0x80,0x00,
    0x28,0x02,0x00,0x22,0x01,0x20,0x01,0x28,0x02,0x00,0x28,0x02,0x18,0x11,0x81,0x80,
    0x80,0x80,0x00,0x80,0x80,0x80,0x80,0x00,0x21,0x01,0x20,0x03,0x41,0x14,0x6a,0x41,
    0xfc,0x80,0x84,0x80,0x00,0x10,0x8a,0x80,0x80,0x80,0x00,0x1a,0x20,0x03,0x41,0x20,
    0x6a,0x20,0x01,0x10,0xe3,0x80,0x80,0x80,0x00,0x1a,0x20,0x07,0x20,0x02,0x41,0x80,
    0x01,0x6a,0x20,0x03,0x41,0x02,0x10,0x92,0x80,0x80,0x80,0x00,0x22,0x01,0x20,0x00,
    0x28,0x02,0x0c,0x11,0x80,0x80,0x80,0x80,0x00,0x80,0x80,0x80,0x80,0x00,0x20,0x01,
    0x28,0x02,0x04,0x10,0x93,0x80,0x80,0x80,0x00,0x20,0x02,0x41,0x04,0x6a,0x41,0x14,
    0x6a,0x21,0x01,0x03,0x40,0x20,0x01,0x10,0x94,0x80,0x80,0x80,0x00,0x21,0x00,0x20,
    0x01,0x41,0x6c,0x6a,0x21,0x01,0x20,0x00,0x20,0x03,0x47,0x0d,0x00,0x0b,0x20,0x04,
    0x10,0x95,0x80,0x80,0x80,0x00,0x1a,0x20,0x06,0x10,0x95,0x80,0x80,0x80,0x00,0x1a,
    0x20,0x02,0x41,0x98,0x01,0x6a,0x10,0x95,0x80,0x80,0x80,0x00,0x1a,0x20,0x02,0x41,
    0xa4,0x01,0x6a,0x10,0x95,0x80,0x80,0x80,0x00,0x1a,0x0c,0x02,0x0b,0x20,0x03,0x10,
    0x95,0x80,0x80,0x80,0x00,0x1a,0x0c,0x01,0x0b,0x20,0x04,0x10,0x95,0x80,0x80,0x80,
    0x00,0x1a,0x20,0x03,0x10,0x95,0x80,0x80,0x80,0x00,0x1a,0x0b,0x20,0x02,0x41,0xd4,
    0x00,0x6a,0x10,0x95,0x80,0x80,0x80,0x00,0x1a,0x0b,0x20,0x02,0x41,0xe0,0x00,0x6a,
    0x10,0xa7,0x80,0x80,0x80,0x00,0x1a,0x20,0x02,0x41,0xe8,0x00,0x6a,0x10,0x95,0x80,
    0x80,0x80,0x00,0x1a,0x20,0x02,0x41,0xb0,0x01,0x6a,0x24,0x80,0x80,0x80,0x80,0x00,
    0x0b,0x0f,0x00,0x20,0x00,0x28,0x02,0x00,0x20,0x01,0x10,0x98,0x80,0x80,0x80,0x00,
    0x0b,0x0a,0x00,0x20,0x00,0x28,0x02,0x00,0x29,0x03,0x28,0x0b,0x28,0x01,0x01,0x7f,
    0x20,0x00,0x28,0x02,0x00,0x21,0x02,0x20,0x00,0x20,0x01,0x36,0x02,0x00,0x02,0x40,
    0x20,0x02,0x45,0x0d,0x00,0x20,0x02,0x10,0x9d,0x80,0x80,0x80,0x00,0x10,0x9e,0x80,
    0x80,0x80,0x00,0x0b,0x0b,0x8e,0x01,0x01,0x01,0x7f,0x02,0x40,0x20,0x00,0x28,0x02,
    0x3c,0x28,0x02,0x04,0x22,0x01,0x45,0x0d,0x00,0x20,0x00,0x28,0x02,0x30,0x20,0x01,
    0x11,0x83,0x80,0x80,0x80,0x00,0x80,0x80,0x80,0x80,0x00,0x0b,0x02,0x40,0x20,0x00,
    0x28,0x02,0x2c,0x28,0x02,0x04,0x22,0x01,0x45,0x0d,0x00,0x20,0x00,0x28,0x02,0x20,
    0x20,0x01,0x11,0x83,0x80,0x80,0x80,0x00,0x80,0x80,0x80,0x80,0x00,0x0b,0x02,0x40,
    0x20,0x00,0x28,0x02,0x1c,0x28,0x02,0x04,0x22,0x01,0x45,0x0d,0x00,0x20,0x00,0x28,
    0x02,0x10,0x20,0x01,0x11,0x83,0x80,0x80,0x80,0x00,0x80,0x80,0x80,0x80,0x00,0x0b,
    0x02,0x40,0x20,0x00,0x28,0x02,0x0c,0x28,0x02,0x04,0x22,0x01,0x45,0x0d,0x00,0x20,
    0x00,0x28,0x02,0x00,0x20,0x01,0x11,0x83,0x80,0x80,0x80,0x00,0x80,0x80,0x80,0x80,
    0x00,0x0b,0x20,0x00,0x0b,0x0a,0x00,0x20,0x00,0x10,0x9b,0x81,0x80,0x80,0x00,0x0b,
    0x0e,0x00,0x20,0x00,0x41,0x00,0x10,0x9c,0x80,0x80,0x80,0x00,0x20,0x00,0x0b,0x20,
    0x00,0x20,0x00,0x41,0xfb,0x8c,0x84,0x80,0x00,0x10,0x8a,0x80,0x80,0x80,0x00,0x22,
    0x00,0x41,0x0c,0x6a,0x20,0x01,0x10,0x8e,0x80,0x80,0x80,0x00,0x1a,0x20,0x00,0x0b,
    0x63,0x01,0x01,0x7f,0x41,0x24,0x10,0xd1,0x80,0x80,0x80,0x00,0x21,0x03,0x20,0x00,
    0x20,0x01,0x36,0x02,0x04,0x20,0x00,0x20,0x03,0x36,0x02,0x00,0x20,0x03,0x41,0x00,
    0x36,0x02,0x00,0x20,0x03,0x41,0x10,0x6a,0x20,0x02,0x10,0xaa,0x80,0x80,0x80,0x00,
    0x1a,0x20,0x03,0x20,0x02,0x28,0x02,0x0c,0x36,0x02,0x1c,0x20,0x03,0x20,0x02,0x28,
    0x02,0x10,0x22,0x02,0x36,0x02,0x20,0x02,0x40,0x20,0x02,0x45,0x0d,0x00,0x20,0x02,
    0x20,0x02,0x28,0x02,0x04,0x41,0x01,0x6a,0x36,0x02,0x04,0x0b,0x20,0x00,0x41,0x01,
    0x3a,0x00,0x08,0x0b,0xc8,0x02,0x01,0x02,0x7f,0x20,0x03,0x42,0x00,0x37,0x02,0x00,
    0x20,0x02,0x20,0x03,0x36,0x02,0x00,0x20,0x03,0x20,0x01,0x36,0x02,0x08,0x02,0x40,
    0x20,0x00,0x28,0x02,0x00,0x28,0x02,0x00,0x22,0x02,0x45,0x0d,0x00,0x20,0x00,0x20,
    0x02,0x36,0x02,0x00,0x0b,0x20,0x03,0x20,0x03,0x20,0x00,0x28,0x02,0x04,0x22,0x04,
    0x46,0x3a,0x00,0x0c,0x02,0x40,0x03,0x40,0x20,0x03,0x20,0x04,0x46,0x0d,0x01,0x20,
    0x03,0x28,0x02,0x08,0x22,0x01,0x2d,0x00,0x0c,0x0d,0x01,0x02,0x40,0x20,0x01,0x20,
    0x01,0x28,0x02,0x08,0x22,0x02,0x28,0x02,0x00,0x22,0x05,0x47,0x0d,0x00,0x02,0x40,
    0x20,0x02,0x28,0x02,0x04,0x22,0x05,0x45,0x0d,0x00,0x20,0x05,0x2d,0x00,0x0c,0x0d,
    0x00,0x20,0x01,0x41,0x01,0x3a,0x00,0x0c,0x20,0x02,0x20,0x02,0x20,0x04,0x46,0x3a,
    0x00,0x0c,0x20,0x05,0x41,0x01,0x3a,0x00,0x0c,0x20,0x02,0x21,0x03,0x0c,0x02,0x0b,
    0x02,0x40,0x20,0x03,0x20,0x01,0x28,0x02,0x00,0x46,0x0d,0x00,0x20,0x01,0x10,0xd4,
    0x80,0x80,0x80,0x00,0x20,0x01,0x28,0x02,0x08,0x22,0x01,0x28,0x02,0x08,0x21,0x02,
    0x0b,0x20,0x01,0x41,0x01,0x3a,0x00,0x0c,0x20,0x02,0x41,0x00,0x3a,0x00,0x0c,0x20,
    0x02,0x10,0xd5,0x80,0x80,0x80,0x00,0x0c,0x02,0x0b,0x02,0x40,0x20,0x05,0x45,0x0d,
    0x00,0x20,0x05,0x2d,0x00,0x0c,0x0d,0x00,0x20,0x01,0x41,0x01,0x3a,0x00,0x0c,0x20,
    0x02,0x20,0x02,0x20,0x04,0x46,0x3a,0x00,0x0c,0x20,0x05,0x41,0x01,0x3a,0x00,0x0c,
    0x20,0x02,0x21,0x03,0x0c,0x01,0x0b,0x0b,0x02,0x40,0x20,0x03,0x20,0x01,0x28,0x02,
    0x00,0x47,0x0d,0x00,0x20,0x01,0x10,0xd5,0x80,0x80,0x80,0x00,0x20,0x01,0x28,0x02,
    0x08,0x22,0x01,0x28,0x02,0x08,0x21,0x02,0x0b,0x20,0x01,0x41,0x01,0x3a,0x00,0x0c,
    0x20,0x02,0x41,0x00,0x3a,0x00,0x0c,0x20,0x02,0x10,0xd4,0x80,0x80,0x80,0x00,0x0b,
    0x20,0x00,0x20,0x00,0x28,0x02,0x08,0x41,0x01,0x6a,0x36,0x02,0x08,0x0b,0x3d,0x01,
    0x01,0x7f,0x20,0x00,0x28,0x02,0x00,0x21,0x01,0x20,0x00,0x41,0x00,0x36,0x02,0x00,
    0x02,0x40,0x20,0x01,0x45,0x0d,0x00,0x02,0x40,0x20,0x00,0x2d,0x00,0x08,0x41,0x01,
    0x47,0x0d,0x00,0x20,0x01,0x41,0x10,0x6a,0x10,0x94,0x80,0x80,0x80,0x00,0x1a,0x0b,
    0x20,0x01,0x10,0x9e,0x80,0x80,0x80,0x00,0x0b,0x20,0x00,0x0b,0x5d,0x01,0x04,0x7f,
    0x20,0x00,0x28,0x02,0x00,0x20,0x00,0x20,0x00,0x2c,0x00,0x0b,0x22,0x02,0x41,0x00,
    0x48,0x22,0x03,0x1b,0x20,0x01,0x28,0x02,0x00,0x20,0x01,0x20,0x01,0x2c,0x00,0x0b,
    0x22,0x04,0x41,0x00,0x48,0x22,0x05,0x1b,0x20,0x01,0x28,0x02,0x04,0x20,0x04,0x20,
    0x05,0x1b,0x22,0x01,0x20,0x00,0x28,0x02,0x04,0x20,0x02,0x20,0x03,0x1b,0x22,0x00,
    0x20,0x01,0x20,0x00,0x49,0x1b,0x10,0xd6,0x80,0x80,0x80,0x00,0x22,0x02,0x41,0x00,
    0x48,0x20,0x00,0x20,0x01,0x49,0x20,0x02,0x1b,0x0b,0x6e,0x01,0x02,0x7f,0x20,0x01,
    0x41,0x04,0x6a,0x21,0x03,0x02,0x40,0x02,0x40,0x20,0x01,0x28,0x02,0x04,0x22,0x04,
    0x0d,0x00,0x20,0x03,0x21,0x01,0x0c,0x01,0x0b,0x03,0x40,0x02,0x40,0x20,0x02,0x20,
    0x04,0x22,0x01,0x41,0x10,0x6a,0x10,0xd7,0x80,0x80,0x80,0x00,0x22,0x04,0x41,0x7f,
    0x4a,0x0d,0x00,0x20,0x01,0x21,0x03,0x20,0x01,0x28,0x02,0x00,0x22,0x04,0x0d,0x01,
    0x0c,0x02,0x0b,0x20,0x04,0x45,0x0d,0x01,0x20,0x01,0x41,0x04,0x6a,0x21,0x03,0x20,
    0x01,0x28,0x02,0x04,0x22,0x04,0x0d,0x00,0x0b,0x0b,0x20,0x00,0x20,0x03,0x36,0x02,
    0x04,0x20,0x00,0x20,0x01,0x36,0x02,0x00,0x0b,0x0f,0x00,0x20,0x00,0x28,0x02,0x04,
    0x10,0x93,0x80,0x80,0x80,0x00,0x20,0x00,0x0b,0x1b,0x01,0x01,0x7f,0x02,0x40,0x20,
    0x00,0x28,0x02,0x04,0x22,0x01,0x45,0x0d,0x00,0x20,0x01,0x10,0xba,0x80,0x80,0x80,
    0x00,0x0b,0x20,0x00,0x0b,0x20,0x00,0x20,0x00,0x41,0xfb,0x8c,0x84,0x80,0x00,0x10,
    0x8a,0x80,0x80,0x80,0x00,0x22,0x00,0x41,0x0c,0x6a,0x20,0x01,0x10,0x8e,0x80,0x80,
    0x80,0x00,0x1a,0x20,0x00,0x0b,0x6d,0x00,0x02,0x40,0x20,0x01,0x20,0x02,0x20,0x01,
    0x28,0x02,0x00,0x28,0x02,0x2c,0x11,0x82,0x80,0x80,0x80,0x00,0x80,0x80,0x80,0x80,
    0x00,0x22,0x02,0x28,0x02,0x00,0x22,0x01,0x20,0x01,0x28,0x02,0x00,0x28,0x02,0x00,
    0x11,0x81,0x80,0x80,0x80,0x00,0x80,0x80,0x80,0x80,0x00,0x41,0x03,0x47,0x0d,0x00,
    0x20,0x00,0x20,0x02,0x28,0x02,0x00,0x22,0x01,0x20,0x01,0x28,0x02,0x00,0x28,0x02,
    0x1c,0x11,0x81,0x80,0x80,0x80,0x00,0x80,0x80,0x80,0x80,0x00,0x10,0xaa,0x80,0x80,
    0x80,0x00,0x1a,0x0f,0x0b,0x20,0x00,0x41,0x00,0x36,0x02,0x08,0x20,0x00,0x42,0x00,
    0x37,0x02,0x00,0x0b,0x3a,0x00,0x02,0x40,0x20,0x01,0x2c,0x00,0x0b,0x41,0x00,0x48,
    0x0d,0x00,0x20,0x00,0x20,0x01,0x28,0x02,0x08,0x36,0x02,0x08,0x20,0x00,0x20,0x01,
    0x29,0x02,0x00,0x37,0x02,0x00,0x20,0x00,0x0f,0x0b,0x20,0x00,0x20,0x01,0x28,0x02,
    0x00,0x20,0x01,0x28,0x02,0x04,0x10,0xab,0x80,0x80,0x80,0x00,0x20,0x00,0x0b,0x8e,
    0x01,0x01,0x02,0x7f,0x02,0x40,0x02,0x40,0x20,0x02,0x41,0xf7,0xff,0xff,0xff,0x07,
    0x4f,0x0d,0x00,0x02,0x40,0x02,0x40,0x20,0x02,0x41,0x0a,0x4b,0x0d,0x00,0x20,0x00,
    0x20,0x02,0x3a,0x00,0x0b,0x0c,0x01,0x0b,0x20,0x02,0x41,0xf8,0xff,0xff,0xff,0x07,
    0x71,0x41,0x08,0x6a,0x22,0x03,0x10,0x93,0x82,0x80,0x80,0x00,0x22,0x04,0x45,0x0d,
    0x02,0x20,0x00,0x20,0x02,0x36,0x02,0x04,0x20,0x00,0x20,0x04,0x36,0x02,0x00,0x20,
    0x00,0x20,0x03,0x41,0x80,0x80,0x80,0x80,0x78,0x72,0x36,0x02,0x08,0x20,0x04,0x21,
    0x00,0x0b,0x02,0x40,0x20,0x02,0x41,0x01,0x6a,0x22,0x02,0x45,0x0d,0x00,0x20,0x00,
    0x20,0x01,0x20,0x02,0xfc,0x0a,0x00,0x00,0x0b,0x0f,0x0b,0x10,0xe4,0x80,0x80,0x80,
    0x00,0x00,0x0b,0x20,0x02,0x41,0x00,0x10,0x94,0x82,0x80,0x80,0x00,0x00,0x0b,0x2e,
    0x00,0x20,0x00,0x20,0x01,0x20,0x02,0x10,0xad,0x80,0x80,0x80,0x00,0x22,0x02,0x28,
    0x02,0x08,0x36,0x02,0x08,0x20,0x00,0x20,0x02,0x29,0x02,0x00,0x37,0x02,0x00,0x20,
    0x02,0x42,0x00,0x37,0x02,0x00,0x20,0x02,0x41,0x00,0x36,0x02,0x08,0x0b,0xf4,0x02,
    0x01,0x05,0x7f,0x20,0x01,0x21,0x02,0x02,0x40,0x02,0x40,0x20,0x01,0x41,0x03,0x71,
    0x45,0x0d,0x00,0x02,0x40,0x20,0x01,0x2d,0x00,0x00,0x0d,0x00,0x20,0x01,0x21,0x02,
    0x0c,0x02,0x0b,0x20,0x01,0x41,0x01,0x6a,0x22,0x02,0x41,0x03,0x71,0x45,0x0d,0x00,
    0x20,0x02,0x2d,0x00,0x00,0x45,0x0d,0x01,0x20,0x01,0x41,0x02,0x6a,0x22,0x02,0x41,
    0x03,0x71,0x45,0x0d,0x00,0x20,0x02,0x2d,0x00,0x00,0x45,0x0d,0x01,0x20,0x01,0x41,
    0x03,0x6a,0x22,0x02,0x41,0x03,0x71,0x45,0x0d,0x00,0x20,0x02,0x2d,0x00,0x00,0x45,
    0x0d,0x01,0x20,0x01,0x41,0x04,0x6a,0x22,0x02,0x41,0x03,0x71,0x0d,0x01,0x0b,0x20,
    0x02,0x41,0x7b,0x6a,0x21,0x02,0x03,0x40,0x20,0x02,0x41,0x05,0x6a,0x21,0x03,0x20,
    0x02,0x41,0x04,0x6a,0x21,0x02,0x41,0x80,0x82,0x84,0x08,0x20,0x03,0x28,0x02,0x00,
    0x22,0x03,0x6b,0x20,0x03,0x72,0x41,0x80,0x81,0x82,0x84,0x78,0x71,0x41,0x80,0x81,
    0x82,0x84,0x78,0x46,0x0d,0x00,0x0b,0x03,0x40,0x20,0x02,0x41,0x01,0x6a,0x22,0x02,
    0x2d,0x00,0x00,0x0d,0x00,0x0b,0x0b,0x02,0x40,0x20,0x00,0x28,0x02,0x08,0x41,0xff,
    0xff,0xff,0xff,0x07,0x71,0x41,0x7f,0x6a,0x41,0x0a,0x20,0x00,0x2c,0x00,0x0b,0x22,
    0x04,0x41,0x00,0x48,0x22,0x03,0x1b,0x22,0x05,0x20,0x00,0x28,0x02,0x04,0x20,0x04,
    0x20,0x03,0x1b,0x22,0x03,0x6b,0x20,0x02,0x20,0x01,0x6b,0x22,0x06,0x4f,0x0d,0x00,
    0x20,0x00,0x20,0x05,0x20,0x03,0x20,0x06,0x6a,0x20,0x05,0x6b,0x20,0x03,0x20,0x03,
    0x20,0x06,0x20,0x01,0x10,0x95,0x82,0x80,0x80,0x00,0x20,0x00,0x0f,0x0b,0x02,0x40,
    0x20,0x02,0x20,0x01,0x46,0x0d,0x00,0x20,0x00,0x28,0x02,0x00,0x20,0x00,0x20,0x04,
    0x41,0x00,0x48,0x1b,0x21,0x04,0x02,0x40,0x20,0x06,0x45,0x0d,0x00,0x20,0x04,0x20,
    0x03,0x6a,0x20,0x01,0x20,0x06,0xfc,0x0a,0x00,0x00,0x0b,0x20,0x03,0x20,0x06,0x6a,
    0x21,0x02,0x02,0x40,0x02,0x40,0x20,0x00,0x2c,0x00,0x0b,0x41,0x7f,0x4a,0x0d,0x00,
    0x20,0x00,0x20,0x02,0x36,0x02,0x04,0x0c,0x01,0x0b,0x20,0x00,0x20,0x02,0x41,0xff,
    0x00,0x71,0x3a,0x00,0x0b,0x0b,0x20,0x04,0x20,0x02,0x6a,0x41,0x00,0x3a,0x00,0x00,
    0x0b,0x20,0x00,0x0b,0x2e,0x00,0x20,0x00,0x20,0x01,0x20,0x02,0x10,0xaf,0x80,0x80,
    0x80,0x00,0x22,0x02,0x28,0x02,0x08,0x36,0x02,0x08,0x20,0x00,0x20,0x02,0x29,0x02,
    0x00,0x37,0x02,0x00,0x20,0x02,0x42,0x00,0x37,0x02,0x00,0x20,0x02,0x41,0x00,0x36,
    0x02,0x08,0x0b,0x2a,0x01,0x02,0x7f,0x20,0x00,0x20,0x01,0x28,0x02,0x00,0x20,0x01,
    0x20,0x01,0x2c,0x00,0x0b,0x22,0x02,0x41,0x00,0x48,0x22,0x03,0x1b,0x20,0x01,0x28,
    0x02,0x04,0x20,0x02,0x20,0x03,0x1b,0x10,0xd3,0x80,0x80,0x80,0x00,0x0b,0x90,0x01,
    0x01,0x02,0x7f,0x20,0x00,0x41,0x00,0x36,0x02,0x08,0x20,0x00,0x42,0x00,0x37,0x02,
    0x00,0x20,0x00,0x20,0x02,0x10,0xb1,0x80,0x80,0x80,0x00,0x22,0x03,0x36,0x02,0x04,
    0x20,0x00,0x20,0x03,0x36,0x02,0x00,0x20,0x00,0x20,0x03,0x20,0x02,0x41,0x03,0x74,
    0x22,0x04,0x6a,0x36,0x02,0x08,0x02,0x40,0x03,0x40,0x20,0x04,0x45,0x0d,0x01,0x20,
    0x03,0x20,0x01,0x28,0x02,0x00,0x36,0x02,0x00,0x20,0x03,0x41,0x04,0x6a,0x20,0x01,
    0x28,0x02,0x04,0x22,0x02,0x36,0x02,0x00,0x02,0x40,0x20,0x02,0x45,0x0d,0x00,0x20,
    0x02,0x20,0x02,0x28,0x02,0x04,0x41,0x01,0x6a,0x36,0x02,0x04,0x0b,0x20,0x04,0x41,
    0x78,0x6a,0x21,0x04,0x20,0x03,0x41,0x08,0x6a,0x21,0x03,0x20,0x01,0x41,0x08,0x6a,
    0x21,0x01,0x0c,0x00,0x0b,0x0b,0x20,0x00,0x20,0x03,0x36,0x02,0x04,0x20,0x00,0x0b,
    0x22,0x00,0x02,0x40,0x20,0x00,0x41,0x80,0x80,0x80,0x80,0x02,0x49,0x0d,0x00,0x10,
    0xd0,0x80,0x80,0x80,0x00,0x00,0x0b,0x20,0x00,0x41,0x03,0x74,0x10,0xd1,0x80,0x80,
    0x80,0x00,0x0b,0x20,0x00,0x20,0x00,0x41,0xeb,0x84,0x84,0x80,0x00,0x10,0x8a,0x80,
    0x80,0x80,0x00,0x22,0x00,0x41,0x0c,0x6a,0x20,0x01,0x10,0xb3,0x80,0x80,0x80,0x00,
    0x1a,0x20,0x00,0x0b,0x68,0x02,0x02,0x7f,0x01,0x7e,0x41,0x1c,0x10,0xd1,0x80,0x80,
    0x80,0x00,0x22,0x02,0x41,0xe8,0x9e,0x84,0x80,0x00,0x36,0x02,0x00,0x20,0x02,0x42,
    0x00,0x37,0x02,0x04,0x20,0x02,0x41,0xdc,0x98,0x84,0x80,0x00,0x36,0x02,0x0c,0x20,
    0x00,0x20,0x02,0x36,0x02,0x04,0x20,0x01,0x28,0x02,0x00,0x21,0x03,0x20,0x01,0x41,
    0x00,0x36,0x02,0x00,0x20,0x02,0x20,0x03,0x36,0x02,0x10,0x20,0x01,0x29,0x02,0x04,
    0x21,0x04,0x20,0x01,0x42,0x00,0x37,0x02,0x04,0x20,0x02,0x20,0x04,0x37,0x02,0x14,
    0x20,0x00,0x20,0x02,0x41,0x0c,0x6a,0x36,0x02,0x00,0x20,0x00,0x0b,0x1c,0x00,0x20,
    0x00,0x20,0x01,0x10,0x8a,0x80,0x80,0x80,0x00,0x22,0x01,0x41,0x0c,0x6a,0x20,0x02,
    0x10,0x91,0x80,0x80,0x80,0x00,0x1a,0x20,0x01,0x0b,0xc2,0x01,0x01,0x04,0x7f,0x23,
    0x80,0x80,0x80,0x80,0x00,0x41,0x10,0x6b,0x22,0x02,0x24,0x80,0x80,0x80,0x80,0x00,
    0x02,0x40,0x02,0x40,0x20,0x00,0x28,0x02,0x04,0x22,0x03,0x20,0x00,0x28,0x02,0x08,
    0x22,0x04,0x4f,0x0d,0x00,0x20,0x03,0x20,0x01,0x29,0x02,0x00,0x37,0x02,0x00,0x20,
    0x01,0x42,0x00,0x37,0x02,0x00,0x20,0x03,0x41,0x08,0x6a,0x21,0x01,0x0c,0x01,0x0b,
    0x20,0x02,0x20,0x00,0x28,0x02,0x00,0x22,0x05,0x20,0x04,0x20,0x03,0x20,0x05,0x6b,
    0x41,0x03,0x75,0x41,0x01,0x6a,0x10,0xb6,0x80,0x80,0x80,0x00,0x20,0x00,0x28,0x02,
    0x04,0x20,0x00,0x28,0x02,0x00,0x6b,0x41,0x03,0x75,0x10,0xb7,0x80,0x80,0x80,0x00,
    0x22,0x03,0x28,0x02,0x08,0x22,0x04,0x20,0x01,0x29,0x02,0x00,0x37,0x02,0x00,0x20,
    0x01,0x42,0x00,0x37,0x02,0x00,0x20,0x03,0x20,0x04,0x41,0x08,0x6a,0x36,0x02,0x08,
    0x20,0x00,0x20,0x03,0x10,0xb8,0x80,0x80,0x80,0x00,0x20,0x00,0x28,0x02,0x04,0x21,
    0x01,0x20,0x03,0x10,0xb9,0x80,0x80,0x80,0x00,0x1a,0x0b,0x20,0x00,0x20,0x01,0x36,
    0x02,0x04,0x20,0x02,0x41,0x10,0x6a,0x24,0x80,0x80,0x80,0x80,0x00,0x0b,0x3b,0x00,
    0x02,0x40,0x20,0x02,0x41,0x80,0x80,0x80,0x80,0x02,0x49,0x0d,0x00,0x10,0xcf,0x80,
    0x80,0x80,0x00,0x00,0x0b,0x20,0x01,0x20,0x00,0x6b,0x22,0x01,0x41,0x02,0x75,0x22,
    0x00,0x20,0x02,0x20,0x00,0x20,0x02,0x4b,0x1b,0x41,0xff,0xff,0xff,0xff,0x01,0x20,
    0x01,0x41,0xf8,0xff,0xff,0xff,0x07,0x49,0x1b,0x0b,0x56,0x01,0x01,0x7f,0x20,0x00,
    0x42,0x00,0x37,0x02,0x08,0x20,0x00,0x42,0x00,0x37,0x02,0x00,0x02,0x40,0x02,0x40,
    0x20,0x01,0x0d,0x00,0x41,0x00,0x21,0x03,0x0c,0x01,0x0b,0x20,0x00,0x20,0x01,0x10,
    0xb1,0x80,0x80,0x80,0x00,0x22,0x03,0x36,0x02,0x00,0x0b,0x20,0x00,0x20,0x03,0x20,
    0x01,0x41,0x03,0x74,0x6a,0x36,0x02,0x0c,0x20,0x00,0x20,0x03,0x20,0x02,0x41,0x03,
    0x74,0x6a,0x22,0x01,0x36,0x02,0x08,0x20,0x00,0x20,0x01,0x36,0x02,0x04,0x20,0x00,
    0x0b,0xaa,0x01,0x01,0x05,0x7f,0x20,0x01,0x28,0x02,0x04,0x20,0x00,0x28,0x02,0x00,
    0x22,0x02,0x20,0x00,0x28,0x02,0x04,0x22,0x03,0x6b,0x6a,0x22,0x04,0x21,0x05,0x20,
    0x02,0x21,0x06,0x03,0x40,0x02,0x40,0x20,0x06,0x20,0x03,0x47,0x0d,0x00,0x02,0x40,
    0x03,0x40,0x20,0x02,0x20,0x03,0x46,0x0d,0x01,0x20,0x02,0x10,0xa7,0x80,0x80,0x80,
    0x00,0x1a,0x20,0x02,0x41,0x08,0x6a,0x21,0x02,0x0c,0x00,0x0b,0x0b,0x20,0x00,0x28,
    0x02,0x08,0x21,0x02,0x20,0x00,0x20,0x01,0x29,0x02,0x08,0x37,0x02,0x04,0x20,0x00,
    0x28,0x02,0x00,0x21,0x06,0x20,0x00,0x20,0x04,0x36,0x02,0x00,0x20,0x01,0x20,0x02,
    0x36,0x02,0x0c,0x20,0x01,0x20,0x06,0x36,0x02,0x08,0x20,0x01,0x20,0x06,0x36,0x02,
    0x04,0x20,0x01,0x20,0x06,0x36,0x02,0x00,0x0f,0x0b,0x20,0x05,0x20,0x06,0x29,0x02,
    0x00,0x37,0x02,0x00,0x20,0x06,0x42,0x00,0x37,0x02,0x00,0x20,0x05,0x41,0x08,0x6a,
    0x21,0x05,0x20,0x06,0x41,0x08,0x6a,0x21,0x06,0x0c,0x00,0x0b,0x0b,0x4d,0x01,0x02,
    0x7f,0x20,0x00,0x28,0x02,0x08,0x21,0x01,0x20,0x00,0x28,0x02,0x04,0x21,0x02,0x02,
    0x40,0x03,0x40,0x20,0x01,0x20,0x02,0x46,0x0d,0x01,0x20,0x01,0x41,0x78,0x6a,0x22,
    0x01,0x10,0xa7,0x80,0x80,0x80,0x00,0x1a,0x0c,0x00,0x0b,0x0b,0x20,0x00,0x20,0x01,
    0x36,0x02,0x08,0x02,0x40,0x20,0x00,0x28,0x02,0x00,0x22,0x01,0x45,0x0d,0x00,0x20,
    0x01,0x10,0x9e,0x80,0x80,0x80,0x00,0x0b,0x20,0x00,0x0b,0x37,0x01,0x01,0x7f,0x20,
    0x00,0x20,0x00,0x28,0x02,0x04,0x22,0x01,0x41,0x7f,0x6a,0x36,0x02,0x04,0x02,0x40,
    0x20,0x01,0x0d,0x00,0x20,0x00,0x20,0x00,0x28,0x02,0x00,0x28,0x02,0x08,0x11,0x83,
    0x80,0x80,0x80,0x00,0x80,0x80,0x80,0x80,0x00,0x20,0x00,0x10,0xce,0x80,0x80,0x80,
    0x00,0x0b,0x0b,0x22,0x00,0x02,0x40,0x20,0x00,0x28,0x02,0x00,0x45,0x0d,0x00,0x20,
    0x00,0x10,0xbc,0x80,0x80,0x80,0x00,0x20,0x00,0x28,0x02,0x00,0x10,0x9e,0x80,0x80,
    0x80,0x00,0x0b,0x20,0x00,0x0b,0x36,0x01,0x02,0x7f,0x20,0x00,0x28,0x02,0x04,0x21,
    0x01,0x20,0x00,0x28,0x02,0x00,0x21,0x02,0x02,0x40,0x03,0x40,0x20,0x01,0x20,0x02,
    0x46,0x0d,0x01,0x20,0x01,0x41,0x78,0x6a,0x22,0x01,0x10,0xa7,0x80,0x80,0x80,0x00,
    0x1a,0x0c,0x00,0x0b,0x0b,0x20,0x00,0x20,0x02,0x36,0x02,0x04,0x0b,0x20,0x00,0x20,
    0x00,0x20,0x01,0x10,0x8a,0x80,0x80,0x80,0x00,0x22,0x01,0x41,0x0c,0x6a,0x41,0xbd,
    0x97,0x84,0x80,0x00,0x10,0x8e,0x80,0x80,0x80,0x00,0x1a,0x20,0x01,0x0b,0x24,0x00,
    0x20,0x00,0x41,0xfb,0x8c,0x84,0x80,0x00,0x10,0x8a,0x80,0x80,0x80,0x00,0x22,0x00,
    0x41,0x0c,0x6a,0x41,0xd0,0x85,0x84,0x80,0x00,0x10,0x8e,0x80,0x80,0x80,0x00,0x1a,
    0x20,0x00,0x0b,0x20,0x00,0x20,0x00,0x41,0xb3,0x8f,0x84,0x80,0x00,0x10,0x8a,0x80,
    0x80,0x80,0x00,0x22,0x00,0x41,0x0c,0x6a,0x20,0x01,0x10,0x8e,0x80,0x80,0x80,0x00,
    0x1a,0x20,0x00,0x0b,0x20,0x00,0x20,0x00,0x41,0x9d,0x8f,0x84,0x80,0x00,0x10,0x8a,
    0x80,0x80,0x80,0x00,0x22,0x00,0x41,0x0c,0x6a,0x20,0x01,0x10,0x8e,0x80,0x80,0x80,
    0x00,0x1a,0x20,0x00,0x0b,0x24,0x00,0x20,0x00,0x41,0xfb,0x87,0x84,0x80,0x00,0x10,
    0x8a,0x80,0x80,0x80,0x00,0x22,0x00,0x41,0x0c,0x6a,0x41,0x80,0x81,0x84,0x80,0x00,
    0x10,0x8e,0x80,0x80,0x80,0x00,0x1a,0x20,0x00,0x0b,0x20,0x00,0x20,0x00,0x41,0xdd,
    0x84,0x84,0x80,0x00,0x10,0x8a,0x80,0x80,0x80,0x00,0x22,0x00,0x41,0x0c,0x6a,0x20,
    0x01,0x10,0xc3,0x80,0x80,0x80,0x00,0x1a,0x20,0x00,0x0b,0x43,0x01,0x01,0x7f,0x41,
    0x14,0x10,0xd1,0x80,0x80,0x80,0x00,0x22,0x02,0x20,0x01,0x36,0x02,0x10,0x20,0x02,
    0x41,0xf0,0x9c,0x84,0x80,0x00,0x36,0x02,0x00,0x20,0x02,0x42,0x00,0x37,0x02,0x04,
    0x20,0x02,0x41,0x8c,0x9d,0x84,0x80,0x00,0x36,0x02,0x0c,0x20,0x00,0x20,0x02,0x36,
    0x02,0x04,0x20,0x00,0x20,0x02,0x41,0x0c,0x6a,0x36,0x02,0x00,0x20,0x00,0x0b,0x20,
    0x00,0x20,0x00,0x41,0xf0,0x84,0x84,0x80,0x00,0x10,0x8a,0x80,0x80,0x80,0x00,0x22,
    0x00,0x41,0x0c,0x6a,0x20,0x01,0x10,0xb3,0x80,0x80,0x80,0x00,0x1a,0x20,0x00,0x0b,
    0xba,0x01,0x01,0x03,0x7f,0x23,0x80,0x80,0x80,0x80,0x00,0x41,0x20,0x6b,0x22,0x01,
    0x24,0x80,0x80,0x80,0x80,0x00,0x20,0x00,0x41,0x01,0x3a,0x00,0x31,0x41,0xbf,0x85,
    0x84,0x80,0x00,0x21,0x02,0x02,0x40,0x20,0x00,0x41,0x38,0x6a,0x22,0x03,0x41,0xfd,
    0x85,0x84,0x80,0x00,0x10,0xc6,0x80,0x80,0x80,0x00,0x0d,0x00,0x41,0xbf,0x85,0x84,
    0x80,0x00,0x41,0xed,0x85,0x84,0x80,0x00,0x20,0x03,0x41,0xaa,0x85,0x84,0x80,0x00,
    0x10,0xc6,0x80,0x80,0x80,0x00,0x1b,0x21,0x02,0x0b,0x20,0x01,0x41,0xfb,0x8c,0x84,
    0x80,0x00,0x10,0x8a,0x80,0x80,0x80,0x00,0x22,0x03,0x41,0x0c,0x6a,0x20,0x02,0x10,
    0x8e,0x80,0x80,0x80,0x00,0x1a,0x20,0x00,0x41,0x04,0x6a,0x20,0x01,0x41,0x14,0x6a,
    0x20,0x03,0x41,0x01,0x10,0x92,0x80,0x80,0x80,0x00,0x22,0x02,0x20,0x00,0x28,0x02,
    0x0c,0x11,0x80,0x80,0x80,0x80,0x00,0x80,0x80,0x80,0x80,0x00,0x20,0x02,0x28,0x02,
    0x04,0x10,0x93,0x80,0x80,0x80,0x00,0x20,0x03,0x10,0x94,0x80,0x80,0x80,0x00,0x1a,
    0x20,0x01,0x41,0x20,0x6a,0x24,0x80,0x80,0x80,0x80,0x00,0x0b,0x3f,0x01,0x03,0x7f,
    0x41,0x00,0x21,0x02,0x02,0x40,0x20,0x01,0x10,0x8b,0x80,0x80,0x80,0x00,0x22,0x03,
    0x20,0x00,0x28,0x02,0x04,0x20,0x00,0x2c,0x00,0x0b,0x22,0x04,0x20,0x04,0x41,0x00,
    0x48,0x1b,0x47,0x0d,0x00,0x20,0x00,0x41,0x00,0x41,0x7f,0x20,0x01,0x20,0x03,0x10,
    0xca,0x80,0x80,0x80,0x00,0x45,0x21,0x02,0x0b,0x20,0x02,0x0b,0x20,0x00,0x20,0x00,
    0x41,0xb4,0x88,0x84,0x80,0x00,0x10,0x8a,0x80,0x80,0x80,0x00,0x22,0x00,0x41,0x0c,
    0x6a,0x20,0x01,0x10,0xc3,0x80,0x80,0x80,0x00,0x1a,0x20,0x00,0x0b,0x20,0x00,0x20,
    0x00,0x41,0x8f,0x85,0x84,0x80,0x00,0x10,0x8a,0x80,0x80,0x80,0x00,0x22,0x00,0x41,
    0x0c,0x6a,0x20,0x01,0x10,0xc3,0x80,0x80,0x80,0x00,0x1a,0x20,0x00,0x0b,0x23,0x00,
    0x20,0x00,0x41,0x93,0x88,0x84,0x80,0x00,0x10,0x8a,0x80,0x80,0x80,0x00,0x22,0x00,
    0x41,0x0c,0x6a,0x20,0x01,0x28,0x02,0x00,0x10,0xc3,0x80,0x80,0x80,0x00,0x1a,0x20,
    0x00,0x0b,0xa1,0x01,0x01,0x02,0x7f,0x02,0x40,0x20,0x04,0x41,0x7f,0x46,0x0d,0x00,
    0x20,0x00,0x28,0x02,0x04,0x20,0x00,0x2c,0x00,0x0b,0x22,0x05,0x20,0x05,0x41,0x00,
    0x48,0x1b,0x22,0x06,0x20,0x01,0x49,0x0d,0x00,0x02,0x40,0x02,0x40,0x20,0x04,0x20,
    0x06,0x20,0x01,0x6b,0x22,0x06,0x20,0x02,0x20,0x06,0x20,0x02,0x49,0x1b,0x22,0x06,
    0x20,0x04,0x20,0x06,0x49,0x1b,0x22,0x02,0x45,0x0d,0x00,0x20,0x00,0x28,0x02,0x00,
    0x20,0x00,0x20,0x05,0x41,0x00,0x48,0x1b,0x20,0x01,0x6a,0x21,0x00,0x03,0x40,0x20,
    0x00,0x2d,0x00,0x00,0x22,0x01,0x20,0x03,0x2d,0x00,0x00,0x22,0x05,0x47,0x0d,0x02,
    0x20,0x03,0x41,0x01,0x6a,0x21,0x03,0x20,0x00,0x41,0x01,0x6a,0x21,0x00,0x20,0x02,
    0x41,0x7f,0x6a,0x22,0x02,0x0d,0x00,0x0b,0x0b,0x20,0x06,0x20,0x04,0x4b,0x20,0x06,
    0x20,0x04,0x49,0x6b,0x0f,0x0b,0x20,0x01,0x20,0x05,0x6b,0x0f,0x0b,0x10,0xcb,0x80,
    0x80,0x80,0x00,0x00,0x0b,0x09,0x00,0x10,0xcc,0x80,0x80,0x80,0x00,0x00,0x0b,0x2f,
    0x01,0x01,0x7f,0x23,0x80,0x80,0x80,0x80,0x00,0x41,0x10,0x6b,0x22,0x00,0x24,0x80,
    0x80,0x80,0x80,0x00,0x20,0x00,0x41,0x9d,0x8a,0x84,0x80,0x00,0x36,0x02,0x00,0x41,
    0xf9,0x92,0x84,0x80,0x00,0x20,0x00,0x10,0xcd,0x80,0x80,0x80,0x00,0x00,0x0b,0x2d,
    0x01,0x01,0x7f,0x23,0x80,0x80,0x80,0x80,0x00,0x41,0x10,0x6b,0x22,0x02,0x24,0x80,
    0x80,0x80,0x80,0x00,0x20,0x02,0x20,0x01,0x36,0x02,0x0c,0x41,0xa0,0xb6,0x84,0x80,
    0x00,0x20,0x00,0x20,0x01,0x10,0x99,0x82,0x80,0x80,0x00,0x00,0x0b,0x3a,0x01,0x01,
    0x7f,0x02,0x40,0x02,0x40,0x20,0x00,0x28,0x02,0x08,0x45,0x0d,0x00,0x20,0x00,0x20,
    0x00,0x28,0x02,0x08,0x22,0x01,0x41,0x7f,0x6a,0x36,0x02,0x08,0x20,0x01,0x0d,0x01,
    0x0b,0x20,0x00,0x20,0x00,0x28,0x02,0x00,0x28,0x02,0x10,0x11,0x83,0x80,0x80,0x80,
    0x00,0x80,0x80,0x80,0x80,0x00,0x0b,0x0b,0x0f,0x00,0x41,0x9d,0x85,0x84,0x80,0x00,
    0x10,0xd2,0x80,0x80,0x80,0x00,0x00,0x0b,0x11,0x00,0x41,0x94,0x8e,0x84,0x80,0x00,
    0x41,0x00,0x10,0xcd,0x80,0x80,0x80,0x00,0x00,0x0b,0x26,0x00,0x02,0x40,0x20,0x00,
    0x41,0x01,0x20,0x00,0x41,0x01,0x4b,0x1b,0x10,0x93,0x82,0x80,0x80,0x00,0x22,0x00,
    0x0d,0x00,0x20,0x00,0x41,0x00,0x10,0x94,0x82,0x80,0x80,0x00,0x00,0x0b,0x20,0x00,
    0x0b,0x2b,0x01,0x01,0x7f,0x23,0x80,0x80,0x80,0x80,0x00,0x41,0x10,0x6b,0x22,0x01,
    0x24,0x80,0x80,0x80,0x80,0x00,0x20,0x01,0x20,0x00,0x36,0x02,0x00,0x41,0xb7,0x92,
    0x84,0x80,0x00,0x20,0x01,0x10,0xcd,0x80,0x80,0x80,0x00,0x00,0x0b,0xb9,0x01,0x01,
    0x03,0x7f,0x02,0x40,0x20,0x00,0x28,0x02,0x08,0x41,0xff,0xff,0xff,0xff,0x07,0x71,
    0x41,0x7f,0x6a,0x41,0x0a,0x20,0x00,0x2c,0x00,0x0b,0x22,0x03,0x41,0x00,0x48,0x22,
    0x04,0x1b,0x22,0x05,0x20,0x00,0x28,0x02,0x04,0x20,0x03,0x20,0x04,0x1b,0x22,0x04,
    0x6b,0x20,0x02,0x4f,0x0d,0x00,0x20,0x00,0x20,0x05,0x20,0x04,0x20,0x02,0x6a,0x20,
    0x05,0x6b,0x20,0x04,0x20,0x04,0x20,0x02,0x20,0x01,0x10,0x95,0x82,0x80,0x80,0x00,
    0x20,0x00,0x0f,0x0b,0x02,0x40,0x20,0x02,0x45,0x0d,0x00,0x20,0x00,0x28,0x02,0x00,
    0x20,0x00,0x20,0x03,0x41,0x00,0x48,0x1b,0x21,0x03,0x02,0x40,0x20,0x02,0x45,0x0d,
    0x00,0x20,0x03,0x20,0x04,0x6a,0x20,0x01,0x20,0x02,0xfc,0x0a,0x00,0x00,0x0b,0x20,
    0x04,0x20,0x02,0x6a,0x21,0x02,0x02,0x40,0x02,0x40,0x20,0x00,0x2c,0x00,0x0b,0x41,
    0x7f,0x4a,0x0d,0x00,0x20,0x00,0x20,0x02,0x36,0x02,0x04,0x0c,0x01,0x0b,0x20,0x00,
    0x20,0x02,0x41,0xff,0x00,0x71,0x3a,0x00,0x0b,0x0b,0x20,0x03,0x20,0x02,0x6a,0x41,
    0x00,0x3a,0x00,0x00,0x0b,0x20,0x00,0x0b,0x5e,0x01,0x02,0x7f,0x20,0x00,0x20,0x00,
    0x28,0x02,0x04,0x22,0x01,0x28,0x02,0x00,0x22,0x02,0x36,0x02,0x04,0x02,0x40,0x20,
    0x02,0x45,0x0d,0x00,0x20,0x02,0x20,0x00,0x36,0x02,0x08,0x0b,0x20,0x01,0x20,0x00,
    0x28,0x02,0x08,0x22,0x02,0x36,0x02,0x08,0x02,0x40,0x02,0x40,0x20,0x00,0x20,0x02,
    0x28,0x02,0x00,0x47,0x0d,0x00,0x20,0x02,0x20,0x01,0x36,0x02,0x00,0x0c,0x01,0x0b,
    0x20,0x02,0x20,0x01,0x36,0x02,0x04,0x0b,0x20,0x00,0x20,0x01,0x36,0x02,0x08,0x20,
    0x01,0x20,0x00,0x36,0x02,0x00,0x0b,0x5e,0x01,0x02,0x7f,0x20,0x00,0x20,0x00,0x28,
    0x02,0x00,0x22,0x01,0x28,0x02,0x04,0x22,0x02,0x36,0x02,0x00,0x02,0x40,0x20,0x02,
    0x45,0x0d,0x00,0x20,0x02,0x20,0x00,0x36,0x02,0x08,0x0b,0x20,0x01,0x20,0x00,0x28,
    0x02,0x08,0x22,0x02,0x36,0x02,0x08,0x02,0x40,0x02,0x40,0x20,0x00,0x20,0x02,0x28,
    0x02,0x00,0x47,0x0d,0x00,0x20,0x02,0x20,0x01,0x36,0x02,0x00,0x0c,0x01,0x0b,0x20,
    0x02,0x20,0x01,0x36,0x02,0x04,0x0b,0x20,0x00,0x20,0x01,0x36,0x02,0x08,0x20,0x01,
    0x20,0x00,0x36,0x02,0x04,0x0b,0x49,0x01,0x03,0x7f,0x41,0x00,0x21,0x03,0x02,0x40,
    0x20,0x02,0x45,0x0d,0x00,0x02,0x40,0x03,0x40,0x20,0x00,0x2d,0x00,0x00,0x22,0x04,
    0x20,0x01,0x2d,0x00,0x00,0x22,0x05,0x47,0x0d,0x01,0x20,0x01,0x41,0x01,0x6a,0x21,
    0x01,0x20,0x00,0x41,0x01,0x6a,0x21,0x00,0x20,0x02,0x41,0x7f,0x6a,0x22,0x02,0x0d,
    0x00,0x0c,0x02,0x0b,0x0b,0x20,0x04,0x20,0x05,0x6b,0x21,0x03,0x0b,0x20,0x03,0x0b,
    0x70,0x01,0x04,0x7f,0x02,0x40,0x20,0x00,0x28,0x02,0x00,0x20,0x00,0x20,0x00,0x2c,
    0x00,0x0b,0x22,0x02,0x41,0x00,0x48,0x22,0x03,0x1b,0x20,0x01,0x28,0x02,0x00,0x20,
    0x01,0x20,0x01,0x2c,0x00,0x0b,0x22,0x04,0x41,0x00,0x48,0x22,0x05,0x1b,0x20,0x01,
    0x28,0x02,0x04,0x20,0x04,0x20,0x05,0x1b,0x22,0x01,0x20,0x00,0x28,0x02,0x04,0x20,
    0x02,0x20,0x03,0x1b,0x22,0x00,0x20,0x01,0x20,0x00,0x49,0x1b,0x10,0xd6,0x80,0x80,
    0x80,0x00,0x22,0x02,0x0d,0x00,0x41,0x00,0x21,0x02,0x20,0x00,0x20,0x01,0x46,0x0d,
    0x00,0x41,0x7f,0x41,0x01,0x20,0x00,0x20,0x01,0x49,0x1b,0x21,0x02,0x0b,0x20,0x02,
    0x0b,0xfa,0x01,0x01,0x01,0x7f,0x20,0x00,0x20,0x01,0x29,0x02,0x00,0x37,0x02,0x00,
    0x20,0x00,0x20,0x01,0x28,0x02,0x08,0x36,0x02,0x08,0x20,0x00,0x20,0x01,0x28,0x02,
    0x0c,0x22,0x02,0x36,0x02,0x0c,0x02,0x40,0x20,0x02,0x28,0x02,0x04,0x45,0x0d,0x00,
    0x20,0x01,0x41,0x00,0x36,0x02,0x08,0x20,0x01,0x41,0x98,0x9f,0x84,0x80,0x00,0x36,
    0x02,0x0c,0x0b,0x20,0x00,0x20,0x01,0x29,0x02,0x10,0x37,0x02,0x10,0x20,0x00,0x20,
    0x01,0x28,0x02,0x18,0x36,0x02,0x18,0x20,0x00,0x20,0x01,0x28,0x02,0x1c,0x22,0x02,
    0x36,0x02,0x1c,0x02,0x40,0x20,0x02,0x28,0x02,0x04,0x45,0x0d,0x00,0x20,0x01,0x41,
    0x00,0x36,0x02,0x18,0x20,0x01,0x41,0x98,0x9f,0x84,0x80,0x00,0x36,0x02,0x1c,0x0b,
    0x20,0x00,0x20,0x01,0x29,0x02,0x20,0x37,0x02,0x20,0x20,0x00,0x20,0x01,0x28,0x02,
    0x28,0x36,0x02,0x28,0x20,0x00,0x20,0x01,0x28,0x02,0x2c,0x22,0x02,0x36,0x02,0x2c,
    0x02,0x40,0x20,0x02,0x28,0x02,0x04,0x45,0x0d,0x00,0x20,0x01,0x41,0x00,0x36,0x02,
    0x28,0x20,0x01,0x41,0x98,0x9f,0x84,0x80,0x00,0x36,0x02,0x2c,0x0b,0x20,0x00,0x20,
    0x01,0x29,0x02,0x30,0x37,0x02,0x30,0x20,0x00,0x20,0x01,0x28,0x02,0x38,0x36,0x02,
    0x38,0x20,0x00,0x20,0x01,0x28,0x02,0x3c,0x22,0x02,0x36,0x02,0x3c,0x02,0x40,0x20,
    0x02,0x28,0x02,0x04,0x45,0x0d,0x00,0x20,0x01,0x41,0x00,0x36,0x02,0x38,0x20,0x01,
    0x41,0x98,0x9f,0x84,0x80,0x00,0x36,0x02,0x3c,0x0b,0x20,0x00,0x0b,0x1c,0x00,0x20,
    0x00,0x20,0x01,0x10,0x8a,0x80,0x80,0x80,0x00,0x22,0x01,0x41,0x0c,0x6a,0x20,0x02,
    0x10,0xda,0x80,0x80,0x80,0x00,0x1a,0x20,0x01,0x0b,0x83,0x01,0x01,0x02,0x7f,0x23,
    0x80,0x80,0x80,0x80,0x00,0x41,0x10,0x6b,0x22,0x02,0x24,0x80,0x80,0x80,0x80,0x00,
    0x41,0x1c,0x10,0xd1,0x80,0x80,0x80,0x00,0x22,0x03,0x41,0xcc,0x9d,0x84,0x80,0x00,
    0x36,0x02,0x00,0x20,0x03,0x42,0x00,0x37,0x02,0x04,0x20,0x03,0x41,0x10,0x6a,0x20,
    0x01,0x10,0xaa,0x80,0x80,0x80,0x00,0x1a,0x20,0x03,0x41,0xe8,0x9d,0x84,0x80,0x00,
    0x36,0x02,0x0c,0x41,0x01,0x41,0x00,0x10,0xd5,0x81,0x80,0x80,0x00,0x20,0x00,0x20,
    0x03,0x36,0x02,0x04,0x20,0x00,0x20,0x03,0x41,0x0c,0x6a,0x36,0x02,0x00,0x20,0x02,
    0x42,0x00,0x37,0x02,0x08,0x20,0x02,0x41,0x08,0x6a,0x10,0xd6,0x81,0x80,0x80,0x00,
    0x1a,0x20,0x02,0x41,0x10,0x6a,0x24,0x80,0x80,0x80,0x80,0x00,0x20,0x00,0x0b,0x99,
    0x02,0x01,0x02,0x7f,0x23,0x80,0x80,0x80,0x80,0x00,0x41,0xc0,0x00,0x6b,0x22,0x03,
    0x24,0x80,0x80,0x80,0x80,0x00,0x20,0x03,0x41,0x00,0x36,0x02,0x3c,0x20,0x03,0x41,
    0x00,0x3a,0x00,0x38,0x20,0x03,0x20,0x02,0x36,0x02,0x34,0x20,0x03,0x41,0x00,0x36,
    0x02,0x30,0x20,0x03,0x20,0x01,0x36,0x02,0x2c,0x20,0x03,0x41,0x24,0x6a,0x20,0x03,
    0x41,0x2c,0x6a,0x41,0x00,0x10,0x82,0x82,0x80,0x80,0x00,0x20,0x03,0x41,0x2c,0x6a,
    0x10,0x83,0x82,0x80,0x80,0x00,0x02,0x40,0x02,0x40,0x20,0x03,0x2d,0x00,0x38,0x41,
    0x01,0x47,0x0d,0x00,0x20,0x00,0x10,0xef,0x80,0x80,0x80,0x00,0x1a,0x0c,0x01,0x0b,
    0x02,0x40,0x20,0x03,0x28,0x02,0x30,0x22,0x04,0x20,0x01,0x28,0x02,0x04,0x20,0x01,
    0x2c,0x00,0x0b,0x22,0x02,0x20,0x02,0x41,0x00,0x48,0x1b,0x46,0x0d,0x00,0x20,0x03,
    0x41,0x0c,0x6a,0x20,0x01,0x28,0x02,0x00,0x20,0x01,0x20,0x02,0x41,0x00,0x48,0x1b,
    0x20,0x04,0x6a,0x2c,0x00,0x00,0x10,0x84,0x82,0x80,0x80,0x00,0x20,0x03,0x41,0x18,
    0x6a,0x41,0xdf,0x94,0x84,0x80,0x00,0x20,0x03,0x41,0x0c,0x6a,0x10,0x81,0x81,0x80,
    0x80,0x00,0x20,0x00,0x20,0x03,0x41,0x2c,0x6a,0x20,0x03,0x41,0x18,0x6a,0x10,0x85,
    0x82,0x80,0x80,0x00,0x20,0x03,0x41,0x18,0x6a,0x10,0x95,0x80,0x80,0x80,0x00,0x1a,
    0x20,0x03,0x41,0x0c,0x6a,0x10,0x95,0x80,0x80,0x80,0x00,0x1a,0x0c,0x01,0x0b,0x20,
    0x00,0x20,0x03,0x29,0x02,0x24,0x37,0x02,0x00,0x20,0x03,0x42,0x00,0x37,0x02,0x24,
    0x0b,0x20,0x03,0x41,0x24,0x6a,0x10,0xa7,0x80,0x80,0x80,0x00,0x1a,0x20,0x03,0x41,
    0xc0,0x00,0x6a,0x24,0x80,0x80,0x80,0x80,0x00,0x0b,0x20,0x00,0x20,0x00,0x41,0xf1,
    0x86,0x84,0x80,0x00,0x10,0x8a,0x80,0x80,0x80,0x00,0x22,0x00,0x41,0x0c,0x6a,0x20,
    0x01,0x10,0xda,0x80,0x80,0x80,0x00,0x1a,0x20,0x00,0x0b,0x20,0x00,0x20,0x00,0x41,
    0xfb,0x8c,0x84,0x80,0x00,0x10,0x8a,0x80,0x80,0x80,0x00,0x22,0x00,0x41,0x0c,0x6a,
    0x20,0x01,0x10,0x8e,0x80,0x80,0x80,0x00,0x1a,0x20,0x00,0x0b,0x39,0x00,0x20,0x00,
    0x20,0x01,0x10,0x8a,0x80,0x80,0x80,0x00,0x22,0x01,0x20,0x02,0x28,0x02,0x00,0x36,
    0x02,0x0c,0x20,0x01,0x20,0x02,0x28,0x02,0x04,0x22,0x02,0x36,0x02,0x10,0x02,0x40,
    0x20,0x02,0x45,0x0d,0x00,0x20,0x02,0x20,0x02,0x28,0x02,0x04,0x41,0x01,0x6a,0x36,
    0x02,0x04,0x0b,0x20,0x01,0x0b,0x39,0x00,0x20,0x00,0x20,0x01,0x10,0x8a,0x80,0x80,
    0x80,0x00,0x22,0x01,0x20,0x02,0x28,0x02,0x00,0x36,0x02,0x0c,0x20,0x01,0x20,0x02,
    0x28,0x02,0x04,0x22,0x02,0x36,0x02,0x10,0x02,0x40,0x20,0x02,0x45,0x0d,0x00,0x20,
    0x02,0x20,0x02,0x28,0x02,0x04,0x41,0x01,0x6a,0x36,0x02,0x04,0x0b,0x20,0x01,0x0b,
    0x90,0x01,0x01,0x04,0x7f,0x41,0x1c,0x10,0xd1,0x80,0x80,0x80,0x00,0x22,0x02,0x41,
    0x84,0x9f,0x84,0x80,0x00,0x36,0x02,0x00,0x20,0x02,0x42,0x00,0x37,0x02,0x04,0x20,
    0x02,0x20,0x01,0x28,0x02,0x00,0x36,0x02,0x10,0x20,0x02,0x20,0x01,0x28,0x02,0x04,
    0x22,0x03,0x36,0x02,0x14,0x20,0x02,0x20,0x01,0x28,0x02,0x08,0x22,0x04,0x36,0x02,
    0x18,0x20,0x02,0x41,0x14,0x6a,0x21,0x05,0x02,0x40,0x02,0x40,0x20,0x04,0x0d,0x00,
    0x20,0x02,0x20,0x05,0x36,0x02,0x10,0x0c,0x01,0x0b,0x20,0x01,0x42,0x00,0x37,0x02,
    0x04,0x20,0x01,0x20,0x01,0x41,0x04,0x6a,0x36,0x02,0x00,0x20,0x03,0x20,0x05,0x36,
    0x02,0x08,0x0b,0x20,0x00,0x20,0x02,0x36,0x02,0x04,0x20,0x02,0x41,0x9c,0x99,0x84,
    0x80,0x00,0x36,0x02,0x0c,0x20,0x00,0x20,0x02,0x41,0x0c,0x6a,0x36,0x02,0x00,0x20,
    0x00,0x0b,0x47,0x01,0x01,0x7f,0x41,0xe7,0x8f,0x84,0x80,0x00,0x21,0x02,0x02,0x40,
    0x20,0x01,0x41,0xec,0x90,0x84,0x80,0x00,0x10,0xc6,0x80,0x80,0x80,0x00,0x0d,0x00,
    0x41,0x9f,0x8b,0x84,0x80,0x00,0x41,0x9d,0x8b,0x84,0x80,0x00,0x20,0x01,0x41,0x9f,
    0x8b,0x84,0x80,0x00,0x10,0xc6,0x80,0x80,0x80,0x00,0x1b,0x21,0x02,0x0b,0x20,0x00,
    0x20,0x02,0x10,0x8a,0x80,0x80,0x80,0x00,0x1a,0x0b,0x20,0x00,0x20,0x00,0x41,0xfb,
    0x8c,0x84,0x80,0x00,0x10,0x8a,0x80,0x80,0x80,0x00,0x22,0x00,0x41,0x0c,0x6a,0x20,
    0x01,0x10,0x8e,0x80,0x80,0x80,0x00,0x1a,0x20,0x00,0x0b,0x4f,0x00,0x10,0x9c,0x81,
    0x80,0x80,0x00,0x20,0x00,0x41,0xac,0xb9,0x84,0x80,0x00,0x41,0xb4,0xb9,0x84,0x80,
    0x00,0x20,0x01,0x1b,0x28,0x02,0x00,0x36,0x02,0x00,0x20,0x00,0x41,0xb0,0xb9,0x84,
    0x80,0x00,0x41,0xb8,0xb9,0x84,0x80,0x00,0x20,0x01,0x1b,0x28,0x02,0x00,0x22,0x01,
    0x36,0x02,0x04,0x02,0x40,0x20,0x01,0x45,0x0d,0x00,0x20,0x01,0x20,0x01,0x28,0x02,
    0x04,0x41,0x01,0x6a,0x36,0x02,0x04,0x0b,0x20,0x00,0x0b,0x0f,0x00,0x41,0x9d,0x8a,
    0x84,0x80,0x00,0x10,0xd2,0x80,0x80,0x80,0x00,0x00,0x0b,0xb7,0x01,0x01,0x02,0x7f,
    0x20,0x00,0x41,0x88,0x80,0x84,0x80,0x00,0x36,0x02,0x00,0x02,0x40,0x20,0x00,0x28,
    0x02,0x84,0x01,0x22,0x01,0x45,0x0d,0x00,0x20,0x00,0x20,0x01,0x36,0x02,0x88,0x01,
    0x20,0x01,0x10,0x9e,0x80,0x80,0x80,0x00,0x0b,0x02,0x40,0x20,0x00,0x28,0x02,0x78,
    0x22,0x01,0x45,0x0d,0x00,0x20,0x00,0x41,0xf8,0x00,0x6a,0x22,0x02,0x20,0x01,0x10,
    0xe6,0x80,0x80,0x80,0x00,0x20,0x02,0x28,0x02,0x00,0x10,0x9e,0x80,0x80,0x80,0x00,
    0x0b,0x20,0x00,0x41,0xf0,0x00,0x6a,0x10,0xa7,0x80,0x80,0x80,0x00,0x1a,0x20,0x00,
    0x41,0xc4,0x00,0x6a,0x10,0xbb,0x80,0x80,0x80,0x00,0x1a,0x20,0x00,0x41,0x38,0x6a,
    0x10,0x95,0x80,0x80,0x80,0x00,0x1a,0x20,0x00,0x41,0x1c,0x6a,0x10,0xbb,0x80,0x80,
    0x80,0x00,0x1a,0x20,0x00,0x41,0x14,0x6a,0x10,0x9f,0x80,0x80,0x80,0x00,0x1a,0x02,
    0x40,0x20,0x00,0x28,0x02,0x10,0x28,0x02,0x04,0x22,0x01,0x45,0x0d,0x00,0x20,0x00,
    0x28,0x02,0x04,0x20,0x01,0x11,0x83,0x80,0x80,0x80,0x00,0x80,0x80,0x80,0x80,0x00,
    0x0b,0x20,0x00,0x0b,0x34,0x01,0x01,0x7f,0x20,0x00,0x28,0x02,0x04,0x21,0x02,0x02,
    0x40,0x03,0x40,0x20,0x02,0x20,0x01,0x46,0x0d,0x01,0x20,0x02,0x41,0x74,0x6a,0x10,
    0xa7,0x80,0x80,0x80,0x00,0x1a,0x20,0x02,0x41,0x68,0x6a,0x21,0x02,0x0c,0x00,0x0b,
    0x0b,0x20,0x00,0x20,0x01,0x36,0x02,0x04,0x0b,0x10,0x00,0x20,0x00,0x10,0xe5,0x80,
    0x80,0x80,0x00,0x10,0x9e,0x80,0x80,0x80,0x00,0x0b,0x0d,0x00,0x20,0x00,0x20,0x03,
    0x10,0xaa,0x80,0x80,0x80,0x00,0x1a,0x0b,0x82,0x05,0x06,0x02,0x7f,0x01,0x7c,0x01,
    0x7f,0x01,0x7c,0x01,0x7e,0x04,0x7f,0x23,0x80,0x80,0x80,0x80,0x00,0x41,0xc0,0x00,
    0x6b,0x22,0x02,0x24,0x80,0x80,0x80,0x80,0x00,0x20,0x02,0x41,0x0c,0x6a,0x41,0xcd,
    0x84,0x84,0x80,0x00,0x10,0x8a,0x80,0x80,0x80,0x00,0x21,0x03,0x20,0x01,0x28,0x02,
    0x00,0x22,0x01,0x20,0x03,0x20,0x01,0x28,0x02,0x00,0x28,0x02,0x2c,0x11,0x82,0x80,
    0x80,0x80,0x00,0x80,0x80,0x80,0x80,0x00,0x28,0x02,0x00,0x22,0x01,0x20,0x01,0x28,
    0x02,0x00,0x28,0x02,0x10,0x11,0x84,0x80,0x80,0x80,0x00,0x80,0x80,0x80,0x80,0x00,
    0x21,0x04,0x20,0x03,0x10,0x95,0x80,0x80,0x80,0x00,0x1a,0x20,0x00,0x2d,0x00,0x53,
    0x21,0x03,0x20,0x02,0x41,0x0c,0x6a,0x41,0xfb,0x8c,0x84,0x80,0x00,0x10,0x8a,0x80,
    0x80,0x80,0x00,0x22,0x05,0x41,0x0c,0x6a,0x41,0xbc,0x84,0x84,0x80,0x00,0x10,0x8e,
    0x80,0x80,0x80,0x00,0x1a,0x20,0x05,0x41,0x14,0x6a,0x41,0xc8,0x84,0x84,0x80,0x00,
    0x10,0x8a,0x80,0x80,0x80,0x00,0x1a,0x20,0x05,0x41,0x20,0x6a,0x20,0x04,0x44,0x00,
    0x00,0x00,0x00,0x00,0xc0,0x82,0x40,0x44,0x00,0x00,0x00,0x00,0x00,0x00,0x30,0x40,
    0x20,0x03,0x1b,0xa3,0x22,0x06,0x44,0x00,0x00,0x00,0x00,0x00,0x00,0xf0,0x3f,0x20,
    0x06,0x44,0x00,0x00,0x00,0x00,0x00,0x00,0xf0,0x3f,0x63,0x1b,0x22,0x06,0x44,0x00,
    0x00,0x00,0x00,0x00,0x00,0x00,0x00,0x20,0x06,0x44,0x00,0x00,0x00,0x00,0x00,0x00,
    0x00,0x00,0x64,0x1b,0x44,0x00,0x00,0x00,0x00,0x00,0x00,0x10,0x40,0xa2,0xfc,0x02,
    0x10,0xc3,0x80,0x80,0x80,0x00,0x1a,0x20,0x00,0x41,0x04,0x6a,0x20,0x02,0x41,0x34,
    0x6a,0x20,0x05,0x41,0x02,0x10,0x92,0x80,0x80,0x80,0x00,0x22,0x03,0x20,0x00,0x28,
    0x02,0x0c,0x11,0x80,0x80,0x80,0x80,0x00,0x80,0x80,0x80,0x80,0x00,0x20,0x03,0x28,
    0x02,0x04,0x10,0x93,0x80,0x80,0x80,0x00,0x20,0x02,0x41,0x0c,0x6a,0x41,0x14,0x6a,
    0x21,0x03,0x03,0x40,0x20,0x03,0x10,0x94,0x80,0x80,0x80,0x00,0x21,0x01,0x20,0x03,
    0x41,0x6c,0x6a,0x21,0x03,0x20,0x01,0x20,0x05,0x47,0x0d,0x00,0x0b,0x20,0x04,0xfc,
    0x02,0x21,0x01,0x20,0x00,0x29,0x03,0x28,0x21,0x07,0x02,0x40,0x02,0x40,0x02,0x40,
    0x02,0x40,0x20,0x00,0x28,0x02,0x88,0x01,0x22,0x03,0x20,0x00,0x28,0x02,0x8c,0x01,
    0x22,0x05,0x4f,0x0d,0x00,0x20,0x03,0x20,0x01,0x36,0x02,0x08,0x20,0x03,0x20,0x07,
    0x37,0x03,0x00,0x20,0x03,0x41,0x10,0x6a,0x21,0x03,0x0c,0x01,0x0b,0x20,0x03,0x20,
    0x00,0x28,0x02,0x84,0x01,0x22,0x08,0x6b,0x22,0x09,0x41,0x04,0x75,0x22,0x0a,0x41,
    0x01,0x6a,0x22,0x03,0x41,0x80,0x80,0x80,0x80,0x01,0x4f,0x0d,0x01,0x20,0x05,0x20,
    0x08,0x6b,0x22,0x05,0x41,0x03,0x75,0x22,0x0b,0x20,0x03,0x20,0x0b,0x20,0x03,0x4b,
    0x1b,0x41,0xff,0xff,0xff,0xff,0x00,0x20,0x05,0x41,0xf0,0xff,0xff,0xff,0x07,0x49,
    0x1b,0x22,0x03,0x41,0x80,0x80,0x80,0x80,0x01,0x4f,0x0d,0x02,0x20,0x03,0x41,0x04,
    0x74,0x22,0x05,0x10,0xd1,0x80,0x80,0x80,0x00,0x22,0x0b,0x20,0x09,0x6a,0x22,0x03,
    0x20,0x01,0x36,0x02,0x08,0x20,0x03,0x20,0x07,0x37,0x03,0x00,0x20,0x03,0x20,0x0a,
    0x41,0x04,0x74,0x6b,0x21,0x01,0x02,0x40,0x20,0x09,0x45,0x0d,0x00,0x20,0x01,0x20,
    0x08,0x20,0x09,0xfc,0x0a,0x00,0x00,0x0b,0x20,0x00,0x20,0x0b,0x20,0x05,0x6a,0x36,
    0x02,0x8c,0x01,0x20,0x00,0x20,0x03,0x41,0x10,0x6a,0x22,0x03,0x36,0x02,0x88,0x01,
    0x20,0x00,0x20,0x01,0x36,0x02,0x84,0x01,0x20,0x08,0x45,0x0d,0x00,0x20,0x08,0x10,
    0x9e,0x80,0x80,0x80,0x00,0x0b,0x20,0x00,0x20,0x03,0x36,0x02,0x88,0x01,0x20,0x02,
    0x41,0xc0,0x00,0x6a,0x24,0x80,0x80,0x80,0x80,0x00,0x0f,0x0b,0x10,0xea,0x80,0x80,
    0x80,0x00,0x00,0x0b,0x10,0xd0,0x80,0x80,0x80,0x00,0x00,0x0b,0x0f,0x00,0x41,0x9d,
    0x85,0x84,0x80,0x00,0x10,0xd2,0x80,0x80,0x80,0x00,0x00,0x0b,0xf6,0x03,0x03,0x02,
    0x7f,0x02,0x7e,0x01,0x7f,0x23,0x80,0x80,0x80,0x80,0x00,0x41,0xe0,0x00,0x6b,0x22,
    0x02,0x24,0x80,0x80,0x80,0x80,0x00,0x41,0x01,0x21,0x03,0x02,0x40,0x20,0x01,0x41,
    0xc6,0x8f,0x84,0x80,0x00,0x10,0xc6,0x80,0x80,0x80,0x00,0x0d,0x00,0x20,0x01,0x41,
    0xbc,0x8f,0x84,0x80,0x00,0x10,0xc6,0x80,0x80,0x80,0x00,0x21,0x03,0x0b,0x02,0x40,
    0x20,0x01,0x41,0xaa,0x90,0x84,0x80,0x00,0x10,0xc6,0x80,0x80,0x80,0x00,0x45,0x0d,
    0x00,0x20,0x00,0x2d,0x00,0x56,0x0d,0x00,0x20,0x00,0x2d,0x00,0x18,0x41,0x01,0x71,
    0x45,0x0d,0x00,0x20,0x00,0x29,0x03,0x28,0x21,0x04,0x02,0x40,0x20,0x00,0x29,0x03,
    0x60,0x22,0x05,0x50,0x0d,0x00,0x20,0x04,0x20,0x05,0x7d,0x42,0x88,0x27,0x53,0x0d,
    0x01,0x0b,0x20,0x00,0x20,0x04,0x37,0x03,0x60,0x20,0x00,0x20,0x02,0x41,0x04,0x6a,
    0x41,0xb6,0x81,0x84,0x80,0x00,0x10,0x8a,0x80,0x80,0x80,0x00,0x22,0x01,0x10,0x98,
    0x80,0x80,0x80,0x00,0x20,0x01,0x10,0x95,0x80,0x80,0x80,0x00,0x1a,0x20,0x02,0x41,
    0x04,0x6a,0x41,0xfb,0x8c,0x84,0x80,0x00,0x10,0x8a,0x80,0x80,0x80,0x00,0x22,0x01,
    0x41,0x0c,0x6a,0x41,0x85,0x8f,0x84,0x80,0x00,0x10,0x8e,0x80,0x80,0x80,0x00,0x1a,
    0x20,0x00,0x41,0x04,0x6a,0x20,0x02,0x41,0xd4,0x00,0x6a,0x20,0x01,0x41,0x01,0x10,
    0x92,0x80,0x80,0x80,0x00,0x22,0x06,0x20,0x00,0x28,0x02,0x0c,0x11,0x80,0x80,0x80,
    0x80,0x00,0x80,0x80,0x80,0x80,0x00,0x20,0x06,0x28,0x02,0x04,0x10,0x93,0x80,0x80,
    0x80,0x00,0x20,0x01,0x10,0x94,0x80,0x80,0x80,0x00,0x1a,0x0b,0x02,0x40,0x20,0x00,
    0x2d,0x00,0x55,0x20,0x03,0x46,0x0d,0x00,0x20,0x00,0x20,0x03,0x3a,0x00,0x55,0x02,
    0x40,0x20,0x03,0x45,0x0d,0x00,0x20,0x00,0x41,0x01,0x20,0x00,0x2d,0x00,0x56,0x10,
    0xec,0x80,0x80,0x80,0x00,0x0c,0x01,0x0b,0x20,0x00,0x20,0x00,0x29,0x03,0x28,0x37,
    0x03,0x58,0x20,0x00,0x20,0x00,0x28,0x02,0x6c,0x41,0x01,0x6a,0x36,0x02,0x6c,0x20,
    0x02,0x41,0x04,0x6a,0x41,0xe3,0x85,0x84,0x80,0x00,0x10,0xa8,0x80,0x80,0x80,0x00,
    0x22,0x03,0x41,0x14,0x6a,0x41,0x03,0x10,0xc7,0x80,0x80,0x80,0x00,0x1a,0x20,0x03,
    0x41,0x28,0x6a,0x20,0x00,0x41,0xec,0x00,0x6a,0x10,0xc9,0x80,0x80,0x80,0x00,0x1a,
    0x20,0x03,0x41,0x3c,0x6a,0x41,0xd0,0x0f,0x10,0xc8,0x80,0x80,0x80,0x00,0x1a,0x20,
    0x00,0x41,0x04,0x6a,0x20,0x02,0x41,0xd4,0x00,0x6a,0x20,0x03,0x41,0x04,0x10,0x92,
    0x80,0x80,0x80,0x00,0x22,0x01,0x20,0x00,0x28,0x02,0x0c,0x11,0x80,0x80,0x80,0x80,
    0x00,0x80,0x80,0x80,0x80,0x00,0x20,0x01,0x28,0x02,0x04,0x10,0x93,0x80,0x80,0x80,
    0x00,0x20,0x02,0x41,0x04,0x6a,0x41,0x3c,0x6a,0x21,0x00,0x03,0x40,0x20,0x00,0x10,
    0x94,0x80,0x80,0x80,0x00,0x21,0x01,0x20,0x00,0x41,0x6c,0x6a,0x21,0x00,0x20,0x01,
    0x20,0x03,0x47,0x0d,0x00,0x0b,0x0b,0x20,0x02,0x41,0xe0,0x00,0x6a,0x24,0x80,0x80,
    0x80,0x80,0x00,0x0b,0xd4,0x07,0x01,0x09,0x7f,0x23,0x80,0x80,0x80,0x80,0x00,0x41,
    0xe0,0x00,0x6b,0x22,0x03,0x24,0x80,0x80,0x80,0x80,0x00,0x20,0x00,0x20,0x02,0x3a,
    0x00,0x56,0x20,0x00,0x20,0x01,0x3a,0x00,0x55,0x20,0x03,0x41,0x0c,0x6a,0x10,0xef,
    0x80,0x80,0x80,0x00,0x21,0x04,0x20,0x03,0x20,0x00,0x29,0x03,0x28,0x37,0x03,0x00,
    0x20,0x03,0x20,0x00,0x2d,0x00,0x55,0x22,0x05,0x3a,0x00,0x08,0x20,0x03,0x20,0x00,
    0x2d,0x00,0x56,0x22,0x06,0x3a,0x00,0x09,0x20,0x00,0x28,0x02,0x70,0x21,0x07,0x02,
    0x40,0x20,0x00,0x28,0x02,0x74,0x22,0x01,0x45,0x0d,0x00,0x20,0x01,0x20,0x01,0x28,
    0x02,0x04,0x41,0x01,0x6a,0x36,0x02,0x04,0x0b,0x20,0x04,0x28,0x02,0x00,0x21,0x02,
    0x20,0x04,0x20,0x07,0x36,0x02,0x00,0x20,0x03,0x28,0x02,0x10,0x21,0x08,0x20,0x03,
    0x20,0x01,0x36,0x02,0x10,0x20,0x03,0x20,0x08,0x36,0x02,0x20,0x20,0x03,0x20,0x02,
    0x36,0x02,0x1c,0x20,0x03,0x41,0x1c,0x6a,0x10,0xa7,0x80,0x80,0x80,0x00,0x1a,0x02,
    0x40,0x02,0x40,0x20,0x00,0x28,0x02,0x78,0x20,0x00,0x28,0x02,0x7c,0x22,0x02,0x46,
    0x0d,0x00,0x20,0x02,0x41,0x70,0x6a,0x2d,0x00,0x00,0x20,0x05,0x41,0xff,0x01,0x71,
    0x47,0x0d,0x00,0x20,0x02,0x41,0x71,0x6a,0x2d,0x00,0x00,0x20,0x06,0x41,0xff,0x01,
    0x71,0x47,0x0d,0x00,0x20,0x02,0x41,0x74,0x6a,0x20,0x04,0x10,0xf0,0x80,0x80,0x80,
    0x00,0x0d,0x01,0x20,0x00,0x28,0x02,0x7c,0x21,0x02,0x0b,0x02,0x40,0x02,0x40,0x20,
    0x02,0x20,0x00,0x28,0x02,0x80,0x01,0x22,0x08,0x4f,0x0d,0x00,0x20,0x02,0x20,0x03,
    0x2f,0x01,0x08,0x3b,0x01,0x08,0x20,0x02,0x20,0x03,0x29,0x03,0x00,0x37,0x03,0x00,
    0x20,0x02,0x20,0x01,0x36,0x02,0x10,0x20,0x02,0x20,0x07,0x36,0x02,0x0c,0x02,0x40,
    0x20,0x01,0x45,0x0d,0x00,0x20,0x01,0x20,0x01,0x28,0x02,0x04,0x41,0x01,0x6a,0x36,
    0x02,0x04,0x0b,0x20,0x02,0x41,0x18,0x6a,0x21,0x02,0x0c,0x01,0x0b,0x02,0x40,0x20,
    0x02,0x20,0x00,0x28,0x02,0x78,0x22,0x05,0x6b,0x22,0x06,0x41,0x18,0x6d,0x41,0x01,
    0x6a,0x22,0x09,0x41,0xab,0xd5,0xaa,0xd5,0x00,0x4f,0x0d,0x00,0x02,0x40,0x02,0x40,
    0x02,0x40,0x20,0x08,0x20,0x05,0x6b,0x41,0x18,0x6d,0x22,0x08,0x41,0x01,0x74,0x22,
    0x0a,0x20,0x09,0x20,0x0a,0x20,0x09,0x4b,0x1b,0x41,0xaa,0xd5,0xaa,0xd5,0x00,0x20,
    0x08,0x41,0xd5,0xaa,0xd5,0x2a,0x49,0x1b,0x22,0x08,0x0d,0x00,0x41,0x00,0x21,0x0a,
    0x0c,0x01,0x0b,0x20,0x08,0x41,0xab,0xd5,0xaa,0xd5,0x00,0x4f,0x0d,0x01,0x20,0x08,
    0x41,0x18,0x6c,0x10,0xd1,0x80,0x80,0x80,0x00,0x21,0x0a,0x0b,0x20,0x0a,0x20,0x06,
    0x6a,0x22,0x09,0x20,0x03,0x2f,0x01,0x08,0x3b,0x01,0x08,0x20,0x09,0x20,0x03,0x29,
    0x03,0x00,0x37,0x03,0x00,0x20,0x09,0x20,0x01,0x36,0x02,0x10,0x20,0x09,0x20,0x07,
    0x36,0x02,0x0c,0x20,0x08,0x41,0x18,0x6c,0x21,0x07,0x02,0x40,0x20,0x01,0x45,0x0d,
    0x00,0x20,0x01,0x20,0x01,0x28,0x02,0x04,0x41,0x01,0x6a,0x36,0x02,0x04,0x20,0x00,
    0x28,0x02,0x7c,0x22,0x02,0x20,0x00,0x28,0x02,0x78,0x22,0x05,0x6b,0x21,0x06,0x0b,
    0x20,0x0a,0x20,0x07,0x6a,0x21,0x0a,0x20,0x09,0x20,0x06,0x41,0x68,0x6d,0x41,0x18,
    0x6c,0x6a,0x22,0x0b,0x21,0x07,0x20,0x05,0x21,0x01,0x03,0x40,0x02,0x40,0x20,0x01,
    0x20,0x02,0x47,0x0d,0x00,0x02,0x40,0x03,0x40,0x20,0x05,0x20,0x02,0x46,0x0d,0x01,
    0x20,0x05,0x41,0x0c,0x6a,0x10,0xa7,0x80,0x80,0x80,0x00,0x1a,0x20,0x05,0x41,0x18,
    0x6a,0x21,0x05,0x0c,0x00,0x0b,0x0b,0x20,0x00,0x20,0x0a,0x36,0x02,0x80,0x01,0x20,
    0x00,0x20,0x09,0x41,0x18,0x6a,0x22,0x02,0x36,0x02,0x7c,0x20,0x00,0x28,0x02,0x78,
    0x21,0x01,0x20,0x00,0x20,0x0b,0x36,0x02,0x78,0x20,0x01,0x45,0x0d,0x04,0x20,0x01,
    0x10,0x9e,0x80,0x80,0x80,0x00,0x0c,0x04,0x0b,0x20,0x07,0x20,0x01,0x2f,0x01,0x08,
    0x3b,0x01,0x08,0x20,0x07,0x20,0x01,0x29,0x03,0x00,0x37,0x03,0x00,0x20,0x07,0x41,
    0x10,0x6a,0x20,0x01,0x41,0x10,0x6a,0x22,0x08,0x28,0x02,0x00,0x36,0x02,0x00,0x20,
    0x07,0x41,0x0c,0x6a,0x20,0x01,0x41,0x0c,0x6a,0x22,0x06,0x28,0x02,0x00,0x36,0x02,
    0x00,0x20,0x08,0x41,0x00,0x36,0x02,0x00,0x20,0x06,0x41,0x00,0x36,0x02,0x00,0x20,
    0x07,0x41,0x18,0x6a,0x21,0x07,0x20,0x01,0x41,0x18,0x6a,0x21,0x01,0x0c,0x00,0x0b,
    0x0b,0x10,0xd0,0x80,0x80,0x80,0x00,0x00,0x0b,0x10,0xf1,0x80,0x80,0x80,0x00,0x00,
    0x0b,0x20,0x00,0x20,0x02,0x36,0x02,0x7c,0x0b,0x20,0x03,0x41,0x00,0x36,0x02,0x58,
    0x20,0x03,0x42,0x00,0x37,0x03,0x50,0x20,0x03,0x41,0xd0,0x00,0x6a,0x41,0xaa,0x90,
    0x84,0x80,0x00,0x41,0xc6,0x90,0x84,0x80,0x00,0x41,0xda,0x89,0x84,0x80,0x00,0x20,
    0x00,0x2d,0x00,0x55,0x1b,0x20,0x00,0x2d,0x00,0x56,0x1b,0x10,0xf2,0x80,0x80,0x80,
    0x00,0x21,0x07,0x20,0x03,0x41,0x1c,0x6a,0x41,0xb7,0x8b,0x84,0x80,0x00,0x10,0xa0,
    0x80,0x80,0x80,0x00,0x22,0x01,0x41,0x14,0x6a,0x41,0xfd,0x8b,0x84,0x80,0x00,0x10,
    0x8a,0x80,0x80,0x80,0x00,0x1a,0x20,0x01,0x41,0x20,0x6a,0x20,0x07,0x10,0xda,0x80,
    0x80,0x80,0x00,0x1a,0x20,0x00,0x41,0x04,0x6a,0x20,0x03,0x41,0xc4,0x00,0x6a,0x20,
    0x01,0x41,0x02,0x10,0x92,0x80,0x80,0x80,0x00,0x22,0x02,0x20,0x00,0x28,0x02,0x0c,
    0x11,0x80,0x80,0x80,0x80,0x00,0x80,0x80,0x80,0x80,0x00,0x20,0x02,0x28,0x02,0x04,
    0x10,0x93,0x80,0x80,0x80,0x00,0x20,0x03,0x41,0x1c,0x6a,0x41,0x14,0x6a,0x21,0x00,
    0x03,0x40,0x20,0x00,0x10,0x94,0x80,0x80,0x80,0x00,0x21,0x02,0x20,0x00,0x41,0x6c,
    0x6a,0x21,0x00,0x20,0x02,0x20,0x01,0x47,0x0d,0x00,0x0b,0x20,0x07,0x10,0x95,0x80,
    0x80,0x80,0x00,0x1a,0x20,0x04,0x10,0xa7,0x80,0x80,0x80,0x00,0x1a,0x20,0x03,0x41,
    0xe0,0x00,0x6a,0x24,0x80,0x80,0x80,0x80,0x00,0x0b,0x02,0x00,0x0b,0x02,0x00,0x0b,
    0x3f,0x01,0x01,0x7f,0x10,0x9c,0x81,0x80,0x80,0x00,0x20,0x00,0x41,0x00,0x28,0x02,
    0xa4,0xb9,0x84,0x80,0x00,0x36,0x02,0x00,0x20,0x00,0x41,0x00,0x28,0x02,0xa8,0xb9,
    0x84,0x80,0x00,0x22,0x01,0x36,0x02,0x04,0x02,0x40,0x20,0x01,0x45,0x0d,0x00,0x20,
    0x01,0x20,0x01,0x28,0x02,0x04,0x41,0x01,0x6a,0x36,0x02,0x04,0x0b,0x20,0x00,0x0b,
    0x70,0x01,0x01,0x7f,0x02,0x40,0x20,0x00,0x28,0x02,0x00,0x22,0x02,0x20,0x01,0x28,
    0x02,0x00,0x47,0x0d,0x00,0x41,0x01,0x0f,0x0b,0x02,0x40,0x20,0x02,0x20,0x02,0x28,
    0x02,0x00,0x28,0x02,0x00,0x11,0x81,0x80,0x80,0x80,0x00,0x80,0x80,0x80,0x80,0x00,
    0x20,0x01,0x28,0x02,0x00,0x22,0x02,0x20,0x02,0x28,0x02,0x00,0x28,0x02,0x00,0x11,
    0x81,0x80,0x80,0x80,0x00,0x80,0x80,0x80,0x80,0x00,0x46,0x0d,0x00,0x41,0x00,0x0f,
    0x0b,0x20,0x00,0x28,0x02,0x00,0x22,0x00,0x20,0x01,0x28,0x02,0x00,0x20,0x00,0x28,
    0x02,0x00,0x28,0x02,0x04,0x11,0x82,0x80,0x80,0x80,0x00,0x80,0x80,0x80,0x80,0x00,
    0x0b,0x0f,0x00,0x41,0x9d,0x85,0x84,0x80,0x00,0x10,0xd2,0x80,0x80,0x80,0x00,0x00,
    0x0b,0xc7,0x01,0x01,0x02,0x7f,0x20,0x01,0x21,0x02,0x02,0x40,0x02,0x40,0x20,0x01,
    0x41,0x03,0x71,0x45,0x0d,0x00,0x02,0x40,0x20,0x01,0x2d,0x00,0x00,0x0d,0x00,0x20,
    0x01,0x21,0x02,0x0c,0x02,0x0b,0x20,0x01,0x41,0x01,0x6a,0x22,0x02,0x41,0x03,0x71,
    0x45,0x0d,0x00,0x20,0x02,0x2d,0x00,0x00,0x45,0x0d,0x01,0x20,0x01,0x41,0x02,0x6a,
    0x22,0x02,0x41,0x03,0x71,0x45,0x0d,0x00,0x20,0x02,0x2d,0x00,0x00,0x45,0x0d,0x01,
    0x20,0x01,0x41,0x03,0x6a,0x22,0x02,0x41,0x03,0x71,0x45,0x0d,0x00,0x20,0x02,0x2d,
    0x00,0x00,0x45,0x0d,0x01,0x20,0x01,0x41,0x04,0x6a,0x22,0x02,0x41,0x03,0x71,0x0d,
    0x01,0x0b,0x20,0x02,0x41,0x7b,0x6a,0x21,0x02,0x03,0x40,0x20,0x02,0x41,0x05,0x6a,
    0x21,0x03,0x20,0x02,0x41,0x04,0x6a,0x21,0x02,0x41,0x80,0x82,0x84,0x08,0x20,0x03,
    0x28,0x02,0x00,0x22,0x03,0x6b,0x20,0x03,0x72,0x41,0x80,0x81,0x82,0x84,0x78,0x71,
    0x41,0x80,0x81,0x82,0x84,0x78,0x46,0x0d,0x00,0x0b,0x03,0x40,0x20,0x02,0x41,0x01,
    0x6a,0x22,0x02,0x2d,0x00,0x00,0x0d,0x00,0x0b,0x0b,0x20,0x00,0x20,0x01,0x20,0x02,
    0x20,0x01,0x6b,0x10,0x97,0x82,0x80,0x80,0x00,0x0b,0xd3,0x47,0x05,0x09,0x7f,0x01,
    0x7e,0x01,0x7f,0x01,0x7c,0x01,0x7e,0x23,0x80,0x80,0x80,0x80,0x00,0x41,0x80,0x02,
    0x6b,0x22,0x02,0x24,0x80,0x80,0x80,0x80,0x00,0x20,0x02,0x41,0x30,0x6a,0x41,0x97,
    0x85,0x84,0x80,0x00,0x10,0x8a,0x80,0x80,0x80,0x00,0x21,0x03,0x20,0x01,0x28,0x02,
    0x00,0x22,0x04,0x20,0x03,0x20,0x04,0x28,0x02,0x00,0x28,0x02,0x2c,0x11,0x82,0x80,
    0x80,0x80,0x00,0x80,0x80,0x80,0x80,0x00,0x28,0x02,0x00,0x22,0x04,0x20,0x04,0x28,
    0x02,0x00,0x28,0x02,0x00,0x11,0x81,0x80,0x80,0x80,0x00,0x80,0x80,0x80,0x80,0x00,
    0x21,0x04,0x20,0x03,0x10,0x95,0x80,0x80,0x80,0x00,0x1a,0x02,0x40,0x20,0x04,0x41,
    0x01,0x47,0x0d,0x00,0x20,0x02,0x41,0x30,0x6a,0x41,0x97,0x85,0x84,0x80,0x00,0x10,
    0x8a,0x80,0x80,0x80,0x00,0x21,0x03,0x20,0x00,0x20,0x01,0x28,0x02,0x00,0x22,0x04,
    0x20,0x03,0x20,0x04,0x28,0x02,0x00,0x28,0x02,0x2c,0x11,0x82,0x80,0x80,0x80,0x00,
    0x80,0x80,0x80,0x80,0x00,0x28,0x02,0x00,0x22,0x04,0x20,0x04,0x28,0x02,0x00,0x28,
    0x02,0x10,0x11,0x84,0x80,0x80,0x80,0x00,0x80,0x80,0x80,0x80,0x00,0xfc,0x06,0x37,
    0x03,0x28,0x20,0x03,0x10,0x95,0x80,0x80,0x80,0x00,0x1a,0x0b,0x02,0x40,0x20,0x00,
    0x2d,0x00,0x57,0x0d,0x00,0x20,0x00,0x29,0x03,0x28,0x50,0x0d,0x00,0x20,0x00,0x41,
    0x01,0x3a,0x00,0x57,0x20,0x00,0x20,0x00,0x2d,0x00,0x55,0x20,0x00,0x2d,0x00,0x56,
    0x10,0xec,0x80,0x80,0x80,0x00,0x0b,0x20,0x02,0x41,0x30,0x6a,0x41,0xfb,0x8c,0x84,
    0x80,0x00,0x10,0x8a,0x80,0x80,0x80,0x00,0x21,0x03,0x20,0x02,0x41,0xcc,0x01,0x6a,
    0x20,0x01,0x28,0x02,0x00,0x20,0x03,0x10,0xa9,0x80,0x80,0x80,0x00,0x20,0x03,0x10,
    0x95,0x80,0x80,0x80,0x00,0x1a,0x02,0x40,0x02,0x40,0x02,0x40,0x02,0x40,0x02,0x40,
    0x02,0x40,0x02,0x40,0x20,0x02,0x41,0xcc,0x01,0x6a,0x41,0x9f,0x83,0x84,0x80,0x00,
    0x10,0xc6,0x80,0x80,0x80,0x00,0x45,0x0d,0x00,0x20,0x02,0x41,0xe8,0x01,0x6a,0x41,
    0x80,0x92,0x84,0x80,0x00,0x10,0x8a,0x80,0x80,0x80,0x00,0x21,0x05,0x20,0x02,0x41,
    0xf4,0x01,0x6a,0x20,0x01,0x28,0x02,0x00,0x20,0x05,0x10,0xa9,0x80,0x80,0x80,0x00,
    0x02,0x40,0x02,0x40,0x20,0x02,0x28,0x02,0xf8,0x01,0x20,0x02,0x2c,0x00,0xff,0x01,
    0x22,0x01,0x20,0x01,0x41,0x00,0x48,0x22,0x01,0x1b,0x22,0x06,0x41,0x03,0x71,0x45,
    0x0d,0x00,0x20,0x02,0x41,0x00,0x3a,0x00,0x18,0x20,0x02,0x41,0x00,0x3a,0x00,0x0c,
    0x20,0x02,0x41,0xf4,0x01,0x6a,0x10,0x95,0x80,0x80,0x80,0x00,0x1a,0x20,0x05,0x10,
    0x95,0x80,0x80,0x80,0x00,0x1a,0x0c,0x01,0x0b,0x20,0x02,0x41,0x00,0x36,0x02,0x28,
    0x20,0x02,0x42,0x00,0x37,0x02,0x20,0x20,0x02,0x41,0x20,0x6a,0x20,0x06,0x41,0x02,
    0x76,0x41,0x03,0x6c,0x10,0xf4,0x80,0x80,0x80,0x00,0x20,0x02,0x28,0x02,0xf4,0x01,
    0x20,0x02,0x41,0xf4,0x01,0x6a,0x20,0x01,0x1b,0x21,0x07,0x41,0x00,0x21,0x08,0x02,
    0x40,0x03,0x40,0x20,0x08,0x20,0x06,0x4f,0x0d,0x01,0x20,0x02,0x42,0x00,0x37,0x03,
    0x38,0x20,0x02,0x42,0x00,0x37,0x03,0x30,0x20,0x08,0x41,0x04,0x6a,0x21,0x08,0x41,
    0x00,0x21,0x09,0x20,0x02,0x41,0x30,0x6a,0x21,0x03,0x41,0x00,0x21,0x01,0x02,0x40,
    0x02,0x40,0x03,0x40,0x20,0x01,0x41,0x04,0x46,0x0d,0x01,0x02,0x40,0x02,0x40,0x20,
    0x07,0x20,0x01,0x6a,0x2d,0x00,0x00,0x22,0x04,0x41,0x3d,0x47,0x0d,0x00,0x20,0x08,
    0x20,0x06,0x47,0x0d,0x04,0x20,0x01,0x41,0x02,0x49,0x0d,0x04,0x20,0x09,0x41,0x01,
    0x6a,0x21,0x09,0x0c,0x01,0x0b,0x20,0x09,0x41,0x00,0x4a,0x0d,0x03,0x20,0x04,0xc0,
    0x21,0x0a,0x02,0x40,0x02,0x40,0x02,0x40,0x20,0x04,0x41,0xbf,0x7f,0x6a,0x41,0xff,
    0x01,0x71,0x41,0x19,0x4b,0x0d,0x00,0x20,0x0a,0x41,0xbf,0x7f,0x6a,0x21,0x0a,0x0c,
    0x01,0x0b,0x02,0x40,0x20,0x04,0x41,0x9f,0x7f,0x6a,0x41,0xff,0x01,0x71,0x41,0x19,
    0x4b,0x0d,0x00,0x20,0x0a,0x41,0xb9,0x7f,0x6a,0x21,0x0a,0x0c,0x01,0x0b,0x02,0x40,
    0x20,0x04,0x41,0x50,0x6a,0x41,0xff,0x01,0x71,0x41,0x09,0x4b,0x0d,0x00,0x20,0x0a,
    0x41,0x04,0x6a,0x21,0x0a,0x0c,0x01,0x0b,0x41,0x3e,0x21,0x0a,0x20,0x04,0x41,0x2b,
    0x47,0x0d,0x01,0x0b,0x20,0x03,0x20,0x0a,0x36,0x02,0x00,0x0c,0x01,0x0b,0x20,0x03,
    0x41,0x3f,0x41,0x7f,0x20,0x04,0x41,0x2f,0x46,0x1b,0x36,0x02,0x00,0x20,0x04,0x41,
    0x2f,0x47,0x0d,0x03,0x0b,0x20,0x03,0x41,0x04,0x6a,0x21,0x03,0x20,0x01,0x41,0x01,
    0x6a,0x21,0x01,0x0c,0x00,0x0b,0x0b,0x20,0x02,0x20,0x02,0x28,0x02,0x34,0x41,0x0c,
    0x74,0x20,0x02,0x28,0x02,0x30,0x41,0x12,0x74,0x72,0x20,0x02,0x28,0x02,0x38,0x41,
    0x06,0x74,0x72,0x20,0x02,0x28,0x02,0x3c,0x72,0x22,0x01,0x41,0x10,0x76,0x3a,0x00,
    0x0c,0x20,0x02,0x41,0x20,0x6a,0x20,0x02,0x41,0x0c,0x6a,0x10,0xf5,0x80,0x80,0x80,
    0x00,0x02,0x40,0x20,0x09,0x41,0x01,0x4a,0x0d,0x00,0x20,0x02,0x20,0x01,0x41,0x08,
    0x76,0x3a,0x00,0x0c,0x20,0x02,0x41,0x20,0x6a,0x20,0x02,0x41,0x0c,0x6a,0x10,0xf5,
    0x80,0x80,0x80,0x00,0x20,0x09,0x41,0x01,0x46,0x0d,0x00,0x20,0x02,0x20,0x01,0x3a,
    0x00,0x0c,0x20,0x02,0x41,0x20,0x6a,0x20,0x02,0x41,0x0c,0x6a,0x10,0xf5,0x80,0x80,
    0x80,0x00,0x0b,0x20,0x07,0x41,0x04,0x6a,0x21,0x07,0x0c,0x01,0x0b,0x0b,0x20,0x02,
    0x41,0x00,0x3a,0x00,0x18,0x20,0x02,0x41,0x00,0x3a,0x00,0x0c,0x20,0x02,0x41,0x20,
    0x6a,0x10,0xf6,0x80,0x80,0x80,0x00,0x1a,0x20,0x02,0x41,0xf4,0x01,0x6a,0x10,0x95,
    0x80,0x80,0x80,0x00,0x1a,0x20,0x05,0x10,0x95,0x80,0x80,0x80,0x00,0x1a,0x0c,0x01,
    0x0b,0x20,0x02,0x20,0x02,0x28,0x02,0x20,0x36,0x02,0x0c,0x20,0x02,0x29,0x02,0x24,
    0x21,0x0b,0x41,0x00,0x21,0x03,0x20,0x02,0x41,0x00,0x36,0x02,0x28,0x20,0x02,0x20,
    0x0b,0x37,0x02,0x10,0x20,0x02,0x42,0x00,0x37,0x02,0x20,0x20,0x02,0x41,0x01,0x3a,
    0x00,0x18,0x20,0x02,0x41,0x20,0x6a,0x10,0xf6,0x80,0x80,0x80,0x00,0x1a,0x20,0x02,
    0x41,0xf4,0x01,0x6a,0x10,0x95,0x80,0x80,0x80,0x00,0x1a,0x20,0x05,0x10,0x95,0x80,
    0x80,0x80,0x00,0x1a,0x20,0x02,0x28,0x02,0x10,0x22,0x09,0x20,0x02,0x28,0x02,0x0c,
    0x22,0x04,0x6b,0x41,0x05,0x49,0x0d,0x00,0x20,0x00,0x28,0x02,0x14,0x21,0x00,0x20,
    0x02,0x41,0x00,0x36,0x02,0xfc,0x01,0x20,0x02,0x42,0x00,0x37,0x02,0xf4,0x01,0x41,
    0x00,0x21,0x01,0x02,0x40,0x20,0x09,0x20,0x04,0x41,0x04,0x6a,0x22,0x04,0x46,0x0d,
    0x00,0x20,0x02,0x41,0xf4,0x01,0x6a,0x20,0x09,0x20,0x04,0x6b,0x10,0xf7,0x80,0x80,
    0x80,0x00,0x20,0x02,0x28,0x02,0xf8,0x01,0x21,0x03,0x02,0x40,0x03,0x40,0x20,0x04,
    0x20,0x09,0x46,0x0d,0x01,0x20,0x03,0x20,0x04,0x2d,0x00,0x00,0x3a,0x00,0x00,0x20,
    0x03,0x41,0x01,0x6a,0x21,0x03,0x20,0x04,0x41,0x01,0x6a,0x21,0x04,0x0c,0x00,0x0b,
    0x0b,0x20,0x02,0x20,0x03,0x36,0x02,0xf8,0x01,0x20,0x02,0x28,0x02,0xf4,0x01,0x21,
    0x01,0x0b,0x02,0x40,0x02,0x40,0x02,0x40,0x02,0x40,0x02,0x40,0x20,0x03,0x20,0x01,
    0x6b,0x22,0x09,0x41,0x01,0x4b,0x0d,0x00,0x20,0x00,0x41,0x10,0x6a,0x21,0x07,0x0c,
    0x01,0x0b,0x02,0x40,0x02,0x40,0x02,0x40,0x20,0x01,0x2d,0x00,0x00,0x22,0x04,0x41,
    0x1f,0x47,0x0d,0x00,0x41,0x8b,0x01,0x21,0x04,0x0c,0x01,0x0b,0x20,0x04,0x41,0xf8,
    0x00,0x47,0x0d,0x01,0x41,0x9c,0x01,0x21,0x04,0x0b,0x20,0x01,0x2d,0x00,0x01,0x20,
    0x04,0x47,0x0d,0x00,0x02,0x40,0x02,0x40,0x02,0x40,0x02,0x40,0x20,0x01,0x20,0x03,
    0x47,0x0d,0x00,0x41,0x00,0x21,0x09,0x20,0x02,0x41,0x00,0x3a,0x00,0x3c,0x20,0x02,
    0x41,0x00,0x3a,0x00,0x30,0x0c,0x01,0x0b,0x02,0x40,0x02,0x40,0x20,0x01,0x20,0x09,
    0x20,0x02,0x41,0x20,0x6a,0x41,0x80,0x80,0x80,0x01,0x10,0xf8,0x80,0x80,0x80,0x00,
    0x22,0x04,0x28,0x02,0x00,0x41,0x80,0x80,0x80,0x01,0x10,0x81,0x80,0x80,0x80,0x00,
    0x22,0x07,0x41,0x7f,0x4a,0x22,0x09,0x0d,0x00,0x41,0x00,0x21,0x0a,0x20,0x02,0x41,
    0x00,0x3a,0x00,0x30,0x0c,0x01,0x0b,0x20,0x04,0x20,0x07,0x10,0xf9,0x80,0x80,0x80,
    0x00,0x02,0x40,0x20,0x04,0x28,0x02,0x08,0x22,0x08,0x20,0x04,0x28,0x02,0x00,0x22,
    0x0a,0x6b,0x22,0x0c,0x20,0x04,0x28,0x02,0x04,0x22,0x06,0x20,0x0a,0x6b,0x22,0x05,
    0x4d,0x0d,0x00,0x02,0x40,0x20,0x02,0x41,0x30,0x6a,0x20,0x05,0x20,0x05,0x10,0xfa,
    0x80,0x80,0x80,0x00,0x22,0x05,0x28,0x02,0x0c,0x20,0x05,0x28,0x02,0x00,0x6b,0x20,
    0x0c,0x4f,0x0d,0x00,0x20,0x04,0x20,0x05,0x10,0xfb,0x80,0x80,0x80,0x00,0x20,0x04,
    0x28,0x02,0x08,0x21,0x08,0x20,0x04,0x28,0x02,0x04,0x21,0x06,0x20,0x04,0x28,0x02,
    0x00,0x21,0x0a,0x0b,0x20,0x05,0x10,0xfc,0x80,0x80,0x80,0x00,0x1a,0x0b,0x20,0x04,
    0x41,0x00,0x36,0x02,0x08,0x20,0x04,0x42,0x00,0x37,0x02,0x00,0x20,0x02,0x20,0x08,
    0x36,0x02,0x38,0x20,0x02,0x20,0x06,0x36,0x02,0x34,0x20,0x02,0x20,0x0a,0x36,0x02,
    0x30,0x41,0x01,0x21,0x0a,0x0b,0x20,0x02,0x20,0x0a,0x3a,0x00,0x3c,0x20,0x04,0x10,
    0xf6,0x80,0x80,0x80,0x00,0x1a,0x20,0x07,0x41,0x7f,0x4a,0x0d,0x01,0x0b,0x20,0x00,
    0x41,0x20,0x6a,0x20,0x02,0x41,0x20,0x6a,0x41,0x96,0x91,0x84,0x80,0x00,0x10,0x8a,
    0x80,0x80,0x80,0x00,0x22,0x04,0x20,0x00,0x28,0x02,0x28,0x11,0x80,0x80,0x80,0x80,
    0x00,0x80,0x80,0x80,0x80,0x00,0x20,0x04,0x10,0x95,0x80,0x80,0x80,0x00,0x1a,0x0c,
    0x01,0x0b,0x20,0x01,0x10,0x9e,0x80,0x80,0x80,0x00,0x20,0x02,0x20,0x02,0x28,0x02,
    0x30,0x22,0x01,0x36,0x02,0xf4,0x01,0x20,0x02,0x20,0x02,0x28,0x02,0x34,0x22,0x03,
    0x36,0x02,0xf8,0x01,0x20,0x02,0x28,0x02,0x38,0x21,0x04,0x20,0x02,0x41,0x00,0x36,
    0x02,0x38,0x20,0x02,0x20,0x04,0x36,0x02,0xfc,0x01,0x20,0x02,0x42,0x00,0x37,0x02,
    0x30,0x0b,0x20,0x02,0x41,0x30,0x6a,0x10,0xfd,0x80,0x80,0x80,0x00,0x1a,0x20,0x09,
    0x45,0x0d,0x04,0x20,0x03,0x20,0x01,0x6b,0x21,0x09,0x0b,0x20,0x09,0x41,0xf7,0xff,
    0xff,0xff,0x07,0x4f,0x0d,0x06,0x20,0x00,0x41,0x10,0x6a,0x21,0x07,0x20,0x09,0x41,
    0x0a,0x4b,0x0d,0x01,0x0b,0x20,0x02,0x20,0x09,0x3a,0x00,0x3b,0x20,0x02,0x41,0x30,
    0x6a,0x21,0x04,0x0c,0x01,0x0b,0x20,0x09,0x41,0xf8,0xff,0xff,0xff,0x07,0x71,0x22,
    0x0a,0x41,0x08,0x6a,0x10,0xd1,0x80,0x80,0x80,0x00,0x21,0x04,0x20,0x02,0x20,0x0a,
    0x41,0x88,0x80,0x80,0x80,0x78,0x6a,0x36,0x02,0x38,0x20,0x02,0x20,0x09,0x36,0x02,
    0x34,0x20,0x02,0x20,0x04,0x36,0x02,0x30,0x0b,0x02,0x40,0x03,0x40,0x20,0x01,0x20,
    0x03,0x46,0x0d,0x01,0x20,0x04,0x20,0x01,0x2d,0x00,0x00,0x3a,0x00,0x00,0x20,0x01,
    0x41,0x01,0x6a,0x21,0x01,0x20,0x04,0x41,0x01,0x6a,0x21,0x04,0x0c,0x00,0x0b,0x0b,
    0x20,0x04,0x41,0x00,0x3a,0x00,0x00,0x20,0x07,0x20,0x02,0x41,0x30,0x6a,0x20,0x00,
    0x28,0x02,0x18,0x11,0x80,0x80,0x80,0x80,0x00,0x80,0x80,0x80,0x80,0x00,0x20,0x02,
    0x41,0x30,0x6a,0x10,0x95,0x80,0x80,0x80,0x00,0x1a,0x0b,0x20,0x02,0x41,0xf4,0x01,
    0x6a,0x10,0xf6,0x80,0x80,0x80,0x00,0x1a,0x0b,0x20,0x02,0x41,0x0c,0x6a,0x10,0xfd,
    0x80,0x80,0x80,0x00,0x1a,0x0c,0x06,0x0b,0x02,0x40,0x20,0x02,0x41,0xcc,0x01,0x6a,
    0x41,0xf6,0x90,0x84,0x80,0x00,0x10,0xc6,0x80,0x80,0x80,0x00,0x45,0x0d,0x00,0x02,
    0x40,0x20,0x00,0x2d,0x00,0x31,0x41,0x01,0x47,0x0d,0x00,0x20,0x00,0x20,0x02,0x41,
    0x30,0x6a,0x41,0xcc,0x8a,0x84,0x80,0x00,0x10,0x8a,0x80,0x80,0x80,0x00,0x22,0x01,
    0x10,0x98,0x80,0x80,0x80,0x00,0x20,0x01,0x10,0x95,0x80,0x80,0x80,0x00,0x1a,0x0c,
    0x07,0x0b,0x02,0x40,0x20,0x00,0x2d,0x00,0x30,0x41,0x01,0x47,0x0d,0x00,0x20,0x00,
    0x2d,0x00,0x18,0x0d,0x06,0x20,0x00,0x2d,0x00,0x34,0x41,0x01,0x71,0x45,0x0d,0x07,
    0x0c,0x06,0x0b,0x20,0x00,0x20,0x02,0x41,0x30,0x6a,0x41,0xc6,0x87,0x84,0x80,0x00,
    0x10,0x8a,0x80,0x80,0x80,0x00,0x22,0x01,0x10,0x98,0x80,0x80,0x80,0x00,0x20,0x01,
    0x10,0x95,0x80,0x80,0x80,0x00,0x1a,0x0c,0x06,0x0b,0x02,0x40,0x20,0x02,0x41,0xcc,
    0x01,0x6a,0x41,0xd0,0x8c,0x84,0x80,0x00,0x10,0xc6,0x80,0x80,0x80,0x00,0x45,0x0d,
    0x00,0x20,0x02,0x41,0x30,0x6a,0x41,0xd7,0x8c,0x84,0x80,0x00,0x10,0xa8,0x80,0x80,
    0x80,0x00,0x21,0x04,0x20,0x02,0x41,0xf4,0x01,0x6a,0x41,0xf1,0x86,0x84,0x80,0x00,
    0x10,0x8a,0x80,0x80,0x80,0x00,0x21,0x09,0x20,0x02,0x41,0x20,0x6a,0x20,0x01,0x28,
    0x02,0x00,0x20,0x09,0x10,0xa9,0x80,0x80,0x80,0x00,0x20,0x04,0x41,0x14,0x6a,0x41,
    0xf1,0x86,0x84,0x80,0x00,0x20,0x02,0x41,0x20,0x6a,0x10,0xfe,0x80,0x80,0x80,0x00,
    0x1a,0x20,0x02,0x41,0xd8,0x01,0x6a,0x41,0xb2,0x8f,0x84,0x80,0x00,0x10,0x8a,0x80,
    0x80,0x80,0x00,0x21,0x07,0x20,0x02,0x41,0xe8,0x01,0x6a,0x20,0x01,0x28,0x02,0x00,
    0x20,0x07,0x10,0xa9,0x80,0x80,0x80,0x00,0x20,0x04,0x41,0x28,0x6a,0x41,0xb2,0x8f,
    0x84,0x80,0x00,0x20,0x02,0x41,0xe8,0x01,0x6a,0x10,0xfe,0x80,0x80,0x80,0x00,0x1a,
    0x20,0x02,0x41,0xc0,0x01,0x6a,0x41,0xcb,0x8d,0x84,0x80,0x00,0x10,0x8a,0x80,0x80,
    0x80,0x00,0x21,0x0a,0x20,0x01,0x28,0x02,0x00,0x22,0x01,0x20,0x0a,0x20,0x01,0x28,
    0x02,0x00,0x28,0x02,0x2c,0x11,0x82,0x80,0x80,0x80,0x00,0x80,0x80,0x80,0x80,0x00,
    0x28,0x02,0x00,0x22,0x01,0x20,0x01,0x28,0x02,0x00,0x28,0x02,0x10,0x11,0x84,0x80,
    0x80,0x80,0x00,0x80,0x80,0x80,0x80,0x00,0x21,0x0d,0x20,0x04,0x41,0x3c,0x6a,0x41,
    0xcb,0x8d,0x84,0x80,0x00,0x10,0x8a,0x80,0x80,0x80,0x00,0x1a,0x20,0x04,0x41,0xc8,
    0x00,0x6a,0x20,0x0d,0xfc,0x02,0x10,0xc3,0x80,0x80,0x80,0x00,0x1a,0x20,0x02,0x41,
    0x30,0x6a,0x41,0x3c,0x6a,0x21,0x01,0x20,0x02,0x41,0x0c,0x6a,0x20,0x04,0x41,0x04,
    0x10,0x92,0x80,0x80,0x80,0x00,0x21,0x08,0x03,0x40,0x20,0x01,0x10,0x94,0x80,0x80,
    0x80,0x00,0x21,0x03,0x20,0x01,0x41,0x6c,0x6a,0x21,0x01,0x20,0x03,0x20,0x04,0x47,
    0x0d,0x00,0x0b,0x20,0x0a,0x10,0x95,0x80,0x80,0x80,0x00,0x1a,0x20,0x02,0x41,0xe8,
    0x01,0x6a,0x10,0x95,0x80,0x80,0x80,0x00,0x1a,0x20,0x07,0x10,0x95,0x80,0x80,0x80,
    0x00,0x1a,0x20,0x02,0x41,0x20,0x6a,0x10,0x95,0x80,0x80,0x80,0x00,0x1a,0x20,0x09,
    0x10,0x95,0x80,0x80,0x80,0x00,0x1a,0x20,0x00,0x20,0x08,0x10,0xff,0x80,0x80,0x80,
    0x00,0x20,0x08,0x28,0x02,0x04,0x10,0x93,0x80,0x80,0x80,0x00,0x0c,0x06,0x0b,0x02,
    0x40,0x20,0x02,0x41,0xcc,0x01,0x6a,0x41,0xd5,0x8b,0x84,0x80,0x00,0x10,0xc6,0x80,
    0x80,0x80,0x00,0x45,0x0d,0x00,0x20,0x02,0x41,0x0c,0x6a,0x41,0xfd,0x8b,0x84,0x80,
    0x00,0x10,0x8a,0x80,0x80,0x80,0x00,0x21,0x03,0x20,0x02,0x41,0x30,0x6a,0x20,0x01,
    0x28,0x02,0x00,0x20,0x03,0x10,0xa9,0x80,0x80,0x80,0x00,0x20,0x00,0x20,0x02,0x41,
    0x30,0x6a,0x20,0x00,0x28,0x02,0x00,0x28,0x02,0x10,0x11,0x80,0x80,0x80,0x80,0x00,
    0x80,0x80,0x80,0x80,0x00,0x20,0x02,0x41,0x30,0x6a,0x10,0x95,0x80,0x80,0x80,0x00,
    0x1a,0x20,0x03,0x10,0x95,0x80,0x80,0x80,0x00,0x1a,0x0c,0x06,0x0b,0x02,0x40,0x20,
    0x02,0x41,0xcc,0x01,0x6a,0x41,0xc2,0x8b,0x84,0x80,0x00,0x10,0xc6,0x80,0x80,0x80,
    0x00,0x45,0x0d,0x00,0x20,0x02,0x41,0x0c,0x6a,0x41,0xfd,0x8b,0x84,0x80,0x00,0x10,
    0x8a,0x80,0x80,0x80,0x00,0x21,0x03,0x20,0x02,0x41,0x30,0x6a,0x20,0x01,0x28,0x02,
    0x00,0x20,0x03,0x10,0xa9,0x80,0x80,0x80,0x00,0x20,0x00,0x41,0x38,0x6a,0x20,0x02,
    0x41,0x30,0x6a,0x10,0x80,0x81,0x80,0x80,0x00,0x20,0x02,0x41,0x30,0x6a,0x10,0x95,
    0x80,0x80,0x80,0x00,0x1a,0x20,0x03,0x10,0x95,0x80,0x80,0x80,0x00,0x1a,0x0c,0x06,
    0x0b,0x02,0x40,0x20,0x02,0x41,0xcc,0x01,0x6a,0x41,0xd0,0x8f,0x84,0x80,0x00,0x10,
    0xc6,0x80,0x80,0x80,0x00,0x45,0x0d,0x00,0x20,0x02,0x41,0x30,0x6a,0x41,0x80,0x89,
    0x84,0x80,0x00,0x10,0x8a,0x80,0x80,0x80,0x00,0x21,0x03,0x20,0x01,0x28,0x02,0x00,
    0x22,0x04,0x20,0x03,0x20,0x04,0x28,0x02,0x00,0x28,0x02,0x2c,0x11,0x82,0x80,0x80,
    0x80,0x00,0x80,0x80,0x80,0x80,0x00,0x28,0x02,0x00,0x22,0x04,0x20,0x04,0x28,0x02,
    0x00,0x28,0x02,0x18,0x11,0x81,0x80,0x80,0x80,0x00,0x80,0x80,0x80,0x80,0x00,0x21,
    0x04,0x20,0x03,0x10,0x95,0x80,0x80,0x80,0x00,0x1a,0x02,0x40,0x20,0x04,0x45,0x0d,
    0x00,0x20,0x02,0x41,0x30,0x6a,0x41,0xfc,0x8c,0x84,0x80,0x00,0x10,0x8a,0x80,0x80,
    0x80,0x00,0x21,0x03,0x20,0x02,0x41,0x0c,0x6a,0x20,0x01,0x28,0x02,0x00,0x20,0x03,
    0x10,0xa9,0x80,0x80,0x80,0x00,0x20,0x03,0x10,0x95,0x80,0x80,0x80,0x00,0x1a,0x20,
    0x02,0x41,0xf4,0x01,0x6a,0x41,0xf1,0x86,0x84,0x80,0x00,0x10,0x8a,0x80,0x80,0x80,
    0x00,0x21,0x03,0x20,0x02,0x41,0x30,0x6a,0x20,0x01,0x28,0x02,0x00,0x20,0x03,0x10,
    0xa9,0x80,0x80,0x80,0x00,0x20,0x02,0x41,0x20,0x6a,0x20,0x00,0x20,0x02,0x41,0x0c,
    0x6a,0x20,0x02,0x41,0x30,0x6a,0x20,0x00,0x28,0x02,0x00,0x28,0x02,0x08,0x11,0x85,
    0x80,0x80,0x80,0x00,0x80,0x80,0x80,0x80,0x00,0x20,0x02,0x41,0x30,0x6a,0x10,0x95,
    0x80,0x80,0x80,0x00,0x1a,0x20,0x03,0x10,0x95,0x80,0x80,0x80,0x00,0x1a,0x20,0x02,
    0x41,0x30,0x6a,0x41,0xfb,0x8c,0x84,0x80,0x00,0x10,0x8a,0x80,0x80,0x80,0x00,0x22,
    0x04,0x41,0x0c,0x6a,0x41,0x93,0x87,0x84,0x80,0x00,0x10,0x8e,0x80,0x80,0x80,0x00,
    0x1a,0x20,0x04,0x41,0x14,0x6a,0x41,0xfc,0x8c,0x84,0x80,0x00,0x10,0x8a,0x80,0x80,
    0x80,0x00,0x1a,0x20,0x04,0x41,0x20,0x6a,0x20,0x02,0x41,0x0c,0x6a,0x10,0xda,0x80,
    0x80,0x80,0x00,0x1a,0x20,0x04,0x41,0x28,0x6a,0x20,0x02,0x41,0x20,0x6a,0x10,0xdc,
    0x80,0x80,0x80,0x00,0x1a,0x20,0x00,0x41,0x04,0x6a,0x20,0x02,0x41,0xf4,0x01,0x6a,
    0x20,0x04,0x41,0x03,0x10,0x92,0x80,0x80,0x80,0x00,0x22,0x01,0x20,0x00,0x28,0x02,
    0x0c,0x11,0x80,0x80,0x80,0x80,0x00,0x80,0x80,0x80,0x80,0x00,0x20,0x01,0x28,0x02,
    0x04,0x10,0x93,0x80,0x80,0x80,0x00,0x20,0x02,0x41,0x30,0x6a,0x41,0x28,0x6a,0x21,
    0x01,0x03,0x40,0x20,0x01,0x10,0x94,0x80,0x80,0x80,0x00,0x21,0x03,0x20,0x01,0x41,
    0x6c,0x6a,0x21,0x01,0x20,0x03,0x20,0x04,0x47,0x0d,0x00,0x0b,0x20,0x02,0x41,0x20,
    0x6a,0x10,0x95,0x80,0x80,0x80,0x00,0x1a,0x20,0x02,0x41,0x0c,0x6a,0x10,0x95,0x80,
    0x80,0x80,0x00,0x1a,0x0c,0x07,0x0b,0x20,0x00,0x41,0x00,0x3a,0x00,0x31,0x20,0x02,
    0x41,0x20,0x6a,0x41,0xa4,0x85,0x84,0x80,0x00,0x10,0x8a,0x80,0x80,0x80,0x00,0x21,
    0x03,0x20,0x02,0x41,0x0c,0x6a,0x20,0x01,0x28,0x02,0x00,0x20,0x03,0x10,0xa9,0x80,
    0x80,0x80,0x00,0x20,0x02,0x41,0x30,0x6a,0x41,0xf3,0x95,0x84,0x80,0x00,0x20,0x02,
    0x41,0x0c,0x6a,0x10,0x81,0x81,0x80,0x80,0x00,0x20,0x00,0x20,0x02,0x41,0x30,0x6a,
    0x10,0x98,0x80,0x80,0x80,0x00,0x20,0x02,0x41,0x30,0x6a,0x10,0x95,0x80,0x80,0x80,
    0x00,0x1a,0x20,0x02,0x41,0x0c,0x6a,0x10,0x95,0x80,0x80,0x80,0x00,0x1a,0x20,0x03,
    0x10,0x95,0x80,0x80,0x80,0x00,0x1a,0x0c,0x06,0x0b,0x02,0x40,0x20,0x02,0x41,0xcc,
    0x01,0x6a,0x41,0xd2,0x90,0x84,0x80,0x00,0x10,0xc6,0x80,0x80,0x80,0x00,0x45,0x0d,
    0x00,0x20,0x02,0x41,0x20,0x6a,0x41,0xf2,0x88,0x84,0x80,0x00,0x10,0x8a,0x80,0x80,
    0x80,0x00,0x21,0x09,0x20,0x02,0x41,0x30,0x6a,0x41,0xf2,0x88,0x84,0x80,0x00,0x20,
    0x01,0x28,0x02,0x00,0x22,0x03,0x20,0x09,0x20,0x03,0x28,0x02,0x00,0x28,0x02,0x2c,
    0x11,0x82,0x80,0x80,0x80,0x00,0x80,0x80,0x80,0x80,0x00,0x10,0xdf,0x80,0x80,0x80,
    0x00,0x21,0x04,0x20,0x02,0x41,0xf4,0x01,0x6a,0x41,0xb0,0x8b,0x84,0x80,0x00,0x10,
    0x8a,0x80,0x80,0x80,0x00,0x21,0x07,0x20,0x01,0x28,0x02,0x00,0x22,0x01,0x20,0x07,
    0x20,0x01,0x28,0x02,0x00,0x28,0x02,0x2c,0x11,0x82,0x80,0x80,0x80,0x00,0x80,0x80,
    0x80,0x80,0x00,0x21,0x01,0x20,0x04,0x41,0x14,0x6a,0x41,0xb0,0x8b,0x84,0x80,0x00,
    0x10,0x8a,0x80,0x80,0x80,0x00,0x1a,0x20,0x04,0x20,0x01,0x28,0x02,0x00,0x36,0x02,
    0x20,0x20,0x04,0x20,0x01,0x28,0x02,0x04,0x22,0x01,0x36,0x02,0x24,0x02,0x40,0x20,
    0x01,0x45,0x0d,0x00,0x20,0x01,0x20,0x01,0x28,0x02,0x04,0x41,0x01,0x6a,0x36,0x02,
    0x04,0x0b,0x20,0x02,0x41,0x30,0x6a,0x41,0x14,0x6a,0x21,0x01,0x20,0x02,0x41,0x0c,
    0x6a,0x20,0x04,0x41,0x02,0x10,0x92,0x80,0x80,0x80,0x00,0x21,0x0a,0x03,0x40,0x20,
    0x01,0x10,0x94,0x80,0x80,0x80,0x00,0x21,0x03,0x20,0x01,0x41,0x6c,0x6a,0x21,0x01,
    0x20,0x03,0x20,0x04,0x47,0x0d,0x00,0x0b,0x20,0x07,0x10,0x95,0x80,0x80,0x80,0x00,
    0x1a,0x20,0x09,0x10,0x95,0x80,0x80,0x80,0x00,0x1a,0x02,0x40,0x20,0x00,0x41,0xf0,
    0x00,0x6a,0x22,0x03,0x20,0x02,0x41,0x30,0x6a,0x20,0x0a,0x10,0xe0,0x80,0x80,0x80,
    0x00,0x22,0x01,0x10,0xf0,0x80,0x80,0x80,0x00,0x0d,0x00,0x20,0x03,0x20,0x01,0x10,
    0x82,0x81,0x80,0x80,0x00,0x1a,0x20,0x00,0x20,0x00,0x2d,0x00,0x55,0x20,0x00,0x2d,
    0x00,0x56,0x10,0xec,0x80,0x80,0x80,0x00,0x0b,0x20,0x01,0x10,0xa7,0x80,0x80,0x80,
    0x00,0x1a,0x20,0x0a,0x28,0x02,0x04,0x10,0x93,0x80,0x80,0x80,0x00,0x0c,0x06,0x0b,
    0x02,0x40,0x20,0x02,0x41,0xcc,0x01,0x6a,0x41,0xa6,0x8d,0x84,0x80,0x00,0x10,0xc6,
    0x80,0x80,0x80,0x00,0x45,0x0d,0x00,0x20,0x00,0x41,0x00,0x3a,0x00,0x31,0x20,0x02,
    0x41,0x30,0x6a,0x41,0x80,0x89,0x84,0x80,0x00,0x10,0x8a,0x80,0x80,0x80,0x00,0x21,
    0x03,0x20,0x01,0x28,0x02,0x00,0x22,0x04,0x20,0x03,0x20,0x04,0x28,0x02,0x00,0x28,
    0x02,0x2c,0x11,0x82,0x80,0x80,0x80,0x00,0x80,0x80,0x80,0x80,0x00,0x28,0x02,0x00,
    0x22,0x04,0x20,0x04,0x28,0x02,0x00,0x28,0x02,0x18,0x11,0x81,0x80,0x80,0x80,0x00,
    0x80,0x80,0x80,0x80,0x00,0x21,0x04,0x20,0x03,0x10,0x95,0x80,0x80,0x80,0x00,0x1a,
    0x02,0x40,0x02,0x40,0x20,0x04,0x45,0x0d,0x00,0x20,0x00,0x41,0x01,0x3a,0x00,0x33,
    0x20,0x02,0x41,0xf4,0x01,0x6a,0x41,0xfc,0x8c,0x84,0x80,0x00,0x10,0x8a,0x80,0x80,
    0x80,0x00,0x21,0x09,0x20,0x02,0x41,0x20,0x6a,0x20,0x01,0x28,0x02,0x00,0x20,0x09,
    0x10,0xa9,0x80,0x80,0x80,0x00,0x20,0x02,0x41,0x30,0x6a,0x41,0xfb,0x8c,0x84,0x80,
    0x00,0x10,0x8a,0x80,0x80,0x80,0x00,0x22,0x04,0x41,0x0c,0x6a,0x20,0x02,0x41,0x20,
    0x6a,0x10,0x91,0x80,0x80,0x80,0x00,0x1a,0x20,0x02,0x41,0xd8,0x01,0x6a,0x41,0xf1,
    0x86,0x84,0x80,0x00,0x10,0x8a,0x80,0x80,0x80,0x00,0x21,0x07,0x20,0x02,0x41,0xe8,
    0x01,0x6a,0x20,0x01,0x28,0x02,0x00,0x20,0x07,0x10,0xa9,0x80,0x80,0x80,0x00,0x20,
    0x04,0x41,0x14,0x6a,0x41,0xf1,0x86,0x84,0x80,0x00,0x20,0x02,0x41,0xe8,0x01,0x6a,
    0x10,0xfe,0x80,0x80,0x80,0x00,0x1a,0x20,0x02,0x41,0x30,0x6a,0x41,0x14,0x6a,0x21,
    0x01,0x20,0x02,0x41,0x0c,0x6a,0x20,0x04,0x41,0x02,0x10,0x92,0x80,0x80,0x80,0x00,
    0x21,0x0a,0x03,0x40,0x20,0x01,0x10,0x94,0x80,0x80,0x80,0x00,0x21,0x03,0x20,0x01,
    0x41,0x6c,0x6a,0x21,0x01,0x20,0x03,0x20,0x04,0x47,0x0d,0x00,0x0b,0x20,0x02,0x41,
    0xe8,0x01,0x6a,0x10,0x95,0x80,0x80,0x80,0x00,0x1a,0x20,0x07,0x10,0x95,0x80,0x80,
    0x80,0x00,0x1a,0x20,0x02,0x41,0x20,0x6a,0x10,0x95,0x80,0x80,0x80,0x00,0x1a,0x20,
    0x09,0x10,0x95,0x80,0x80,0x80,0x00,0x1a,0x20,0x00,0x20,0x0a,0x10,0xff,0x80,0x80,
    0x80,0x00,0x20,0x0a,0x28,0x02,0x04,0x10,0x93,0x80,0x80,0x80,0x00,0x0c,0x01,0x0b,
    0x20,0x00,0x20,0x02,0x41,0x30,0x6a,0x41,0xfa,0x8f,0x84,0x80,0x00,0x10,0x8a,0x80,
    0x80,0x80,0x00,0x22,0x01,0x10,0x98,0x80,0x80,0x80,0x00,0x20,0x01,0x10,0x95,0x80,
    0x80,0x80,0x00,0x1a,0x0b,0x20,0x00,0x10,0x83,0x81,0x80,0x80,0x00,0x0c,0x06,0x0b,
    0x02,0x40,0x20,0x02,0x41,0xcc,0x01,0x6a,0x41,0xb8,0x8d,0x84,0x80,0x00,0x10,0xc6,
    0x80,0x80,0x80,0x00,0x45,0x0d,0x00,0x20,0x00,0x41,0x00,0x3a,0x00,0x32,0x20,0x02,
    0x41,0x30,0x6a,0x41,0x80,0x89,0x84,0x80,0x00,0x10,0x8a,0x80,0x80,0x80,0x00,0x21,
    0x03,0x20,0x01,0x28,0x02,0x00,0x22,0x04,0x20,0x03,0x20,0x04,0x28,0x02,0x00,0x28,
    0x02,0x2c,0x11,0x82,0x80,0x80,0x80,0x00,0x80,0x80,0x80,0x80,0x00,0x28,0x02,0x00,
    0x22,0x04,0x20,0x04,0x28,0x02,0x00,0x28,0x02,0x18,0x11,0x81,0x80,0x80,0x80,0x00,
    0x80,0x80,0x80,0x80,0x00,0x21,0x04,0x20,0x03,0x10,0x95,0x80,0x80,0x80,0x00,0x1a,
    0x02,0x40,0x20,0x04,0x45,0x0d,0x00,0x20,0x00,0x41,0x01,0x3a,0x00,0x34,0x20,0x00,
    0x10,0x83,0x81,0x80,0x80,0x00,0x20,0x02,0x41,0x0c,0x6a,0x41,0x93,0x8d,0x84,0x80,
    0x00,0x10,0x8a,0x80,0x80,0x80,0x00,0x21,0x03,0x20,0x02,0x41,0x30,0x6a,0x20,0x01,
    0x28,0x02,0x00,0x20,0x03,0x10,0xa9,0x80,0x80,0x80,0x00,0x20,0x02,0x41,0x30,0x6a,
    0x41,0x89,0x86,0x84,0x80,0x00,0x10,0xc6,0x80,0x80,0x80,0x00,0x21,0x01,0x20,0x02,
    0x41,0x30,0x6a,0x10,0x95,0x80,0x80,0x80,0x00,0x1a,0x20,0x03,0x10,0x95,0x80,0x80,
    0x80,0x00,0x1a,0x20,0x01,0x0d,0x06,0x0c,0x07,0x0b,0x20,0x00,0x20,0x02,0x41,0x30,
    0x6a,0x41,0x95,0x90,0x84,0x80,0x00,0x10,0x8a,0x80,0x80,0x80,0x00,0x22,0x01,0x10,
    0x98,0x80,0x80,0x80,0x00,0x20,0x01,0x10,0x95,0x80,0x80,0x80,0x00,0x1a,0x0c,0x06,
    0x0b,0x02,0x40,0x20,0x02,0x41,0xcc,0x01,0x6a,0x41,0xe2,0x8b,0x84,0x80,0x00,0x10,
    0xc6,0x80,0x80,0x80,0x00,0x45,0x0d,0x00,0x20,0x02,0x41,0x0c,0x6a,0x41,0xec,0x88,
    0x84,0x80,0x00,0x10,0x8a,0x80,0x80,0x80,0x00,0x21,0x03,0x20,0x02,0x41,0x30,0x6a,
    0x20,0x01,0x28,0x02,0x00,0x20,0x03,0x10,0xa9,0x80,0x80,0x80,0x00,0x20,0x02,0x41,
    0x30,0x6a,0x41,0xbc,0x91,0x84,0x80,0x00,0x10,0xc6,0x80,0x80,0x80,0x00,0x21,0x04,
    0x20,0x02,0x41,0x30,0x6a,0x10,0x95,0x80,0x80,0x80,0x00,0x1a,0x20,0x03,0x10,0x95,
    0x80,0x80,0x80,0x00,0x1a,0x02,0x40,0x20,0x04,0x45,0x0d,0x00,0x20,0x02,0x41,0x30,
    0x6a,0x41,0xaf,0x88,0x84,0x80,0x00,0x10,0x8a,0x80,0x80,0x80,0x00,0x21,0x03,0x20,
    0x01,0x28,0x02,0x00,0x22,0x04,0x20,0x03,0x20,0x04,0x28,0x02,0x00,0x28,0x02,0x2c,
    0x11,0x82,0x80,0x80,0x80,0x00,0x80,0x80,0x80,0x80,0x00,0x28,0x02,0x00,0x22,0x04,
    0x20,0x04,0x28,0x02,0x00,0x28,0x02,0x18,0x11,0x81,0x80,0x80,0x80,0x00,0x80,0x80,
    0x80,0x80,0x00,0x21,0x04,0x20,0x03,0x10,0x95,0x80,0x80,0x80,0x00,0x1a,0x02,0x40,
    0x20,0x04,0x45,0x0d,0x00,0x20,0x00,0x2d,0x00,0x54,0x0d,0x01,0x20,0x00,0x41,0x01,
    0x3a,0x00,0x54,0x20,0x00,0x10,0x84,0x81,0x80,0x80,0x00,0x0c,0x01,0x0b,0x20,0x00,
    0x41,0x00,0x3a,0x00,0x54,0x0b,0x20,0x00,0x20,0x01,0x20,0x00,0x28,0x02,0x00,0x28,
    0x02,0x18,0x11,0x80,0x80,0x80,0x80,0x00,0x80,0x80,0x80,0x80,0x00,0x0c,0x06,0x0b,
    0x02,0x40,0x20,0x02,0x41,0xcc,0x01,0x6a,0x41,0xe1,0x8d,0x84,0x80,0x00,0x10,0xc6,
    0x80,0x80,0x80,0x00,0x45,0x0d,0x00,0x20,0x02,0x41,0x0c,0x6a,0x41,0xec,0x88,0x84,
    0x80,0x00,0x10,0x8a,0x80,0x80,0x80,0x00,0x21,0x03,0x20,0x02,0x41,0x30,0x6a,0x20,
    0x01,0x28,0x02,0x00,0x20,0x03,0x10,0xa9,0x80,0x80,0x80,0x00,0x20,0x02,0x41,0x30,
    0x6a,0x41,0xbc,0x91,0x84,0x80,0x00,0x10,0xc6,0x80,0x80,0x80,0x00,0x21,0x04,0x20,
    0x02,0x41,0x30,0x6a,0x10,0x95,0x80,0x80,0x80,0x00,0x1a,0x20,0x03,0x10,0x95,0x80,
    0x80,0x80,0x00,0x1a,0x02,0x40,0x20,0x04,0x45,0x0d,0x00,0x20,0x02,0x41,0x0c,0x6a,
    0x41,0xbc,0x91,0x84,0x80,0x00,0x10,0x8a,0x80,0x80,0x80,0x00,0x21,0x03,0x20,0x02,
    0x41,0x30,0x6a,0x20,0x01,0x28,0x02,0x00,0x20,0x03,0x10,0xa9,0x80,0x80,0x80,0x00,
    0x20,0x00,0x20,0x02,0x41,0x30,0x6a,0x10,0x99,0x80,0x80,0x80,0x00,0x20,0x02,0x41,
    0x30,0x6a,0x10,0x95,0x80,0x80,0x80,0x00,0x1a,0x20,0x03,0x10,0x95,0x80,0x80,0x80,
    0x00,0x1a,0x0b,0x20,0x00,0x20,0x01,0x20,0x00,0x28,0x02,0x00,0x28,0x02,0x18,0x11,
    0x80,0x80,0x80,0x80,0x00,0x80,0x80,0x80,0x80,0x00,0x0c,0x06,0x0b,0x02,0x40,0x02,
    0x40,0x20,0x02,0x41,0xcc,0x01,0x6a,0x41,0xee,0x8f,0x84,0x80,0x00,0x10,0xc6,0x80,
    0x80,0x80,0x00,0x0d,0x00,0x20,0x02,0x41,0xcc,0x01,0x6a,0x41,0xca,0x88,0x84,0x80,
    0x00,0x10,0xc6,0x80,0x80,0x80,0x00,0x45,0x0d,0x01,0x0b,0x20,0x00,0x20,0x01,0x20,
    0x00,0x28,0x02,0x00,0x28,0x02,0x18,0x11,0x80,0x80,0x80,0x80,0x00,0x80,0x80,0x80,
    0x80,0x00,0x0c,0x06,0x0b,0x02,0x40,0x20,0x02,0x41,0xcc,0x01,0x6a,0x41,0xe7,0x85,
    0x84,0x80,0x00,0x10,0xc6,0x80,0x80,0x80,0x00,0x45,0x0d,0x00,0x20,0x02,0x41,0x30,
    0x6a,0x41,0xb4,0x88,0x84,0x80,0x00,0x10,0x8a,0x80,0x80,0x80,0x00,0x21,0x03,0x20,
    0x01,0x28,0x02,0x00,0x22,0x04,0x20,0x03,0x20,0x04,0x28,0x02,0x00,0x28,0x02,0x2c,
    0x11,0x82,0x80,0x80,0x80,0x00,0x80,0x80,0x80,0x80,0x00,0x28,0x02,0x00,0x22,0x04,
    0x20,0x04,0x28,0x02,0x00,0x28,0x02,0x10,0x11,0x84,0x80,0x80,0x80,0x00,0x80,0x80,
    0x80,0x80,0x00,0x21,0x0d,0x20,0x03,0x10,0x95,0x80,0x80,0x80,0x00,0x1a,0x02,0x40,
    0x02,0x40,0x02,0x40,0x20,0x0d,0xfc,0x02,0x41,0x7f,0x6a,0x0e,0x03,0x00,0x01,0x02,
    0x09,0x0b,0x20,0x02,0x41,0x30,0x6a,0x41,0xfb,0x8c,0x84,0x80,0x00,0x10,0x8a,0x80,
    0x80,0x80,0x00,0x22,0x01,0x41,0x0c,0x6a,0x41,0xf5,0x83,0x84,0x80,0x00,0x10,0x8e,
    0x80,0x80,0x80,0x00,0x1a,0x20,0x00,0x41,0x04,0x6a,0x22,0x03,0x20,0x02,0x41,0x0c,
    0x6a,0x20,0x01,0x41,0x01,0x10,0x92,0x80,0x80,0x80,0x00,0x22,0x04,0x20,0x00,0x28,
    0x02,0x0c,0x11,0x80,0x80,0x80,0x80,0x00,0x80,0x80,0x80,0x80,0x00,0x20,0x04,0x28,
    0x02,0x04,0x10,0x93,0x80,0x80,0x80,0x00,0x20,0x01,0x10,0x94,0x80,0x80,0x80,0x00,
    0x1a,0x20,0x02,0x41,0x30,0x6a,0x41,0xe3,0x85,0x84,0x80,0x00,0x10,0xa8,0x80,0x80,
    0x80,0x00,0x22,0x04,0x41,0x14,0x6a,0x41,0x01,0x10,0xc7,0x80,0x80,0x80,0x00,0x1a,
    0x20,0x04,0x41,0x28,0x6a,0x41,0xe8,0x07,0x10,0xc8,0x80,0x80,0x80,0x00,0x1a,0x20,
    0x03,0x20,0x02,0x41,0x0c,0x6a,0x20,0x04,0x41,0x03,0x10,0x92,0x80,0x80,0x80,0x00,
    0x22,0x01,0x20,0x00,0x28,0x02,0x0c,0x11,0x80,0x80,0x80,0x80,0x00,0x80,0x80,0x80,
    0x80,0x00,0x20,0x01,0x28,0x02,0x04,0x10,0x93,0x80,0x80,0x80,0x00,0x20,0x02,0x41,
    0x30,0x6a,0x41,0x28,0x6a,0x21,0x01,0x03,0x40,0x20,0x01,0x10,0x94,0x80,0x80,0x80,
    0x00,0x21,0x03,0x20,0x01,0x41,0x6c,0x6a,0x21,0x01,0x20,0x03,0x20,0x04,0x47,0x0d,
    0x00,0x0c,0x09,0x0b,0x0b,0x20,0x02,0x41,0x30,0x6a,0x41,0x93,0x88,0x84,0x80,0x00,
    0x10,0x8a,0x80,0x80,0x80,0x00,0x21,0x03,0x20,0x01,0x28,0x02,0x00,0x22,0x01,0x20,
    0x03,0x20,0x01,0x28,0x02,0x00,0x28,0x02,0x2c,0x11,0x82,0x80,0x80,0x80,0x00,0x80,
    0x80,0x80,0x80,0x00,0x28,0x02,0x00,0x22,0x01,0x20,0x01,0x28,0x02,0x00,0x28,0x02,
    0x10,0x11,0x84,0x80,0x80,0x80,0x00,0x80,0x80,0x80,0x80,0x00,0x21,0x0d,0x20,0x00,
    0x28,0x02,0x68,0x21,0x01,0x20,0x03,0x10,0x95,0x80,0x80,0x80,0x00,0x1a,0x20,0x01,
    0x20,0x0d,0xfc,0x02,0x47,0x0d,0x07,0x02,0x40,0x20,0x00,0x2d,0x00,0x55,0x41,0x01,
    0x47,0x0d,0x00,0x20,0x00,0x20,0x00,0x29,0x03,0x28,0x37,0x03,0x58,0x0c,0x06,0x0b,
    0x20,0x00,0x29,0x03,0x28,0x21,0x0b,0x02,0x40,0x20,0x00,0x29,0x03,0x58,0x22,0x0e,
    0x42,0x00,0x52,0x0d,0x00,0x20,0x00,0x20,0x0b,0x37,0x03,0x58,0x0c,0x06,0x0b,0x20,
    0x0b,0x20,0x0e,0x7d,0x42,0xa1,0x9c,0x01,0x53,0x0d,0x05,0x20,0x00,0x41,0x00,0x41,
    0x01,0x10,0xec,0x80,0x80,0x80,0x00,0x0c,0x07,0x0b,0x20,0x02,0x41,0x30,0x6a,0x41,
    0x93,0x88,0x84,0x80,0x00,0x10,0x8a,0x80,0x80,0x80,0x00,0x21,0x03,0x20,0x01,0x28,
    0x02,0x00,0x22,0x01,0x20,0x03,0x20,0x01,0x28,0x02,0x00,0x28,0x02,0x2c,0x11,0x82,
    0x80,0x80,0x80,0x00,0x80,0x80,0x80,0x80,0x00,0x28,0x02,0x00,0x22,0x01,0x20,0x01,
    0x28,0x02,0x00,0x28,0x02,0x10,0x11,0x84,0x80,0x80,0x80,0x00,0x80,0x80,0x80,0x80,
    0x00,0x21,0x0d,0x20,0x00,0x28,0x02,0x6c,0x21,0x01,0x20,0x03,0x10,0x95,0x80,0x80,
    0x80,0x00,0x1a,0x20,0x01,0x20,0x0d,0xfc,0x02,0x47,0x0d,0x06,0x20,0x00,0x2d,0x00,
    0x55,0x41,0x01,0x71,0x0d,0x06,0x20,0x00,0x41,0x00,0x20,0x00,0x2d,0x00,0x56,0x10,
    0xec,0x80,0x80,0x80,0x00,0x0c,0x06,0x0b,0x02,0x40,0x20,0x02,0x41,0xcc,0x01,0x6a,
    0x41,0xfc,0x83,0x84,0x80,0x00,0x10,0xc6,0x80,0x80,0x80,0x00,0x45,0x0d,0x00,0x20,
    0x00,0x20,0x01,0x20,0x00,0x28,0x02,0x00,0x28,0x02,0x0c,0x11,0x80,0x80,0x80,0x80,
    0x00,0x80,0x80,0x80,0x80,0x00,0x0c,0x06,0x0b,0x02,0x40,0x20,0x02,0x41,0xcc,0x01,
    0x6a,0x41,0xab,0x8b,0x84,0x80,0x00,0x10,0xc6,0x80,0x80,0x80,0x00,0x45,0x0d,0x00,
    0x20,0x02,0x41,0x30,0x6a,0x41,0xb6,0x8f,0x84,0x80,0x00,0x10,0x8a,0x80,0x80,0x80,
    0x00,0x21,0x03,0x20,0x01,0x28,0x02,0x00,0x22,0x01,0x20,0x03,0x20,0x01,0x28,0x02,
    0x00,0x28,0x02,0x2c,0x11,0x82,0x80,0x80,0x80,0x00,0x80,0x80,0x80,0x80,0x00,0x28,
    0x02,0x00,0x22,0x01,0x20,0x01,0x28,0x02,0x00,0x28,0x02,0x18,0x11,0x81,0x80,0x80,
    0x80,0x00,0x80,0x80,0x80,0x80,0x00,0x21,0x01,0x20,0x03,0x10,0x95,0x80,0x80,0x80,
    0x00,0x1a,0x20,0x01,0x20,0x00,0x2d,0x00,0x50,0x46,0x0d,0x06,0x20,0x00,0x20,0x01,
    0x3a,0x00,0x50,0x20,0x02,0x41,0x30,0x6a,0x41,0xb1,0x90,0x84,0x80,0x00,0x10,0xdd,
    0x80,0x80,0x80,0x00,0x22,0x04,0x41,0x14,0x6a,0x41,0x8f,0x92,0x84,0x80,0x00,0x10,
    0xbf,0x80,0x80,0x80,0x00,0x1a,0x20,0x04,0x41,0x28,0x6a,0x41,0xbe,0x90,0x84,0x80,
    0x00,0x10,0x8a,0x80,0x80,0x80,0x00,0x1a,0x20,0x04,0x41,0x34,0x6a,0x20,0x01,0x41,
    0x01,0x73,0x10,0xe3,0x80,0x80,0x80,0x00,0x1a,0x20,0x00,0x41,0x04,0x6a,0x20,0x02,
    0x41,0x0c,0x6a,0x20,0x04,0x41,0x03,0x10,0x92,0x80,0x80,0x80,0x00,0x22,0x01,0x20,
    0x00,0x28,0x02,0x0c,0x11,0x80,0x80,0x80,0x80,0x00,0x80,0x80,0x80,0x80,0x00,0x20,
    0x01,0x28,0x02,0x04,0x10,0x93,0x80,0x80,0x80,0x00,0x20,0x02,0x41,0x30,0x6a,0x41,
    0x28,0x6a,0x21,0x01,0x03,0x40,0x20,0x01,0x10,0x94,0x80,0x80,0x80,0x00,0x21,0x03,
    0x20,0x01,0x41,0x6c,0x6a,0x21,0x01,0x20,0x03,0x20,0x04,0x47,0x0d,0x00,0x0c,0x04,
    0x0b,0x0b,0x02,0x40,0x20,0x02,0x41,0xcc,0x01,0x6a,0x41,0xf4,0x80,0x84,0x80,0x00,
    0x10,0xc6,0x80,0x80,0x80,0x00,0x45,0x0d,0x00,0x20,0x02,0x41,0x30,0x6a,0x41,0xfc,
    0x80,0x84,0x80,0x00,0x10,0x8a,0x80,0x80,0x80,0x00,0x21,0x03,0x20,0x01,0x28,0x02,
    0x00,0x22,0x01,0x20,0x03,0x20,0x01,0x28,0x02,0x00,0x28,0x02,0x2c,0x11,0x82,0x80,
    0x80,0x80,0x00,0x80,0x80,0x80,0x80,0x00,0x28,0x02,0x00,0x22,0x01,0x20,0x01,0x28,
    0x02,0x00,0x28,0x02,0x18,0x11,0x81,0x80,0x80,0x80,0x00,0x80,0x80,0x80,0x80,0x00,
    0x21,0x01,0x20,0x03,0x10,0x95,0x80,0x80,0x80,0x00,0x1a,0x20,0x01,0x20,0x00,0x2d,
    0x00,0x51,0x46,0x0d,0x06,0x20,0x00,0x20,0x01,0x3a,0x00,0x51,0x0c,0x03,0x0b,0x02,
    0x40,0x20,0x02,0x41,0xcc,0x01,0x6a,0x41,0xed,0x8c,0x84,0x80,0x00,0x10,0xc6,0x80,
    0x80,0x80,0x00,0x45,0x0d,0x00,0x02,0x40,0x20,0x00,0x2d,0x00,0x53,0x41,0x01,0x47,
    0x0d,0x00,0x20,0x02,0x41,0x30,0x6a,0x41,0xfb,0x8c,0x84,0x80,0x00,0x10,0x8a,0x80,
    0x80,0x80,0x00,0x22,0x09,0x41,0x0c,0x6a,0x41,0x98,0x89,0x84,0x80,0x00,0x10,0x8e,
    0x80,0x80,0x80,0x00,0x1a,0x20,0x09,0x41,0x14,0x6a,0x41,0x96,0x92,0x84,0x80,0x00,
    0x10,0xbf,0x80,0x80,0x80,0x00,0x1a,0x20,0x00,0x41,0x04,0x6a,0x20,0x02,0x41,0x0c,
    0x6a,0x20,0x09,0x41,0x02,0x10,0x92,0x80,0x80,0x80,0x00,0x22,0x03,0x20,0x00,0x28,
    0x02,0x0c,0x11,0x80,0x80,0x80,0x80,0x00,0x80,0x80,0x80,0x80,0x00,0x20,0x03,0x28,
    0x02,0x04,0x10,0x93,0x80,0x80,0x80,0x00,0x20,0x02,0x41,0x30,0x6a,0x41,0x14,0x6a,
    0x21,0x03,0x03,0x40,0x20,0x03,0x10,0x94,0x80,0x80,0x80,0x00,0x21,0x04,0x20,0x03,
    0x41,0x6c,0x6a,0x21,0x03,0x20,0x04,0x20,0x09,0x47,0x0d,0x00,0x0b,0x20,0x00,0x41,
    0x00,0x3a,0x00,0x53,0x0b,0x20,0x02,0x41,0x30,0x6a,0x41,0x9f,0x8b,0x84,0x80,0x00,
    0x10,0x8a,0x80,0x80,0x80,0x00,0x21,0x03,0x02,0x40,0x02,0x40,0x20,0x01,0x28,0x02,
    0x00,0x22,0x04,0x20,0x03,0x20,0x04,0x28,0x02,0x00,0x28,0x02,0x2c,0x11,0x82,0x80,
    0x80,0x80,0x00,0x80,0x80,0x80,0x80,0x00,0x28,0x02,0x00,0x22,0x04,0x20,0x04,0x28,
    0x02,0x00,0x28,0x02,0x18,0x11,0x81,0x80,0x80,0x80,0x00,0x80,0x80,0x80,0x80,0x00,
    0x0d,0x00,0x20,0x00,0x41,0x00,0x3a,0x00,0x52,0x20,0x00,0x41,0xd2,0x00,0x6a,0x21,
    0x01,0x0c,0x01,0x0b,0x20,0x02,0x41,0x0c,0x6a,0x41,0xa6,0x81,0x84,0x80,0x00,0x10,
    0x8a,0x80,0x80,0x80,0x00,0x21,0x04,0x20,0x00,0x20,0x01,0x28,0x02,0x00,0x22,0x01,
    0x20,0x04,0x20,0x01,0x28,0x02,0x00,0x28,0x02,0x2c,0x11,0x82,0x80,0x80,0x80,0x00,
    0x80,0x80,0x80,0x80,0x00,0x28,0x02,0x00,0x22,0x01,0x20,0x01,0x28,0x02,0x00,0x28,
    0x02,0x18,0x11,0x81,0x80,0x80,0x80,0x00,0x80,0x80,0x80,0x80,0x00,0x41,0x01,0x73,
    0x3a,0x00,0x52,0x20,0x04,0x10,0x95,0x80,0x80,0x80,0x00,0x1a,0x20,0x00,0x41,0xd2,
    0x00,0x6a,0x21,0x01,0x0b,0x20,0x03,0x10,0x95,0x80,0x80,0x80,0x00,0x1a,0x02,0x40,
    0x20,0x01,0x2d,0x00,0x00,0x41,0x01,0x47,0x0d,0x00,0x20,0x02,0x41,0x30,0x6a,0x10,
    0xbe,0x80,0x80,0x80,0x00,0x22,0x04,0x41,0x14,0x6a,0x41,0x96,0x92,0x84,0x80,0x00,
    0x10,0xbf,0x80,0x80,0x80,0x00,0x1a,0x20,0x04,0x41,0x28,0x6a,0x41,0x81,0x87,0x84,
    0x80,0x00,0x10,0xc0,0x80,0x80,0x80,0x00,0x1a,0x20,0x04,0x41,0x3c,0x6a,0x10,0xc1,
    0x80,0x80,0x80,0x00,0x1a,0x20,0x04,0x41,0xd0,0x00,0x6a,0x41,0xf9,0x8e,0x84,0x80,
    0x00,0x10,0x8a,0x80,0x80,0x80,0x00,0x1a,0x20,0x04,0x41,0xdc,0x00,0x6a,0x41,0xc1,
    0x91,0x84,0x80,0x00,0x10,0x8e,0x80,0x80,0x80,0x00,0x1a,0x20,0x02,0x41,0x20,0x6a,
    0x41,0xfb,0x91,0x84,0x80,0x00,0x10,0x8e,0x80,0x80,0x80,0x00,0x22,0x09,0x41,0x08,
    0x6a,0x41,0x8a,0x92,0x84,0x80,0x00,0x10,0x8e,0x80,0x80,0x80,0x00,0x1a,0x20,0x02,
    0x41,0xe8,0x01,0x6a,0x20,0x09,0x41,0x02,0x10,0xb0,0x80,0x80,0x80,0x00,0x21,0x07,
    0x20,0x04,0x41,0xe4,0x00,0x6a,0x41,0xfe,0x84,0x84,0x80,0x00,0x10,0x8a,0x80,0x80,
    0x80,0x00,0x1a,0x20,0x04,0x41,0xf0,0x00,0x6a,0x20,0x07,0x10,0xb3,0x80,0x80,0x80,
    0x00,0x1a,0x20,0x04,0x41,0xf8,0x00,0x6a,0x20,0x02,0x41,0xd8,0x01,0x6a,0x20,0x02,
    0x20,0x02,0x41,0xc0,0x01,0x6a,0x20,0x02,0x41,0x0c,0x6a,0x41,0x80,0x80,0xcb,0x00,
    0x10,0xc2,0x80,0x80,0x80,0x00,0x22,0x0a,0x41,0x01,0x10,0x92,0x80,0x80,0x80,0x00,
    0x22,0x08,0x10,0xe0,0x80,0x80,0x80,0x00,0x22,0x06,0x41,0x01,0x10,0xb0,0x80,0x80,
    0x80,0x00,0x22,0x05,0x10,0xc4,0x80,0x80,0x80,0x00,0x1a,0x20,0x00,0x41,0x04,0x6a,
    0x20,0x02,0x41,0xf4,0x01,0x6a,0x20,0x04,0x41,0x07,0x10,0x92,0x80,0x80,0x80,0x00,
    0x22,0x01,0x20,0x00,0x28,0x02,0x0c,0x11,0x80,0x80,0x80,0x80,0x00,0x80,0x80,0x80,
    0x80,0x00,0x20,0x01,0x28,0x02,0x04,0x10,0x93,0x80,0x80,0x80,0x00,0x20,0x02,0x41,
    0x30,0x6a,0x41,0xf8,0x00,0x6a,0x21,0x01,0x03,0x40,0x20,0x01,0x10,0x94,0x80,0x80,
    0x80,0x00,0x21,0x03,0x20,0x01,0x41,0x6c,0x6a,0x21,0x01,0x20,0x03,0x20,0x04,0x47,
    0x0d,0x00,0x0b,0x20,0x05,0x10,0xbb,0x80,0x80,0x80,0x00,0x1a,0x20,0x06,0x10,0xa7,
    0x80,0x80,0x80,0x00,0x1a,0x20,0x08,0x28,0x02,0x04,0x10,0x93,0x80,0x80,0x80,0x00,
    0x20,0x0a,0x10,0x94,0x80,0x80,0x80,0x00,0x1a,0x20,0x07,0x10,0xbb,0x80,0x80,0x80,
    0x00,0x1a,0x20,0x02,0x41,0x28,0x6a,0x21,0x01,0x03,0x40,0x20,0x01,0x10,0xa7,0x80,
    0x80,0x80,0x00,0x21,0x03,0x20,0x01,0x41,0x78,0x6a,0x21,0x01,0x20,0x03,0x20,0x09,
    0x47,0x0d,0x00,0x0b,0x20,0x00,0x41,0x01,0x3a,0x00,0x53,0x0b,0x20,0x00,0x2d,0x00,
    0x30,0x41,0x01,0x47,0x0d,0x06,0x20,0x00,0x10,0x84,0x81,0x80,0x80,0x00,0x0c,0x05,
    0x0b,0x02,0x40,0x20,0x02,0x41,0xcc,0x01,0x6a,0x41,0xa8,0x89,0x84,0x80,0x00,0x10,
    0xc6,0x80,0x80,0x80,0x00,0x45,0x0d,0x00,0x20,0x02,0x41,0x0c,0x6a,0x41,0x9d,0x8f,
    0x84,0x80,0x00,0x10,0x8a,0x80,0x80,0x80,0x00,0x21,0x03,0x20,0x02,0x41,0x30,0x6a,
    0x20,0x01,0x28,0x02,0x00,0x20,0x03,0x10,0xa9,0x80,0x80,0x80,0x00,0x20,0x02,0x41,
    0x30,0x6a,0x41,0x81,0x87,0x84,0x80,0x00,0x10,0xc6,0x80,0x80,0x80,0x00,0x21,0x04,
    0x20,0x02,0x41,0x30,0x6a,0x10,0x95,0x80,0x80,0x80,0x00,0x1a,0x20,0x03,0x10,0x95,
    0x80,0x80,0x80,0x00,0x1a,0x20,0x04,0x45,0x0d,0x06,0x20,0x02,0x41,0x30,0x6a,0x41,
    0x83,0x89,0x84,0x80,0x00,0x10,0xdd,0x80,0x80,0x80,0x00,0x21,0x04,0x20,0x02,0x41,
    0xf4,0x01,0x6a,0x41,0xb2,0x8f,0x84,0x80,0x00,0x10,0x8a,0x80,0x80,0x80,0x00,0x21,
    0x09,0x20,0x02,0x41,0x20,0x6a,0x20,0x01,0x28,0x02,0x00,0x20,0x09,0x10,0xa9,0x80,
    0x80,0x80,0x00,0x20,0x04,0x41,0x14,0x6a,0x41,0xb2,0x8f,0x84,0x80,0x00,0x20,0x02,
    0x41,0x20,0x6a,0x10,0xfe,0x80,0x80,0x80,0x00,0x1a,0x20,0x00,0x41,0x04,0x6a,0x20,
    0x02,0x41,0x0c,0x6a,0x20,0x04,0x41,0x02,0x10,0x92,0x80,0x80,0x80,0x00,0x22,0x01,
    0x20,0x00,0x28,0x02,0x0c,0x11,0x80,0x80,0x80,0x80,0x00,0x80,0x80,0x80,0x80,0x00,
    0x20,0x01,0x28,0x02,0x04,0x10,0x93,0x80,0x80,0x80,0x00,0x20,0x02,0x41,0x30,0x6a,
    0x41,0x14,0x6a,0x21,0x01,0x03,0x40,0x20,0x01,0x10,0x94,0x80,0x80,0x80,0x00,0x21,
    0x03,0x20,0x01,0x41,0x6c,0x6a,0x21,0x01,0x20,0x03,0x20,0x04,0x47,0x0d,0x00,0x0b,
    0x20,0x02,0x41,0x20,0x6a,0x10,0x95,0x80,0x80,0x80,0x00,0x1a,0x20,0x09,0x10,0x95,
    0x80,0x80,0x80,0x00,0x1a,0x0c,0x06,0x0b,0x20,0x02,0x41,0xcc,0x01,0x6a,0x41,0xdc,
    0x86,0x84,0x80,0x00,0x10,0xc6,0x80,0x80,0x80,0x00,0x45,0x0d,0x01,0x20,0x00,0x41,
    0xf8,0x00,0x6a,0x21,0x07,0x20,0x00,0x28,0x02,0x7c,0x20,0x00,0x28,0x02,0x78,0x6b,
    0x41,0x18,0x6d,0x21,0x01,0x03,0x40,0x02,0x40,0x20,0x01,0x41,0x01,0x4a,0x0d,0x00,
    0x20,0x02,0x41,0x00,0x36,0x02,0x14,0x20,0x02,0x42,0x00,0x37,0x02,0x0c,0x20,0x02,
    0x41,0x20,0x6a,0x41,0x04,0x6a,0x21,0x03,0x20,0x02,0x41,0x30,0x6a,0x41,0x04,0x6a,
    0x21,0x0a,0x20,0x00,0x28,0x02,0x7c,0x21,0x07,0x20,0x00,0x28,0x02,0x78,0x21,0x01,
    0x42,0x00,0x21,0x0b,0x02,0x40,0x03,0x40,0x02,0x40,0x20,0x01,0x20,0x07,0x47,0x0d,
    0x00,0x20,0x02,0x41,0x00,0x36,0x02,0x28,0x20,0x02,0x42,0x00,0x37,0x02,0x20,0x20,
    0x02,0x41,0x3c,0x6a,0x21,0x07,0x20,0x00,0x28,0x02,0x88,0x01,0x21,0x09,0x20,0x00,
    0x28,0x02,0x84,0x01,0x21,0x01,0x0c,0x02,0x0b,0x20,0x02,0x20,0x0a,0x36,0x02,0x30,
    0x20,0x02,0x42,0x00,0x37,0x02,0x34,0x20,0x02,0x41,0xf4,0x01,0x6a,0x20,0x01,0x29,
    0x03,0x00,0x22,0x0e,0x20,0x0e,0x20,0x0b,0x20,0x0b,0x50,0x1b,0x22,0x0b,0x7d,0x10,
    0x85,0x81,0x80,0x80,0x00,0x20,0x02,0x41,0xe8,0x01,0x6a,0x20,0x02,0x41,0xf4,0x01,
    0x6a,0x10,0x91,0x80,0x80,0x80,0x00,0x22,0x04,0x28,0x02,0x00,0x21,0x09,0x20,0x04,
    0x41,0x00,0x36,0x02,0x00,0x20,0x02,0x41,0xf3,0x83,0x84,0x80,0x00,0x36,0x02,0x20,
    0x20,0x02,0x20,0x09,0x36,0x02,0x24,0x20,0x02,0x28,0x02,0xec,0x01,0x21,0x09,0x20,
    0x02,0x41,0x00,0x36,0x02,0xec,0x01,0x20,0x02,0x20,0x09,0x36,0x02,0x28,0x20,0x02,
    0x41,0xd8,0x01,0x6a,0x20,0x02,0x41,0x30,0x6a,0x20,0x02,0x41,0x20,0x6a,0x10,0x86,
    0x81,0x80,0x80,0x00,0x20,0x03,0x10,0xa7,0x80,0x80,0x80,0x00,0x1a,0x20,0x04,0x10,
    0xa7,0x80,0x80,0x80,0x00,0x1a,0x20,0x02,0x41,0xf4,0x01,0x6a,0x10,0x95,0x80,0x80,
    0x80,0x00,0x1a,0x20,0x02,0x41,0xf4,0x01,0x6a,0x20,0x01,0x41,0x08,0x6a,0x2d,0x00,
    0x00,0x10,0xc3,0x80,0x80,0x80,0x00,0x22,0x04,0x28,0x02,0x00,0x21,0x09,0x20,0x04,
    0x41,0x00,0x36,0x02,0x00,0x20,0x02,0x41,0x91,0x91,0x84,0x80,0x00,0x36,0x02,0x20,
    0x20,0x02,0x20,0x09,0x36,0x02,0x24,0x20,0x02,0x28,0x02,0xf8,0x01,0x21,0x09,0x20,
    0x02,0x41,0x00,0x36,0x02,0xf8,0x01,0x20,0x02,0x20,0x09,0x36,0x02,0x28,0x20,0x02,
    0x41,0xe8,0x01,0x6a,0x20,0x02,0x41,0x30,0x6a,0x20,0x02,0x41,0x20,0x6a,0x10,0x86,
    0x81,0x80,0x80,0x00,0x20,0x03,0x10,0xa7,0x80,0x80,0x80,0x00,0x1a,0x20,0x04,0x10,
    0xa7,0x80,0x80,0x80,0x00,0x1a,0x02,0x40,0x20,0x01,0x41,0x0c,0x6a,0x22,0x09,0x28,
    0x02,0x00,0x22,0x04,0x20,0x04,0x28,0x02,0x00,0x28,0x02,0x00,0x11,0x81,0x80,0x80,
    0x80,0x00,0x80,0x80,0x80,0x80,0x00,0x41,0x05,0x47,0x0d,0x00,0x20,0x02,0x41,0xf8,
    0x88,0x84,0x80,0x00,0x36,0x02,0x20,0x20,0x02,0x20,0x09,0x28,0x02,0x00,0x36,0x02,
    0x24,0x20,0x02,0x20,0x01,0x41,0x10,0x6a,0x28,0x02,0x00,0x22,0x04,0x36,0x02,0x28,
    0x02,0x40,0x20,0x04,0x45,0x0d,0x00,0x20,0x04,0x20,0x04,0x28,0x02,0x04,0x41,0x01,
    0x6a,0x36,0x02,0x04,0x0b,0x20,0x02,0x41,0xf4,0x01,0x6a,0x20,0x02,0x41,0x30,0x6a,
    0x20,0x02,0x41,0x20,0x6a,0x10,0x86,0x81,0x80,0x80,0x00,0x20,0x03,0x10,0xa7,0x80,
    0x80,0x80,0x00,0x1a,0x0b,0x02,0x40,0x20,0x01,0x41,0x09,0x6a,0x2d,0x00,0x00,0x41,
    0x01,0x47,0x0d,0x00,0x20,0x02,0x41,0xf4,0x01,0x6a,0x41,0x01,0x10,0xc3,0x80,0x80,
    0x80,0x00,0x22,0x04,0x28,0x02,0x00,0x21,0x09,0x20,0x04,0x41,0x00,0x36,0x02,0x00,
    0x20,0x02,0x41,0xaa,0x90,0x84,0x80,0x00,0x36,0x02,0x20,0x20,0x02,0x20,0x09,0x36,
    0x02,0x24,0x20,0x02,0x28,0x02,0xf8,0x01,0x21,0x09,0x20,0x02,0x41,0x00,0x36,0x02,
    0xf8,0x01,0x20,0x02,0x20,0x09,0x36,0x02,0x28,0x20,0x02,0x41,0xe8,0x01,0x6a,0x20,
    0x02,0x41,0x30,0x6a,0x20,0x02,0x41,0x20,0x6a,0x10,0x86,0x81,0x80,0x80,0x00,0x20,
    0x03,0x10,0xa7,0x80,0x80,0x80,0x00,0x1a,0x20,0x04,0x10,0xa7,0x80,0x80,0x80,0x00,
    0x1a,0x0b,0x20,0x02,0x41,0x0c,0x6a,0x20,0x02,0x41,0x20,0x6a,0x20,0x02,0x41,0x30,
    0x6a,0x10,0xe0,0x80,0x80,0x80,0x00,0x22,0x04,0x10,0xb5,0x80,0x80,0x80,0x00,0x20,
    0x04,0x10,0xa7,0x80,0x80,0x80,0x00,0x1a,0x20,0x02,0x28,0x02,0x34,0x10,0x93,0x80,
    0x80,0x80,0x00,0x20,0x01,0x41,0x18,0x6a,0x21,0x01,0x0c,0x00,0x0b,0x0b,0x02,0x40,
    0x03,0x40,0x20,0x01,0x20,0x09,0x46,0x0d,0x01,0x20,0x02,0x41,0x30,0x6a,0x41,0x94,
    0x91,0x84,0x80,0x00,0x10,0x8a,0x80,0x80,0x80,0x00,0x21,0x03,0x20,0x07,0x20,0x01,
    0x41,0x08,0x6a,0x28,0x02,0x00,0x10,0xc3,0x80,0x80,0x80,0x00,0x1a,0x20,0x02,0x41,
    0x20,0x6a,0x20,0x02,0x41,0xe8,0x01,0x6a,0x20,0x02,0x41,0xf4,0x01,0x6a,0x20,0x03,
    0x41,0x01,0x10,0x92,0x80,0x80,0x80,0x00,0x10,0xe0,0x80,0x80,0x80,0x00,0x22,0x04,
    0x10,0xb5,0x80,0x80,0x80,0x00,0x20,0x04,0x10,0xa7,0x80,0x80,0x80,0x00,0x1a,0x20,
    0x02,0x28,0x02,0xf8,0x01,0x10,0x93,0x80,0x80,0x80,0x00,0x20,0x03,0x10,0x94,0x80,
    0x80,0x80,0x00,0x1a,0x20,0x01,0x41,0x10,0x6a,0x21,0x01,0x0c,0x00,0x0b,0x0b,0x20,
    0x02,0x41,0x30,0x6a,0x41,0x87,0x81,0x84,0x80,0x00,0x10,0x8a,0x80,0x80,0x80,0x00,
    0x22,0x04,0x41,0x0c,0x6a,0x41,0x03,0x10,0xc3,0x80,0x80,0x80,0x00,0x1a,0x20,0x04,
    0x41,0x14,0x6a,0x41,0xf8,0x88,0x84,0x80,0x00,0x20,0x02,0x41,0x0c,0x6a,0x10,0x87,
    0x81,0x80,0x80,0x00,0x1a,0x20,0x04,0x41,0x28,0x6a,0x41,0xa9,0x8c,0x84,0x80,0x00,
    0x20,0x02,0x41,0x20,0x6a,0x10,0x87,0x81,0x80,0x80,0x00,0x1a,0x20,0x02,0x41,0x30,
    0x6a,0x41,0x28,0x6a,0x21,0x01,0x20,0x02,0x41,0xf4,0x01,0x6a,0x20,0x04,0x41,0x03,
    0x10,0x92,0x80,0x80,0x80,0x00,0x21,0x09,0x03,0x40,0x20,0x01,0x10,0x94,0x80,0x80,
    0x80,0x00,0x21,0x03,0x20,0x01,0x41,0x6c,0x6a,0x21,0x01,0x20,0x03,0x20,0x04,0x47,
    0x0d,0x00,0x0b,0x20,0x02,0x41,0x30,0x6a,0x41,0xd0,0x89,0x84,0x80,0x00,0x10,0xa8,
    0x80,0x80,0x80,0x00,0x21,0x04,0x20,0x02,0x41,0xc0,0x01,0x6a,0x20,0x09,0x10,0xe0,
    0x80,0x80,0x80,0x00,0x21,0x07,0x20,0x02,0x42,0x00,0x37,0x03,0xd8,0x01,0x20,0x02,
    0x41,0x00,0x36,0x02,0xe0,0x01,0x20,0x07,0x28,0x02,0x00,0x22,0x01,0x20,0x02,0x41,
    0xd8,0x01,0x6a,0x20,0x01,0x28,0x02,0x00,0x28,0x02,0x0c,0x11,0x80,0x80,0x80,0x80,
    0x00,0x80,0x80,0x80,0x80,0x00,0x20,0x04,0x41,0x14,0x6a,0x41,0x8e,0x87,0x84,0x80,
    0x00,0x20,0x02,0x41,0xd8,0x01,0x6a,0x10,0x88,0x81,0x80,0x80,0x00,0x1a,0x20,0x00,
    0x41,0x04,0x6a,0x22,0x0a,0x20,0x02,0x41,0xe8,0x01,0x6a,0x20,0x04,0x41,0x02,0x10,
    0x92,0x80,0x80,0x80,0x00,0x22,0x01,0x20,0x00,0x28,0x02,0x0c,0x11,0x80,0x80,0x80,
    0x80,0x00,0x80,0x80,0x80,0x80,0x00,0x20,0x01,0x28,0x02,0x04,0x10,0x93,0x80,0x80,
    0x80,0x00,0x20,0x02,0x41,0x30,0x6a,0x41,0x14,0x6a,0x21,0x01,0x03,0x40,0x20,0x01,
    0x10,0x94,0x80,0x80,0x80,0x00,0x21,0x03,0x20,0x01,0x41,0x6c,0x6a,0x21,0x01,0x20,
    0x03,0x20,0x04,0x47,0x0d,0x00,0x0b,0x20,0x02,0x41,0xd8,0x01,0x6a,0x10,0x95,0x80,
    0x80,0x80,0x00,0x1a,0x20,0x07,0x10,0xa7,0x80,0x80,0x80,0x00,0x1a,0x20,0x02,0x41,
    0x30,0x6a,0x41,0xfb,0x8c,0x84,0x80,0x00,0x10,0x8a,0x80,0x80,0x80,0x00,0x22,0x01,
    0x41,0x0c,0x6a,0x41,0xe1,0x8c,0x84,0x80,0x00,0x10,0x8e,0x80,0x80,0x80,0x00,0x1a,
    0x20,0x0a,0x20,0x02,0x41,0xe8,0x01,0x6a,0x20,0x01,0x41,0x01,0x10,0x92,0x80,0x80,
    0x80,0x00,0x22,0x03,0x20,0x00,0x28,0x02,0x0c,0x11,0x80,0x80,0x80,0x80,0x00,0x80,
    0x80,0x80,0x80,0x00,0x20,0x03,0x28,0x02,0x04,0x10,0x93,0x80,0x80,0x80,0x00,0x20,
    0x01,0x10,0x94,0x80,0x80,0x80,0x00,0x1a,0x20,0x09,0x28,0x02,0x04,0x10,0x93,0x80,
    0x80,0x80,0x00,0x20,0x02,0x41,0x20,0x6a,0x10,0xbb,0x80,0x80,0x80,0x00,0x1a,0x20,
    0x02,0x41,0x0c,0x6a,0x10,0xbb,0x80,0x80,0x80,0x00,0x1a,0x0c,0x07,0x0b,0x20,0x01,
    0x41,0x18,0x6c,0x21,0x03,0x20,0x01,0x41,0x7f,0x6a,0x22,0x09,0x21,0x01,0x20,0x07,
    0x28,0x02,0x00,0x22,0x04,0x20,0x09,0x41,0x18,0x6c,0x6a,0x22,0x0a,0x29,0x03,0x00,
    0x20,0x04,0x20,0x03,0x6a,0x41,0x50,0x6a,0x29,0x03,0x00,0x7d,0x42,0x04,0x55,0x0d,
    0x00,0x20,0x0a,0x41,0x68,0x6a,0x21,0x01,0x20,0x00,0x28,0x02,0x7c,0x21,0x04,0x02,
    0x40,0x03,0x40,0x20,0x01,0x41,0x18,0x6a,0x22,0x03,0x20,0x04,0x46,0x0d,0x01,0x20,
    0x01,0x20,0x03,0x2f,0x01,0x08,0x3b,0x01,0x08,0x20,0x01,0x20,0x03,0x29,0x03,0x00,
    0x37,0x03,0x00,0x20,0x01,0x41,0x0c,0x6a,0x20,0x01,0x41,0x24,0x6a,0x10,0x82,0x81,
    0x80,0x80,0x00,0x1a,0x20,0x03,0x21,0x01,0x0c,0x00,0x0b,0x0b,0x20,0x07,0x20,0x01,
    0x10,0xe6,0x80,0x80,0x80,0x00,0x20,0x09,0x21,0x01,0x0c,0x00,0x0b,0x0b,0x10,0xe4,
    0x80,0x80,0x80,0x00,0x00,0x0b,0x20,0x02,0x41,0xcc,0x01,0x6a,0x41,0xa4,0x85,0x84,
    0x80,0x00,0x10,0xc6,0x80,0x80,0x80,0x00,0x45,0x0d,0x03,0x20,0x02,0x41,0xd8,0x01,
    0x6a,0x41,0x8c,0x8e,0x84,0x80,0x00,0x10,0x8a,0x80,0x80,0x80,0x00,0x21,0x03,0x20,
    0x02,0x41,0xe8,0x01,0x6a,0x20,0x01,0x28,0x02,0x00,0x20,0x03,0x10,0xa9,0x80,0x80,
    0x80,0x00,0x20,0x02,0x41,0xf4,0x01,0x6a,0x41,0xaf,0x95,0x84,0x80,0x00,0x20,0x02,
    0x41,0xe8,0x01,0x6a,0x10,0x81,0x81,0x80,0x80,0x00,0x20,0x02,0x41,0x20,0x6a,0x20,
    0x02,0x41,0xf4,0x01,0x6a,0x41,0xe7,0x95,0x84,0x80,0x00,0x10,0xac,0x80,0x80,0x80,
    0x00,0x20,0x02,0x41,0xaa,0x8f,0x84,0x80,0x00,0x10,0x8a,0x80,0x80,0x80,0x00,0x21,
    0x04,0x20,0x02,0x41,0xc0,0x01,0x6a,0x20,0x01,0x28,0x02,0x00,0x20,0x04,0x10,0xa9,
    0x80,0x80,0x80,0x00,0x20,0x02,0x41,0x0c,0x6a,0x20,0x02,0x41,0x20,0x6a,0x20,0x02,
    0x41,0xc0,0x01,0x6a,0x10,0x89,0x81,0x80,0x80,0x00,0x20,0x02,0x41,0x30,0x6a,0x20,
    0x02,0x41,0x0c,0x6a,0x41,0xb5,0x92,0x84,0x80,0x00,0x10,0xac,0x80,0x80,0x80,0x00,
    0x20,0x00,0x20,0x02,0x41,0x30,0x6a,0x10,0x98,0x80,0x80,0x80,0x00,0x20,0x02,0x41,
    0x30,0x6a,0x10,0x95,0x80,0x80,0x80,0x00,0x1a,0x20,0x02,0x41,0x0c,0x6a,0x10,0x95,
    0x80,0x80,0x80,0x00,0x1a,0x20,0x02,0x41,0xc0,0x01,0x6a,0x10,0x95,0x80,0x80,0x80,
    0x00,0x1a,0x20,0x04,0x10,0x95,0x80,0x80,0x80,0x00,0x1a,0x20,0x02,0x41,0x20,0x6a,
    0x10,0x95,0x80,0x80,0x80,0x00,0x1a,0x20,0x02,0x41,0xf4,0x01,0x6a,0x10,0x95,0x80,
    0x80,0x80,0x00,0x1a,0x20,0x02,0x41,0xe8,0x01,0x6a,0x10,0x95,0x80,0x80,0x80,0x00,
    0x1a,0x20,0x03,0x10,0x95,0x80,0x80,0x80,0x00,0x1a,0x20,0x02,0x41,0x0c,0x6a,0x41,
    0xaa,0x8f,0x84,0x80,0x00,0x10,0x8a,0x80,0x80,0x80,0x00,0x21,0x03,0x20,0x02,0x41,
    0x30,0x6a,0x20,0x01,0x28,0x02,0x00,0x20,0x03,0x10,0xa9,0x80,0x80,0x80,0x00,0x20,
    0x02,0x41,0x30,0x6a,0x41,0xb1,0x8c,0x84,0x80,0x00,0x10,0xc6,0x80,0x80,0x80,0x00,
    0x21,0x01,0x20,0x02,0x41,0x30,0x6a,0x10,0x95,0x80,0x80,0x80,0x00,0x1a,0x20,0x03,
    0x10,0x95,0x80,0x80,0x80,0x00,0x1a,0x20,0x01,0x45,0x0d,0x03,0x20,0x00,0x41,0x00,
    0x41,0x01,0x10,0xec,0x80,0x80,0x80,0x00,0x0c,0x03,0x0b,0x20,0x00,0x10,0x84,0x81,
    0x80,0x80,0x00,0x0c,0x02,0x0b,0x20,0x00,0x20,0x00,0x28,0x02,0x68,0x41,0x01,0x6a,
    0x36,0x02,0x68,0x20,0x02,0x41,0x30,0x6a,0x41,0xe3,0x85,0x84,0x80,0x00,0x10,0xa8,
    0x80,0x80,0x80,0x00,0x22,0x04,0x41,0x14,0x6a,0x41,0x02,0x10,0xc7,0x80,0x80,0x80,
    0x00,0x1a,0x20,0x04,0x41,0x28,0x6a,0x20,0x00,0x41,0xe8,0x00,0x6a,0x10,0xc9,0x80,
    0x80,0x80,0x00,0x1a,0x20,0x04,0x41,0x3c,0x6a,0x41,0xe8,0x07,0x10,0xc8,0x80,0x80,
    0x80,0x00,0x1a,0x20,0x00,0x41,0x04,0x6a,0x20,0x02,0x41,0x0c,0x6a,0x20,0x04,0x41,
    0x04,0x10,0x92,0x80,0x80,0x80,0x00,0x22,0x01,0x20,0x00,0x28,0x02,0x0c,0x11,0x80,
    0x80,0x80,0x80,0x00,0x80,0x80,0x80,0x80,0x00,0x20,0x01,0x28,0x02,0x04,0x10,0x93,
    0x80,0x80,0x80,0x00,0x20,0x02,0x41,0x30,0x6a,0x41,0x3c,0x6a,0x21,0x01,0x03,0x40,
    0x20,0x01,0x10,0x94,0x80,0x80,0x80,0x00,0x21,0x03,0x20,0x01,0x41,0x6c,0x6a,0x21,
    0x01,0x20,0x03,0x20,0x04,0x47,0x0d,0x00,0x0c,0x02,0x0b,0x0b,0x20,0x00,0x10,0xc5,
    0x80,0x80,0x80,0x00,0x0b,0x20,0x02,0x41,0xcc,0x01,0x6a,0x10,0x95,0x80,0x80,0x80,
    0x00,0x1a,0x20,0x02,0x41,0x80,0x02,0x6a,0x24,0x80,0x80,0x80,0x80,0x00,0x0b,0x6c,
    0x01,0x02,0x7f,0x23,0x80,0x80,0x80,0x80,0x00,0x41,0x10,0x6b,0x22,0x02,0x24,0x80,
    0x80,0x80,0x80,0x00,0x02,0x40,0x02,0x40,0x20,0x01,0x20,0x00,0x28,0x02,0x08,0x20,
    0x00,0x28,0x02,0x00,0x22,0x03,0x6b,0x4d,0x0d,0x00,0x20,0x01,0x41,0x7f,0x4c,0x0d,
    0x01,0x20,0x00,0x20,0x02,0x20,0x01,0x20,0x00,0x28,0x02,0x04,0x20,0x03,0x6b,0x10,
    0xfa,0x80,0x80,0x80,0x00,0x22,0x01,0x10,0xfb,0x80,0x80,0x80,0x00,0x20,0x01,0x10,
    0xfc,0x80,0x80,0x80,0x00,0x1a,0x0b,0x20,0x02,0x41,0x10,0x6a,0x24,0x80,0x80,0x80,
    0x80,0x00,0x0f,0x0b,0x10,0x8e,0x81,0x80,0x80,0x00,0x00,0x0b,0xae,0x01,0x01,0x04,
    0x7f,0x23,0x80,0x80,0x80,0x80,0x00,0x41,0x10,0x6b,0x22,0x02,0x24,0x80,0x80,0x80,
    0x80,0x00,0x02,0x40,0x02,0x40,0x20,0x00,0x28,0x02,0x04,0x22,0x03,0x20,0x00,0x28,
    0x02,0x08,0x22,0x04,0x4f,0x0d,0x00,0x20,0x03,0x20,0x01,0x2d,0x00,0x00,0x3a,0x00,
    0x00,0x20,0x03,0x41,0x01,0x6a,0x21,0x03,0x0c,0x01,0x0b,0x20,0x02,0x20,0x00,0x28,
    0x02,0x00,0x22,0x05,0x20,0x04,0x20,0x03,0x20,0x05,0x6b,0x41,0x01,0x6a,0x10,0x8a,
    0x81,0x80,0x80,0x00,0x20,0x00,0x28,0x02,0x04,0x20,0x00,0x28,0x02,0x00,0x6b,0x10,
    0xfa,0x80,0x80,0x80,0x00,0x22,0x04,0x28,0x02,0x08,0x22,0x03,0x20,0x01,0x2d,0x00,
    0x00,0x3a,0x00,0x00,0x20,0x04,0x20,0x03,0x41,0x01,0x6a,0x36,0x02,0x08,0x20,0x00,
    0x20,0x04,0x10,0xfb,0x80,0x80,0x80,0x00,0x20,0x00,0x28,0x02,0x04,0x21,0x03,0x20,
    0x04,0x10,0xfc,0x80,0x80,0x80,0x00,0x1a,0x0b,0x20,0x00,0x20,0x03,0x36,0x02,0x04,
    0x20,0x02,0x41,0x10,0x6a,0x24,0x80,0x80,0x80,0x80,0x00,0x0b,0x22,0x01,0x01,0x7f,
    0x02,0x40,0x20,0x00,0x28,0x02,0x00,0x22,0x01,0x45,0x0d,0x00,0x20,0x00,0x20,0x01,
    0x36,0x02,0x04,0x20,0x01,0x10,0x9e,0x80,0x80,0x80,0x00,0x0b,0x20,0x00,0x0b,0x35,
    0x01,0x01,0x7f,0x02,0x40,0x20,0x01,0x41,0x7f,0x4a,0x0d,0x00,0x10,0x8e,0x81,0x80,
    0x80,0x00,0x00,0x0b,0x20,0x00,0x20,0x01,0x10,0xd1,0x80,0x80,0x80,0x00,0x22,0x02,
    0x36,0x02,0x04,0x20,0x00,0x20,0x02,0x36,0x02,0x00,0x20,0x00,0x20,0x02,0x20,0x01,
    0x6a,0x36,0x02,0x08,0x0b,0x2e,0x00,0x20,0x00,0x41,0x00,0x36,0x02,0x08,0x20,0x00,
    0x42,0x00,0x37,0x02,0x00,0x02,0x40,0x20,0x01,0x45,0x0d,0x00,0x20,0x00,0x20,0x01,
    0x10,0xf7,0x80,0x80,0x80,0x00,0x20,0x00,0x20,0x01,0x10,0x90,0x81,0x80,0x80,0x00,
    0x0b,0x20,0x00,0x0b,0xd1,0x01,0x01,0x04,0x7f,0x23,0x80,0x80,0x80,0x80,0x00,0x41,
    0x10,0x6b,0x22,0x02,0x24,0x80,0x80,0x80,0x80,0x00,0x02,0x40,0x02,0x40,0x20,0x01,
    0x20,0x00,0x28,0x02,0x04,0x20,0x00,0x28,0x02,0x00,0x22,0x03,0x6b,0x22,0x04,0x4d,
    0x0d,0x00,0x02,0x40,0x20,0x01,0x20,0x00,0x28,0x02,0x08,0x22,0x05,0x20,0x03,0x6b,
    0x4b,0x0d,0x00,0x20,0x00,0x20,0x01,0x20,0x04,0x6b,0x10,0x90,0x81,0x80,0x80,0x00,
    0x0c,0x02,0x0b,0x20,0x02,0x20,0x03,0x20,0x05,0x20,0x01,0x10,0x8a,0x81,0x80,0x80,
    0x00,0x20,0x04,0x10,0xfa,0x80,0x80,0x80,0x00,0x22,0x05,0x28,0x02,0x08,0x22,0x03,
    0x20,0x01,0x20,0x04,0x6b,0x22,0x01,0x6a,0x21,0x04,0x02,0x40,0x03,0x40,0x20,0x01,
    0x45,0x0d,0x01,0x20,0x03,0x41,0x00,0x3a,0x00,0x00,0x20,0x01,0x41,0x7f,0x6a,0x21,
    0x01,0x20,0x03,0x41,0x01,0x6a,0x21,0x03,0x0c,0x00,0x0b,0x0b,0x20,0x05,0x20,0x04,
    0x36,0x02,0x08,0x20,0x00,0x20,0x05,0x10,0xfb,0x80,0x80,0x80,0x00,0x20,0x05,0x10,
    0xfc,0x80,0x80,0x80,0x00,0x1a,0x0c,0x01,0x0b,0x20,0x01,0x20,0x04,0x4f,0x0d,0x00,
    0x20,0x00,0x20,0x03,0x20,0x01,0x6a,0x36,0x02,0x04,0x0b,0x20,0x02,0x41,0x10,0x6a,
    0x24,0x80,0x80,0x80,0x80,0x00,0x0b,0x45,0x01,0x01,0x7f,0x41,0x00,0x21,0x03,0x20,
    0x00,0x41,0x00,0x36,0x02,0x00,0x02,0x40,0x20,0x01,0x45,0x0d,0x00,0x20,0x00,0x20,
    0x01,0x10,0xd1,0x80,0x80,0x80,0x00,0x22,0x03,0x36,0x02,0x00,0x0b,0x20,0x00,0x20,
    0x03,0x20,0x01,0x6a,0x36,0x02,0x0c,0x20,0x00,0x20,0x03,0x20,0x02,0x6a,0x22,0x01,
    0x36,0x02,0x08,0x20,0x00,0x20,0x01,0x36,0x02,0x04,0x20,0x00,0x0b,0x52,0x01,0x03,
    0x7f,0x20,0x01,0x28,0x02,0x04,0x20,0x00,0x28,0x02,0x04,0x20,0x00,0x28,0x02,0x00,
    0x22,0x02,0x6b,0x22,0x03,0x6b,0x21,0x04,0x02,0x40,0x20,0x03,0x45,0x0d,0x00,0x20,
    0x04,0x20,0x02,0x20,0x03,0xfc,0x0a,0x00,0x00,0x0b,0x20,0x01,0x20,0x04,0x36,0x02,
    0x04,0x20,0x00,0x20,0x00,0x28,0x02,0x00,0x36,0x02,0x04,0x20,0x00,0x20,0x01,0x10,
    0x8f,0x81,0x80,0x80,0x00,0x20,0x01,0x20,0x01,0x28,0x02,0x04,0x36,0x02,0x00,0x0b,
    0x25,0x01,0x01,0x7f,0x20,0x00,0x20,0x00,0x28,0x02,0x04,0x36,0x02,0x08,0x02,0x40,
    0x20,0x00,0x28,0x02,0x00,0x22,0x01,0x45,0x0d,0x00,0x20,0x01,0x10,0x9e,0x80,0x80,
    0x80,0x00,0x0b,0x20,0x00,0x0b,0x1a,0x00,0x02,0x40,0x20,0x00,0x2d,0x00,0x0c,0x41,
    0x01,0x47,0x0d,0x00,0x20,0x00,0x10,0xf6,0x80,0x80,0x80,0x00,0x1a,0x0b,0x20,0x00,
    0x0b,0x1c,0x00,0x20,0x00,0x20,0x01,0x10,0x8a,0x80,0x80,0x80,0x00,0x22,0x01,0x41,
    0x0c,0x6a,0x20,0x02,0x10,0x91,0x80,0x80,0x80,0x00,0x1a,0x20,0x01,0x0b,0xa3,0x08,
    0x01,0x09,0x7f,0x23,0x80,0x80,0x80,0x80,0x00,0x41,0xd0,0x00,0x6b,0x22,0x02,0x24,
    0x80,0x80,0x80,0x80,0x00,0x20,0x00,0x20,0x01,0x20,0x00,0x28,0x02,0x00,0x28,0x02,
    0x14,0x11,0x80,0x80,0x80,0x80,0x00,0x80,0x80,0x80,0x80,0x00,0x20,0x02,0x41,0xc0,
    0x00,0x6a,0x20,0x01,0x10,0xe0,0x80,0x80,0x80,0x00,0x21,0x01,0x20,0x02,0x42,0x00,
    0x37,0x03,0x08,0x20,0x02,0x41,0x00,0x36,0x02,0x10,0x20,0x01,0x28,0x02,0x00,0x22,
    0x03,0x20,0x02,0x41,0x08,0x6a,0x20,0x03,0x28,0x02,0x00,0x28,0x02,0x0c,0x11,0x80,
    0x80,0x80,0x80,0x00,0x80,0x80,0x80,0x80,0x00,0x20,0x01,0x10,0xa7,0x80,0x80,0x80,
    0x00,0x1a,0x20,0x02,0x41,0xc0,0x00,0x6a,0x41,0x9f,0x95,0x84,0x80,0x00,0x20,0x02,
    0x41,0x08,0x6a,0x10,0x97,0x80,0x80,0x80,0x00,0x20,0x00,0x20,0x02,0x41,0xc0,0x00,
    0x6a,0x10,0x98,0x80,0x80,0x80,0x00,0x20,0x02,0x41,0xc0,0x00,0x6a,0x10,0x95,0x80,
    0x80,0x80,0x00,0x1a,0x20,0x00,0x28,0x02,0x14,0x21,0x04,0x20,0x02,0x41,0x00,0x36,
    0x02,0x3c,0x20,0x02,0x42,0x00,0x37,0x02,0x34,0x02,0x40,0x02,0x40,0x02,0x40,0x02,
    0x40,0x02,0x40,0x20,0x02,0x28,0x02,0x0c,0x20,0x02,0x2c,0x00,0x13,0x22,0x00,0x20,
    0x00,0x41,0x00,0x48,0x22,0x00,0x1b,0x22,0x01,0x45,0x0d,0x00,0x20,0x02,0x28,0x02,
    0x08,0x20,0x02,0x41,0x08,0x6a,0x20,0x00,0x1b,0x21,0x03,0x20,0x02,0x41,0x34,0x6a,
    0x20,0x01,0x10,0xf7,0x80,0x80,0x80,0x00,0x20,0x02,0x28,0x02,0x38,0x21,0x00,0x02,
    0x40,0x03,0x40,0x20,0x01,0x45,0x0d,0x01,0x20,0x00,0x20,0x03,0x2d,0x00,0x00,0x3a,
    0x00,0x00,0x20,0x01,0x41,0x7f,0x6a,0x21,0x01,0x20,0x00,0x41,0x01,0x6a,0x21,0x00,
    0x20,0x03,0x41,0x01,0x6a,0x21,0x03,0x0c,0x00,0x0b,0x0b,0x20,0x02,0x20,0x00,0x36,
    0x02,0x38,0x20,0x02,0x28,0x02,0x34,0x22,0x03,0x20,0x00,0x47,0x0d,0x01,0x0b,0x20,
    0x02,0x41,0x00,0x3a,0x00,0x30,0x20,0x02,0x41,0x00,0x3a,0x00,0x24,0x0c,0x01,0x0b,
    0x20,0x00,0x20,0x03,0x6b,0x21,0x01,0x02,0x40,0x02,0x40,0x20,0x03,0x20,0x01,0x20,
    0x02,0x41,0xc0,0x00,0x6a,0x20,0x01,0x20,0x01,0x41,0xe8,0x07,0x6e,0x6a,0x41,0x80,
    0x01,0x6a,0x22,0x05,0x10,0xf8,0x80,0x80,0x80,0x00,0x22,0x00,0x28,0x02,0x00,0x20,
    0x05,0x10,0x80,0x80,0x80,0x80,0x00,0x22,0x01,0x41,0x7f,0x4a,0x0d,0x00,0x41,0x00,
    0x21,0x01,0x20,0x02,0x41,0x00,0x3a,0x00,0x24,0x0c,0x01,0x0b,0x20,0x00,0x20,0x01,
    0x10,0xf9,0x80,0x80,0x80,0x00,0x20,0x00,0x28,0x02,0x08,0x21,0x01,0x20,0x00,0x41,
    0x00,0x36,0x02,0x08,0x20,0x00,0x28,0x02,0x04,0x21,0x05,0x20,0x00,0x28,0x02,0x00,
    0x21,0x03,0x20,0x00,0x42,0x00,0x37,0x02,0x00,0x20,0x02,0x20,0x03,0x36,0x02,0x24,
    0x20,0x02,0x20,0x05,0x36,0x02,0x28,0x20,0x02,0x20,0x01,0x36,0x02,0x2c,0x41,0x01,
    0x21,0x01,0x0b,0x20,0x02,0x20,0x01,0x3a,0x00,0x30,0x20,0x00,0x10,0xf6,0x80,0x80,
    0x80,0x00,0x1a,0x20,0x01,0x0d,0x01,0x0b,0x20,0x04,0x41,0x20,0x6a,0x20,0x02,0x41,
    0xc0,0x00,0x6a,0x41,0xec,0x8d,0x84,0x80,0x00,0x10,0x8a,0x80,0x80,0x80,0x00,0x22,
    0x00,0x20,0x04,0x28,0x02,0x28,0x11,0x80,0x80,0x80,0x80,0x00,0x80,0x80,0x80,0x80,
    0x00,0x20,0x00,0x10,0x95,0x80,0x80,0x80,0x00,0x1a,0x0c,0x01,0x0b,0x20,0x04,0x20,
    0x04,0x28,0x02,0x40,0x41,0x01,0x6a,0x22,0x03,0x36,0x02,0x40,0x20,0x02,0x41,0x00,
    0x36,0x02,0x20,0x20,0x02,0x42,0x00,0x37,0x02,0x18,0x20,0x02,0x41,0x18,0x6a,0x20,
    0x05,0x20,0x02,0x28,0x02,0x24,0x22,0x01,0x6b,0x22,0x00,0x41,0x04,0x6a,0x10,0xf4,
    0x80,0x80,0x80,0x00,0x20,0x02,0x20,0x03,0x41,0x18,0x76,0x3a,0x00,0x40,0x20,0x02,
    0x41,0x18,0x6a,0x20,0x02,0x41,0xc0,0x00,0x6a,0x10,0xf5,0x80,0x80,0x80,0x00,0x20,
    0x02,0x20,0x03,0x41,0x10,0x76,0x3a,0x00,0x40,0x20,0x02,0x41,0x18,0x6a,0x20,0x02,
    0x41,0xc0,0x00,0x6a,0x10,0xf5,0x80,0x80,0x80,0x00,0x20,0x02,0x20,0x03,0x41,0x08,
    0x76,0x3a,0x00,0x40,0x20,0x02,0x41,0x18,0x6a,0x20,0x02,0x41,0xc0,0x00,0x6a,0x10,
    0xf5,0x80,0x80,0x80,0x00,0x20,0x02,0x20,0x03,0x3a,0x00,0x40,0x20,0x02,0x41,0x18,
    0x6a,0x20,0x02,0x41,0xc0,0x00,0x6a,0x10,0xf5,0x80,0x80,0x80,0x00,0x02,0x40,0x20,
    0x00,0x41,0x01,0x48,0x0d,0x00,0x02,0x40,0x20,0x00,0x20,0x02,0x28,0x02,0x20,0x22,
    0x06,0x20,0x02,0x28,0x02,0x1c,0x22,0x07,0x6b,0x4a,0x0d,0x00,0x02,0x40,0x20,0x00,
    0x45,0x0d,0x00,0x20,0x07,0x20,0x01,0x20,0x00,0xfc,0x0a,0x00,0x00,0x0b,0x20,0x02,
    0x20,0x07,0x20,0x00,0x6a,0x36,0x02,0x1c,0x0c,0x01,0x0b,0x20,0x02,0x41,0xc0,0x00,
    0x6a,0x20,0x02,0x28,0x02,0x18,0x22,0x08,0x20,0x06,0x20,0x00,0x20,0x08,0x6b,0x20,
    0x07,0x6a,0x10,0x8a,0x81,0x80,0x80,0x00,0x20,0x07,0x20,0x08,0x6b,0x22,0x09,0x10,
    0xfa,0x80,0x80,0x80,0x00,0x22,0x05,0x28,0x02,0x08,0x22,0x03,0x20,0x00,0x6a,0x21,
    0x0a,0x02,0x40,0x03,0x40,0x20,0x00,0x45,0x0d,0x01,0x20,0x03,0x20,0x01,0x2d,0x00,
    0x00,0x3a,0x00,0x00,0x20,0x00,0x41,0x7f,0x6a,0x21,0x00,0x20,0x01,0x41,0x01,0x6a,
    0x21,0x01,0x20,0x03,0x41,0x01,0x6a,0x21,0x03,0x0c,0x00,0x0b,0x0b,0x20,0x05,0x28,
    0x02,0x04,0x20,0x08,0x20,0x07,0x6b,0x6a,0x21,0x00,0x02,0x40,0x20,0x09,0x45,0x0d,
    0x00,0x20,0x00,0x20,0x08,0x20,0x09,0xfc,0x0a,0x00,0x00,0x0b,0x20,0x05,0x20,0x08,
    0x36,0x02,0x08,0x20,0x05,0x20,0x08,0x36,0x02,0x04,0x20,0x05,0x20,0x08,0x36,0x02,
    0x00,0x20,0x05,0x28,0x02,0x0c,0x21,0x01,0x20,0x05,0x20,0x06,0x36,0x02,0x0c,0x20,
    0x02,0x20,0x0a,0x36,0x02,0x1c,0x20,0x02,0x20,0x00,0x36,0x02,0x18,0x20,0x02,0x20,
    0x01,0x36,0x02,0x20,0x20,0x05,0x10,0xfc,0x80,0x80,0x80,0x00,0x1a,0x0b,0x20,0x04,
    0x20,0x02,0x41,0x18,0x6a,0x20,0x04,0x28,0x02,0x08,0x11,0x80,0x80,0x80,0x80,0x00,
    0x80,0x80,0x80,0x80,0x00,0x20,0x02,0x41,0x18,0x6a,0x10,0xf6,0x80,0x80,0x80,0x00,
    0x1a,0x0b,0x20,0x02,0x41,0x24,0x6a,0x10,0xfd,0x80,0x80,0x80,0x00,0x1a,0x20,0x02,
    0x41,0x34,0x6a,0x10,0xf6,0x80,0x80,0x80,0x00,0x1a,0x20,0x02,0x41,0x08,0x6a,0x10,
    0x95,0x80,0x80,0x80,0x00,0x1a,0x20,0x02,0x41,0xd0,0x00,0x6a,0x24,0x80,0x80,0x80,
    0x80,0x00,0x0b,0x4a,0x00,0x02,0x40,0x20,0x00,0x2c,0x00,0x0b,0x41,0x7f,0x4a,0x0d,
    0x00,0x20,0x00,0x28,0x02,0x00,0x10,0x9e,0x80,0x80,0x80,0x00,0x20,0x00,0x41,0x00,
    0x36,0x02,0x08,0x20,0x00,0x42,0x00,0x37,0x02,0x00,0x0b,0x20,0x00,0x20,0x01,0x28,
    0x02,0x08,0x36,0x02,0x08,0x20,0x00,0x20,0x01,0x29,0x02,0x00,0x37,0x02,0x00,0x20,
    0x01,0x41,0x00,0x3a,0x00,0x0b,0x20,0x01,0x41,0x00,0x3a,0x00,0x00,0x0b,0x2e,0x00,
    0x20,0x00,0x20,0x02,0x20,0x01,0x10,0x8b,0x81,0x80,0x80,0x00,0x22,0x01,0x28,0x02,
    0x08,0x36,0x02,0x08,0x20,0x00,0x20,0x01,0x29,0x02,0x00,0x37,0x02,0x00,0x20,0x01,
    0x42,0x00,0x37,0x02,0x00,0x20,0x01,0x41,0x00,0x36,0x02,0x08,0x0b,0x53,0x02,0x01,
    0x7f,0x02,0x7e,0x23,0x80,0x80,0x80,0x80,0x00,0x41,0x10,0x6b,0x22,0x02,0x24,0x80,
    0x80,0x80,0x80,0x00,0x20,0x01,0x29,0x02,0x00,0x21,0x03,0x20,0x01,0x42,0x00,0x37,
    0x02,0x00,0x20,0x00,0x29,0x02,0x00,0x21,0x04,0x20,0x00,0x20,0x03,0x37,0x02,0x00,
    0x20,0x02,0x20,0x04,0x37,0x02,0x08,0x20,0x02,0x41,0x08,0x6a,0x10,0xa7,0x80,0x80,
    0x80,0x00,0x1a,0x20,0x02,0x41,0x10,0x6a,0x24,0x80,0x80,0x80,0x80,0x00,0x20,0x00,
    0x0b,0x94,0x02,0x01,0x08,0x7f,0x23,0x80,0x80,0x80,0x80,0x00,0x41,0x10,0x6b,0x22,
    0x01,0x24,0x80,0x80,0x80,0x80,0x00,0x02,0x40,0x20,0x00,0x28,0x02,0x44,0x22,0x02,
    0x20,0x00,0x28,0x02,0x48,0x22,0x03,0x46,0x0d,0x00,0x20,0x00,0x2d,0x00,0x33,0x41,
    0x01,0x71,0x45,0x0d,0x00,0x20,0x00,0x2d,0x00,0x34,0x41,0x01,0x71,0x45,0x0d,0x00,
    0x20,0x00,0x41,0xc4,0x00,0x6a,0x21,0x04,0x20,0x00,0x41,0x04,0x6a,0x21,0x05,0x20,
    0x01,0x41,0x04,0x6a,0x41,0x04,0x6a,0x21,0x06,0x03,0x40,0x02,0x40,0x20,0x02,0x20,
    0x03,0x47,0x0d,0x00,0x20,0x04,0x10,0xbc,0x80,0x80,0x80,0x00,0x0c,0x02,0x0b,0x20,
    0x02,0x28,0x02,0x00,0x22,0x07,0x20,0x07,0x28,0x02,0x00,0x28,0x02,0x28,0x11,0x81,
    0x80,0x80,0x80,0x00,0x80,0x80,0x80,0x80,0x00,0x21,0x07,0x20,0x01,0x42,0x00,0x37,
    0x02,0x08,0x20,0x01,0x20,0x06,0x36,0x02,0x04,0x02,0x40,0x20,0x07,0x28,0x02,0x08,
    0x45,0x0d,0x00,0x20,0x01,0x41,0x04,0x6a,0x20,0x07,0x28,0x02,0x04,0x20,0x01,0x41,
    0x04,0x6a,0x10,0x8c,0x81,0x80,0x80,0x00,0x22,0x08,0x20,0x06,0x36,0x02,0x08,0x20,
    0x01,0x20,0x08,0x36,0x02,0x08,0x20,0x01,0x20,0x08,0x10,0x8d,0x81,0x80,0x80,0x00,
    0x36,0x02,0x04,0x20,0x01,0x20,0x07,0x28,0x02,0x08,0x36,0x02,0x0c,0x0b,0x20,0x05,
    0x20,0x01,0x41,0x04,0x6a,0x20,0x00,0x28,0x02,0x0c,0x11,0x80,0x80,0x80,0x80,0x00,
    0x80,0x80,0x80,0x80,0x00,0x20,0x01,0x28,0x02,0x08,0x10,0x93,0x80,0x80,0x80,0x00,
    0x20,0x02,0x41,0x08,0x6a,0x21,0x02,0x0c,0x00,0x0b,0x0b,0x20,0x01,0x41,0x10,0x6a,
    0x24,0x80,0x80,0x80,0x80,0x00,0x0b,0xba,0x04,0x01,0x06,0x7f,0x23,0x80,0x80,0x80,
    0x80,0x00,0x41,0xb0,0x01,0x6b,0x22,0x01,0x24,0x80,0x80,0x80,0x80,0x00,0x02,0x40,
    0x20,0x00,0x2d,0x00,0x54,0x41,0x01,0x47,0x0d,0x00,0x20,0x01,0x41,0x2c,0x6a,0x41,
    0x9e,0x8c,0x84,0x80,0x00,0x10,0xa0,0x80,0x80,0x80,0x00,0x22,0x02,0x41,0x14,0x6a,
    0x41,0xb6,0x8f,0x84,0x80,0x00,0x10,0x8a,0x80,0x80,0x80,0x00,0x1a,0x20,0x02,0x41,
    0x20,0x6a,0x20,0x00,0x2d,0x00,0x50,0x10,0xe3,0x80,0x80,0x80,0x00,0x1a,0x20,0x02,
    0x41,0x28,0x6a,0x41,0xa8,0x80,0x84,0x80,0x00,0x10,0x8a,0x80,0x80,0x80,0x00,0x1a,
    0x20,0x02,0x41,0x34,0x6a,0x20,0x00,0x2d,0x00,0x51,0x10,0xe3,0x80,0x80,0x80,0x00,
    0x1a,0x20,0x00,0x2d,0x00,0x53,0x21,0x03,0x20,0x00,0x2d,0x00,0x52,0x21,0x04,0x20,
    0x02,0x41,0x3c,0x6a,0x41,0x93,0x8c,0x84,0x80,0x00,0x10,0x8a,0x80,0x80,0x80,0x00,
    0x1a,0x20,0x02,0x41,0xc8,0x00,0x6a,0x41,0x9f,0x8b,0x84,0x80,0x00,0x41,0x9d,0x8b,
    0x84,0x80,0x00,0x20,0x04,0x41,0x01,0x71,0x1b,0x41,0x9d,0x8b,0x84,0x80,0x00,0x20,
    0x03,0x1b,0x10,0x8e,0x80,0x80,0x80,0x00,0x1a,0x20,0x02,0x41,0xd0,0x00,0x6a,0x41,
    0x85,0x88,0x84,0x80,0x00,0x10,0x8a,0x80,0x80,0x80,0x00,0x1a,0x20,0x02,0x41,0xdc,
    0x00,0x6a,0x41,0x00,0x10,0xc3,0x80,0x80,0x80,0x00,0x1a,0x20,0x02,0x41,0xe4,0x00,
    0x6a,0x41,0x83,0x8c,0x84,0x80,0x00,0x10,0x8a,0x80,0x80,0x80,0x00,0x1a,0x20,0x02,
    0x41,0xf0,0x00,0x6a,0x41,0x9d,0x8b,0x84,0x80,0x00,0x10,0x8e,0x80,0x80,0x80,0x00,
    0x1a,0x20,0x01,0x41,0x2c,0x6a,0x41,0xe4,0x00,0x6a,0x21,0x03,0x20,0x01,0x41,0xa4,
    0x01,0x6a,0x20,0x02,0x41,0x06,0x10,0x92,0x80,0x80,0x80,0x00,0x21,0x05,0x03,0x40,
    0x20,0x03,0x10,0x94,0x80,0x80,0x80,0x00,0x21,0x04,0x20,0x03,0x41,0x6c,0x6a,0x21,
    0x03,0x20,0x04,0x20,0x02,0x47,0x0d,0x00,0x0b,0x20,0x01,0x41,0x2c,0x6a,0x41,0xfb,
    0x8c,0x84,0x80,0x00,0x10,0x8a,0x80,0x80,0x80,0x00,0x22,0x02,0x41,0x0c,0x6a,0x41,
    0xa2,0x8f,0x84,0x80,0x00,0x10,0x8e,0x80,0x80,0x80,0x00,0x1a,0x20,0x01,0x41,0x08,
    0x6a,0x20,0x05,0x10,0xe0,0x80,0x80,0x80,0x00,0x21,0x06,0x20,0x01,0x42,0x00,0x37,
    0x03,0x10,0x20,0x01,0x41,0x00,0x36,0x02,0x18,0x20,0x06,0x28,0x02,0x00,0x22,0x03,
    0x20,0x01,0x41,0x10,0x6a,0x20,0x03,0x28,0x02,0x00,0x28,0x02,0x0c,0x11,0x80,0x80,
    0x80,0x80,0x00,0x80,0x80,0x80,0x80,0x00,0x20,0x02,0x41,0x14,0x6a,0x41,0xbc,0x91,
    0x84,0x80,0x00,0x20,0x01,0x41,0x10,0x6a,0x10,0x88,0x81,0x80,0x80,0x00,0x1a,0x20,
    0x00,0x41,0x04,0x6a,0x20,0x01,0x41,0x20,0x6a,0x20,0x02,0x41,0x02,0x10,0x92,0x80,
    0x80,0x80,0x00,0x22,0x03,0x20,0x00,0x28,0x02,0x0c,0x11,0x80,0x80,0x80,0x80,0x00,
    0x80,0x80,0x80,0x80,0x00,0x20,0x03,0x28,0x02,0x04,0x10,0x93,0x80,0x80,0x80,0x00,
    0x20,0x01,0x41,0x2c,0x6a,0x41,0x14,0x6a,0x21,0x03,0x03,0x40,0x20,0x03,0x10,0x94,
    0x80,0x80,0x80,0x00,0x21,0x04,0x20,0x03,0x41,0x6c,0x6a,0x21,0x03,0x20,0x04,0x20,
    0x02,0x47,0x0d,0x00,0x0b,0x20,0x01,0x41,0x10,0x6a,0x10,0x95,0x80,0x80,0x80,0x00,
    0x1a,0x20,0x06,0x10,0xa7,0x80,0x80,0x80,0x00,0x1a,0x20,0x05,0x28,0x02,0x04,0x10,
    0x93,0x80,0x80,0x80,0x00,0x0b,0x20,0x01,0x41,0xb0,0x01,0x6a,0x24,0x80,0x80,0x80,
    0x80,0x00,0x0b,0x98,0x04,0x02,0x05,0x7f,0x01,0x7e,0x23,0x80,0x80,0x80,0x80,0x00,
    0x41,0x20,0x6b,0x22,0x02,0x24,0x80,0x80,0x80,0x80,0x00,0x20,0x02,0x41,0x14,0x6a,
    0x21,0x03,0x20,0x02,0x21,0x04,0x02,0x40,0x20,0x01,0x42,0x7f,0x55,0x0d,0x00,0x20,
    0x02,0x41,0x2d,0x3a,0x00,0x00,0x42,0x00,0x20,0x01,0x7d,0x21,0x01,0x20,0x02,0x41,
    0x01,0x72,0x21,0x04,0x0b,0x02,0x40,0x02,0x40,0x20,0x03,0x20,0x04,0x6b,0x22,0x05,
    0x41,0x13,0x4a,0x0d,0x00,0x41,0xc0,0x00,0x20,0x01,0x42,0x01,0x84,0x79,0xa7,0x6b,
    0x41,0xd1,0x09,0x6c,0x41,0x0c,0x76,0x22,0x06,0x20,0x01,0x20,0x06,0x41,0x03,0x74,
    0x29,0x03,0xb0,0xa1,0x84,0x80,0x00,0x54,0x6b,0x41,0x01,0x6a,0x20,0x05,0x4a,0x0d,
    0x01,0x0b,0x02,0x40,0x20,0x01,0x42,0xff,0xff,0xff,0xff,0x0f,0x56,0x0d,0x00,0x20,
    0x04,0x20,0x01,0xa7,0x10,0x98,0x82,0x80,0x80,0x00,0x21,0x03,0x0c,0x01,0x0b,0x02,
    0x40,0x20,0x01,0x42,0x80,0xc8,0xaf,0xa0,0x25,0x54,0x0d,0x00,0x20,0x01,0x42,0x80,
    0xc8,0xaf,0xa0,0x25,0x80,0x22,0x07,0x42,0x80,0xb8,0xd0,0xdf,0x5a,0x7e,0x20,0x01,
    0x7c,0x21,0x01,0x20,0x04,0x20,0x07,0xa7,0x10,0x98,0x82,0x80,0x80,0x00,0x21,0x04,
    0x0b,0x20,0x04,0x20,0x01,0x42,0x80,0xc2,0xd7,0x2f,0x80,0x22,0x07,0xa7,0x41,0x01,
    0x74,0x2f,0x01,0xe0,0x9f,0x84,0x80,0x00,0x3b,0x00,0x00,0x20,0x04,0x20,0x07,0x42,
    0x80,0xbe,0xa8,0xd0,0x0f,0x7e,0x20,0x01,0x7c,0xa7,0x22,0x03,0x41,0xc0,0x84,0x3d,
    0x6e,0x22,0x05,0x41,0x01,0x74,0x2f,0x01,0xe0,0x9f,0x84,0x80,0x00,0x3b,0x00,0x02,
    0x20,0x04,0x20,0x05,0x41,0xc0,0xfb,0x42,0x6c,0x20,0x03,0x6a,0x22,0x03,0x41,0x90,
    0xce,0x00,0x6e,0x22,0x05,0x41,0x01,0x74,0x2f,0x01,0xe0,0x9f,0x84,0x80,0x00,0x3b,
    0x00,0x04,0x20,0x04,0x20,0x05,0x41,0xf0,0xb1,0x03,0x6c,0x20,0x03,0x6a,0x22,0x03,
    0x41,0xff,0xff,0x03,0x71,0x41,0xe4,0x00,0x6e,0x22,0x05,0x41,0x01,0x74,0x2f,0x01,
    0xe0,0x9f,0x84,0x80,0x00,0x3b,0x00,0x06,0x20,0x04,0x20,0x05,0x41,0x9c,0x7f,0x6c,
    0x20,0x03,0x6a,0x41,0xff,0xff,0x03,0x71,0x41,0x01,0x74,0x2f,0x01,0xe0,0x9f,0x84,
    0x80,0x00,0x3b,0x00,0x08,0x20,0x04,0x41,0x0a,0x6a,0x21,0x03,0x0b,0x02,0x40,0x02,
    0x40,0x20,0x03,0x20,0x02,0x6b,0x22,0x04,0x41,0xf7,0xff,0xff,0xff,0x07,0x4f,0x0d,
    0x00,0x02,0x40,0x02,0x40,0x20,0x04,0x41,0x0a,0x4b,0x0d,0x00,0x20,0x00,0x20,0x04,
    0x3a,0x00,0x0b,0x0c,0x01,0x0b,0x20,0x04,0x41,0xf8,0xff,0xff,0xff,0x07,0x71,0x41,
    0x08,0x6a,0x22,0x05,0x10,0x93,0x82,0x80,0x80,0x00,0x22,0x03,0x45,0x0d,0x02,0x20,
    0x00,0x20,0x04,0x36,0x02,0x04,0x20,0x00,0x20,0x03,0x36,0x02,0x00,0x20,0x00,0x20,
    0x05,0x41,0x80,0x80,0x80,0x80,0x78,0x72,0x36,0x02,0x08,0x20,0x03,0x21,0x00,0x0b,
    0x02,0x40,0x20,0x04,0x45,0x0d,0x00,0x20,0x00,0x20,0x02,0x20,0x04,0xfc,0x0a,0x00,
    0x00,0x0b,0x20,0x00,0x20,0x04,0x6a,0x41,0x00,0x3a,0x00,0x00,0x20,0x02,0x41,0x20,
    0x6a,0x24,0x80,0x80,0x80,0x80,0x00,0x0f,0x0b,0x10,0xe4,0x80,0x80,0x80,0x00,0x00,
    0x0b,0x20,0x02,0x41,0x00,0x10,0x94,0x82,0x80,0x80,0x00,0x00,0x0b,0x83,0x02,0x01,
    0x06,0x7f,0x23,0x80,0x80,0x80,0x80,0x00,0x41,0x10,0x6b,0x22,0x03,0x24,0x80,0x80,
    0x80,0x80,0x00,0x41,0x24,0x10,0xd1,0x80,0x80,0x80,0x00,0x22,0x04,0x41,0x00,0x36,
    0x02,0x00,0x20,0x03,0x20,0x01,0x36,0x02,0x08,0x20,0x03,0x20,0x04,0x36,0x02,0x04,
    0x20,0x04,0x41,0x10,0x6a,0x20,0x02,0x28,0x02,0x00,0x10,0x8a,0x80,0x80,0x80,0x00,
    0x21,0x05,0x20,0x04,0x20,0x02,0x29,0x02,0x04,0x37,0x02,0x1c,0x20,0x02,0x42,0x00,
    0x37,0x02,0x04,0x41,0x01,0x21,0x06,0x20,0x03,0x41,0x01,0x3a,0x00,0x0c,0x02,0x40,
    0x02,0x40,0x02,0x40,0x20,0x01,0x28,0x02,0x04,0x22,0x07,0x0d,0x00,0x20,0x01,0x41,
    0x04,0x6a,0x22,0x02,0x21,0x08,0x0c,0x01,0x0b,0x03,0x40,0x02,0x40,0x20,0x05,0x20,
    0x07,0x22,0x02,0x41,0x10,0x6a,0x10,0xd7,0x80,0x80,0x80,0x00,0x22,0x07,0x41,0x7f,
    0x4a,0x0d,0x00,0x20,0x02,0x21,0x08,0x20,0x02,0x28,0x02,0x00,0x22,0x07,0x0d,0x01,
    0x0c,0x02,0x0b,0x02,0x40,0x20,0x07,0x0d,0x00,0x41,0x00,0x21,0x06,0x20,0x02,0x21,
    0x04,0x0c,0x03,0x0b,0x20,0x02,0x28,0x02,0x04,0x22,0x07,0x0d,0x00,0x0b,0x20,0x02,
    0x41,0x04,0x6a,0x21,0x08,0x0b,0x20,0x01,0x20,0x02,0x20,0x08,0x20,0x04,0x10,0xa2,
    0x80,0x80,0x80,0x00,0x20,0x03,0x41,0x00,0x36,0x02,0x04,0x0b,0x20,0x03,0x41,0x04,
    0x6a,0x10,0xa3,0x80,0x80,0x80,0x00,0x1a,0x20,0x00,0x20,0x06,0x3a,0x00,0x04,0x20,
    0x00,0x20,0x04,0x36,0x02,0x00,0x20,0x03,0x41,0x10,0x6a,0x24,0x80,0x80,0x80,0x80,
    0x00,0x0b,0x1c,0x00,0x20,0x00,0x20,0x01,0x10,0x8a,0x80,0x80,0x80,0x00,0x22,0x01,
    0x41,0x0c,0x6a,0x20,0x02,0x10,0xb3,0x80,0x80,0x80,0x00,0x1a,0x20,0x01,0x0b,0x1c,
    0x00,0x20,0x00,0x20,0x01,0x10,0x8a,0x80,0x80,0x80,0x00,0x22,0x01,0x41,0x0c,0x6a,
    0x20,0x02,0x10,0x91,0x80,0x80,0x80,0x00,0x1a,0x20,0x01,0x0b,0x2e,0x00,0x20,0x00,
    0x20,0x01,0x20,0x02,0x10,0xaf,0x80,0x80,0x80,0x00,0x22,0x02,0x28,0x02,0x08,0x36,
    0x02,0x08,0x20,0x00,0x20,0x02,0x29,0x02,0x00,0x37,0x02,0x00,0x20,0x02,0x42,0x00,
    0x37,0x02,0x00,0x20,0x02,0x41,0x00,0x36,0x02,0x08,0x0b,0x37,0x00,0x02,0x40,0x20,
    0x02,0x41,0x7f,0x4a,0x0d,0x00,0x10,0x8e,0x81,0x80,0x80,0x00,0x00,0x0b,0x20,0x01,
    0x20,0x00,0x6b,0x22,0x01,0x41,0x01,0x74,0x22,0x00,0x20,0x02,0x20,0x00,0x20,0x02,
    0x4b,0x1b,0x41,0xff,0xff,0xff,0xff,0x07,0x20,0x01,0x41,0xff,0xff,0xff,0xff,0x03,
    0x49,0x1b,0x0b,0xa8,0x03,0x01,0x05,0x7f,0x20,0x01,0x21,0x02,0x02,0x40,0x02,0x40,
    0x20,0x01,0x41,0x03,0x71,0x45,0x0d,0x00,0x02,0x40,0x20,0x01,0x2d,0x00,0x00,0x0d,
    0x00,0x20,0x01,0x21,0x02,0x0c,0x02,0x0b,0x20,0x01,0x41,0x01,0x6a,0x22,0x02,0x41,
    0x03,0x71,0x45,0x0d,0x00,0x20,0x02,0x2d,0x00,0x00,0x45,0x0d,0x01,0x20,0x01,0x41,
    0x02,0x6a,0x22,0x02,0x41,0x03,0x71,0x45,0x0d,0x00,0x20,0x02,0x2d,0x00,0x00,0x45,
    0x0d,0x01,0x20,0x01,0x41,0x03,0x6a,0x22,0x02,0x41,0x03,0x71,0x45,0x0d,0x00,0x20,
    0x02,0x2d,0x00,0x00,0x45,0x0d,0x01,0x20,0x01,0x41,0x04,0x6a,0x22,0x02,0x41,0x03,
    0x71,0x0d,0x01,0x0b,0x20,0x02,0x41,0x7b,0x6a,0x21,0x02,0x03,0x40,0x20,0x02,0x41,
    0x05,0x6a,0x21,0x03,0x20,0x02,0x41,0x04,0x6a,0x21,0x02,0x41,0x80,0x82,0x84,0x08,
    0x20,0x03,0x28,0x02,0x00,0x22,0x03,0x6b,0x20,0x03,0x72,0x41,0x80,0x81,0x82,0x84,
    0x78,0x71,0x41,0x80,0x81,0x82,0x84,0x78,0x46,0x0d,0x00,0x0b,0x03,0x40,0x20,0x02,
    0x41,0x01,0x6a,0x22,0x02,0x2d,0x00,0x00,0x0d,0x00,0x0b,0x0b,0x02,0x40,0x20,0x00,
    0x28,0x02,0x08,0x41,0xff,0xff,0xff,0xff,0x07,0x71,0x41,0x7f,0x6a,0x41,0x0a,0x20,
    0x00,0x2c,0x00,0x0b,0x22,0x04,0x41,0x00,0x48,0x22,0x03,0x1b,0x22,0x05,0x20,0x00,
    0x28,0x02,0x04,0x20,0x04,0x20,0x03,0x1b,0x22,0x03,0x6b,0x20,0x02,0x20,0x01,0x6b,
    0x22,0x06,0x4f,0x0d,0x00,0x20,0x00,0x20,0x05,0x20,0x03,0x20,0x06,0x6a,0x20,0x05,
    0x6b,0x20,0x03,0x41,0x00,0x20,0x06,0x20,0x01,0x10,0x95,0x82,0x80,0x80,0x00,0x20,
    0x00,0x0f,0x0b,0x02,0x40,0x20,0x02,0x20,0x01,0x46,0x0d,0x00,0x20,0x00,0x28,0x02,
    0x00,0x20,0x00,0x20,0x04,0x41,0x00,0x48,0x1b,0x21,0x02,0x02,0x40,0x20,0x03,0x45,
    0x0d,0x00,0x02,0x40,0x20,0x03,0x45,0x0d,0x00,0x20,0x02,0x20,0x06,0x6a,0x20,0x02,
    0x20,0x03,0xfc,0x0a,0x00,0x00,0x0b,0x20,0x01,0x20,0x06,0x41,0x00,0x20,0x01,0x20,
    0x02,0x20,0x03,0x6a,0x49,0x1b,0x41,0x00,0x20,0x01,0x20,0x02,0x4f,0x1b,0x6a,0x21,
    0x01,0x0b,0x02,0x40,0x20,0x06,0x45,0x0d,0x00,0x20,0x02,0x20,0x01,0x20,0x06,0xfc,
    0x0a,0x00,0x00,0x0b,0x20,0x03,0x20,0x06,0x6a,0x21,0x03,0x02,0x40,0x02,0x40,0x20,
    0x00,0x2c,0x00,0x0b,0x41,0x7f,0x4a,0x0d,0x00,0x20,0x00,0x20,0x03,0x36,0x02,0x04,
    0x0c,0x01,0x0b,0x20,0x00,0x20,0x03,0x41,0xff,0x00,0x71,0x3a,0x00,0x0b,0x0b,0x20,
    0x02,0x20,0x03,0x6a,0x41,0x00,0x3a,0x00,0x00,0x0b,0x20,0x00,0x0b,0xb4,0x01,0x01,
    0x02,0x7f,0x23,0x80,0x80,0x80,0x80,0x00,0x41,0x10,0x6b,0x22,0x03,0x24,0x80,0x80,
    0x80,0x80,0x00,0x02,0x40,0x02,0x40,0x20,0x01,0x0d,0x00,0x41,0x00,0x21,0x02,0x0c,
    0x01,0x0b,0x20,0x03,0x41,0x04,0x6a,0x20,0x02,0x20,0x01,0x41,0x10,0x6a,0x10,0xa1,
    0x80,0x80,0x80,0x00,0x20,0x00,0x20,0x01,0x28,0x02,0x00,0x20,0x02,0x10,0x8c,0x81,
    0x80,0x80,0x00,0x21,0x04,0x20,0x00,0x20,0x01,0x28,0x02,0x04,0x20,0x02,0x10,0x8c,
    0x81,0x80,0x80,0x00,0x21,0x00,0x20,0x03,0x28,0x02,0x04,0x22,0x02,0x20,0x01,0x2d,
    0x00,0x0c,0x3a,0x00,0x0c,0x20,0x02,0x20,0x00,0x36,0x02,0x04,0x20,0x02,0x20,0x04,
    0x36,0x02,0x00,0x20,0x03,0x41,0x00,0x36,0x02,0x04,0x02,0x40,0x20,0x04,0x45,0x0d,
    0x00,0x20,0x04,0x20,0x02,0x36,0x02,0x08,0x0b,0x02,0x40,0x20,0x00,0x45,0x0d,0x00,
    0x20,0x00,0x20,0x02,0x36,0x02,0x08,0x0b,0x20,0x03,0x41,0x04,0x6a,0x10,0xa3,0x80,
    0x80,0x80,0x00,0x1a,0x0b,0x20,0x03,0x41,0x10,0x6a,0x24,0x80,0x80,0x80,0x80,0x00,
    0x20,0x02,0x0b,0x14,0x01,0x01,0x7f,0x03,0x40,0x20,0x00,0x22,0x01,0x28,0x02,0x00,
    0x22,0x00,0x0d,0x00,0x0b,0x20,0x01,0x0b,0x0f,0x00,0x41,0x9d,0x85,0x84,0x80,0x00,
    0x10,0xd2,0x80,0x80,0x80,0x00,0x00,0x0b,0x36,0x02,0x01,0x7f,0x01,0x7e,0x20,0x00,
    0x28,0x02,0x08,0x21,0x02,0x20,0x00,0x20,0x01,0x28,0x02,0x0c,0x36,0x02,0x08,0x20,
    0x00,0x29,0x02,0x00,0x21,0x03,0x20,0x00,0x20,0x01,0x29,0x02,0x04,0x37,0x02,0x00,
    0x20,0x01,0x20,0x02,0x36,0x02,0x0c,0x20,0x01,0x20,0x03,0x37,0x02,0x04,0x0b,0x39,
    0x01,0x02,0x7f,0x20,0x00,0x28,0x02,0x04,0x22,0x02,0x20,0x01,0x6a,0x21,0x03,0x03,
    0x40,0x02,0x40,0x20,0x01,0x0d,0x00,0x20,0x00,0x20,0x03,0x36,0x02,0x04,0x0f,0x0b,
    0x20,0x02,0x41,0x00,0x3a,0x00,0x00,0x20,0x01,0x41,0x7f,0x6a,0x21,0x01,0x20,0x02,
    0x41,0x01,0x6a,0x21,0x02,0x0c,0x00,0x0b,0x0b,0x17,0x00,0x41,0x81,0x80,0x80,0x80,
    0x00,0x41,0x00,0x41,0x80,0x80,0x84,0x80,0x00,0x10,0x89,0x80,0x80,0x80,0x00,0x1a,
    0x0b,0x37,0x01,0x01,0x7f,0x41,0x00,0x28,0x02,0xa0,0xb9,0x84,0x80,0x00,0x21,0x01,
    0x41,0x00,0x41,0x00,0x36,0x02,0xa0,0xb9,0x84,0x80,0x00,0x02,0x40,0x20,0x01,0x45,
    0x0d,0x00,0x20,0x01,0x20,0x01,0x28,0x02,0x00,0x28,0x02,0x04,0x11,0x83,0x80,0x80,
    0x80,0x00,0x80,0x80,0x80,0x80,0x00,0x0b,0x0b,0xc2,0x1a,0x01,0x0c,0x7f,0x23,0x80,
    0x80,0x80,0x80,0x00,0x41,0x80,0x03,0x6b,0x22,0x02,0x24,0x80,0x80,0x80,0x80,0x00,
    0x20,0x02,0x41,0x00,0x36,0x02,0x10,0x20,0x02,0x42,0x00,0x37,0x03,0x08,0x20,0x02,
    0x41,0x28,0x6a,0x20,0x00,0x20,0x01,0x10,0x8c,0x80,0x80,0x80,0x00,0x20,0x02,0x20,
    0x02,0x41,0x28,0x6a,0x20,0x02,0x41,0x08,0x6a,0x10,0xdb,0x80,0x80,0x80,0x00,0x20,
    0x02,0x41,0x28,0x6a,0x10,0x95,0x80,0x80,0x80,0x00,0x1a,0x41,0x90,0x01,0x10,0xd1,
    0x80,0x80,0x80,0x00,0x22,0x03,0x42,0x00,0x37,0x02,0x1c,0x20,0x03,0x41,0x00,0x36,
    0x02,0x14,0x20,0x03,0x41,0xc4,0x98,0x84,0x80,0x00,0x36,0x02,0x10,0x20,0x03,0x41,
    0x82,0x80,0x80,0x80,0x00,0x36,0x02,0x0c,0x20,0x03,0x41,0x88,0x80,0x84,0x80,0x00,
    0x36,0x02,0x00,0x20,0x03,0x42,0x00,0x37,0x02,0x24,0x20,0x03,0x42,0x00,0x37,0x02,
    0x2c,0x20,0x03,0x41,0x00,0x3a,0x00,0x34,0x20,0x03,0x41,0x38,0x6a,0x41,0xda,0x8d,
    0x84,0x80,0x00,0x10,0x8a,0x80,0x80,0x80,0x00,0x1a,0x20,0x03,0x41,0xc4,0x00,0x6a,
    0x41,0x00,0x41,0x2c,0xfc,0x0b,0x00,0x20,0x03,0x41,0xf0,0x00,0x6a,0x10,0xef,0x80,
    0x80,0x80,0x00,0x1a,0x20,0x03,0x42,0x00,0x37,0x03,0x88,0x01,0x20,0x03,0x42,0x00,
    0x37,0x03,0x80,0x01,0x20,0x03,0x42,0x00,0x37,0x03,0x78,0x20,0x02,0x41,0x28,0x6a,
    0x41,0x85,0x8b,0x84,0x80,0x00,0x10,0x8a,0x80,0x80,0x80,0x00,0x21,0x00,0x20,0x03,
    0x20,0x02,0x28,0x02,0x00,0x22,0x01,0x20,0x00,0x20,0x01,0x28,0x02,0x00,0x28,0x02,
    0x2c,0x11,0x82,0x80,0x80,0x80,0x00,0x80,0x80,0x80,0x80,0x00,0x28,0x02,0x00,0x22,
    0x04,0x20,0x04,0x28,0x02,0x00,0x28,0x02,0x18,0x11,0x81,0x80,0x80,0x80,0x00,0x80,
    0x80,0x80,0x80,0x00,0x3a,0x00,0x18,0x20,0x00,0x10,0x95,0x80,0x80,0x80,0x00,0x1a,
    0x20,0x03,0x20,0x01,0x20,0x02,0x41,0x28,0x6a,0x41,0xcf,0x91,0x84,0x80,0x00,0x10,
    0x8a,0x80,0x80,0x80,0x00,0x22,0x00,0x20,0x01,0x28,0x02,0x00,0x28,0x02,0x2c,0x11,
    0x82,0x80,0x80,0x80,0x00,0x80,0x80,0x80,0x80,0x00,0x28,0x02,0x00,0x22,0x04,0x20,
    0x04,0x28,0x02,0x00,0x28,0x02,0x18,0x11,0x81,0x80,0x80,0x80,0x00,0x80,0x80,0x80,
    0x80,0x00,0x3a,0x00,0x19,0x20,0x00,0x10,0x95,0x80,0x80,0x80,0x00,0x1a,0x20,0x01,
    0x20,0x02,0x41,0x28,0x6a,0x41,0x8d,0x84,0x84,0x80,0x00,0x10,0x8a,0x80,0x80,0x80,
    0x00,0x22,0x00,0x20,0x01,0x28,0x02,0x00,0x28,0x02,0x2c,0x11,0x82,0x80,0x80,0x80,
    0x00,0x80,0x80,0x80,0x80,0x00,0x28,0x02,0x00,0x22,0x01,0x20,0x01,0x28,0x02,0x00,
    0x28,0x02,0x20,0x11,0x81,0x80,0x80,0x80,0x00,0x80,0x80,0x80,0x80,0x00,0x21,0x01,
    0x20,0x00,0x10,0x95,0x80,0x80,0x80,0x00,0x1a,0x20,0x01,0x28,0x02,0x04,0x21,0x05,
    0x20,0x01,0x28,0x02,0x00,0x21,0x01,0x20,0x03,0x41,0x1c,0x6a,0x21,0x06,0x20,0x03,
    0x41,0x14,0x6a,0x21,0x07,0x20,0x03,0x41,0x04,0x6a,0x21,0x08,0x03,0x40,0x02,0x40,
    0x20,0x01,0x20,0x05,0x47,0x0d,0x00,0x20,0x02,0x41,0x84,0x98,0x84,0x80,0x00,0x36,
    0x02,0xcc,0x02,0x20,0x02,0x41,0x83,0x80,0x80,0x80,0x00,0x36,0x02,0xc8,0x02,0x20,
    0x02,0x41,0x94,0x98,0x84,0x80,0x00,0x36,0x02,0xdc,0x02,0x20,0x02,0x41,0x84,0x80,
    0x80,0x80,0x00,0x36,0x02,0xd8,0x02,0x20,0x02,0x20,0x03,0x36,0x02,0xc0,0x02,0x20,
    0x02,0x41,0xa4,0x98,0x84,0x80,0x00,0x36,0x02,0xec,0x02,0x20,0x02,0x41,0x85,0x80,
    0x80,0x80,0x00,0x36,0x02,0xe8,0x02,0x20,0x02,0x20,0x03,0x36,0x02,0xd0,0x02,0x20,
    0x02,0x41,0xb4,0x98,0x84,0x80,0x00,0x36,0x02,0xfc,0x02,0x20,0x02,0x41,0x86,0x80,
    0x80,0x80,0x00,0x36,0x02,0xf8,0x02,0x20,0x02,0x20,0x03,0x36,0x02,0xe0,0x02,0x20,
    0x02,0x20,0x03,0x36,0x02,0xf0,0x02,0x41,0xc4,0x00,0x10,0xd1,0x80,0x80,0x80,0x00,
    0x20,0x02,0x41,0x28,0x6a,0x20,0x02,0x41,0xc0,0x02,0x6a,0x10,0xd8,0x80,0x80,0x80,
    0x00,0x22,0x01,0x10,0xd8,0x80,0x80,0x80,0x00,0x22,0x00,0x41,0x00,0x36,0x02,0x40,
    0x20,0x01,0x10,0x9d,0x80,0x80,0x80,0x00,0x1a,0x20,0x02,0x41,0x00,0x36,0x02,0x14,
    0x20,0x07,0x20,0x00,0x10,0x9c,0x80,0x80,0x80,0x00,0x20,0x02,0x41,0x14,0x6a,0x10,
    0x9f,0x80,0x80,0x80,0x00,0x1a,0x20,0x02,0x41,0x28,0x6a,0x41,0xb3,0x80,0x84,0x80,
    0x00,0x10,0xa0,0x80,0x80,0x80,0x00,0x22,0x04,0x41,0x14,0x6a,0x41,0x9e,0x88,0x84,
    0x80,0x00,0x10,0x8a,0x80,0x80,0x80,0x00,0x1a,0x20,0x04,0x41,0x20,0x6a,0x41,0x01,
    0x10,0xc3,0x80,0x80,0x80,0x00,0x1a,0x20,0x08,0x20,0x02,0x41,0x14,0x6a,0x20,0x04,
    0x41,0x02,0x10,0x92,0x80,0x80,0x80,0x00,0x22,0x01,0x20,0x03,0x28,0x02,0x0c,0x11,
    0x80,0x80,0x80,0x80,0x00,0x80,0x80,0x80,0x80,0x00,0x20,0x01,0x28,0x02,0x04,0x10,
    0x93,0x80,0x80,0x80,0x00,0x20,0x02,0x41,0x28,0x6a,0x41,0x14,0x6a,0x21,0x01,0x03,
    0x40,0x20,0x01,0x10,0x94,0x80,0x80,0x80,0x00,0x21,0x00,0x20,0x01,0x41,0x6c,0x6a,
    0x21,0x01,0x20,0x00,0x20,0x04,0x47,0x0d,0x00,0x0b,0x20,0x02,0x41,0x00,0x36,0x02,
    0xbc,0x02,0x20,0x02,0x42,0x00,0x37,0x02,0xb4,0x02,0x20,0x02,0x41,0xd0,0x00,0x6a,
    0x21,0x06,0x20,0x02,0x41,0x3c,0x6a,0x21,0x09,0x20,0x03,0x28,0x02,0x20,0x21,0x07,
    0x20,0x03,0x28,0x02,0x1c,0x21,0x04,0x03,0x40,0x02,0x40,0x20,0x04,0x20,0x07,0x47,
    0x0d,0x00,0x20,0x02,0x41,0x28,0x6a,0x41,0xb1,0x8c,0x84,0x80,0x00,0x10,0xa8,0x80,
    0x80,0x80,0x00,0x21,0x04,0x20,0x03,0x2d,0x00,0x19,0x21,0x01,0x20,0x04,0x41,0x14,
    0x6a,0x41,0x81,0x8d,0x84,0x80,0x00,0x10,0x8a,0x80,0x80,0x80,0x00,0x1a,0x20,0x04,
    0x41,0x20,0x6a,0x41,0xc6,0x88,0x84,0x80,0x00,0x41,0xbe,0x80,0x84,0x80,0x00,0x20,
    0x01,0x1b,0x10,0x8e,0x80,0x80,0x80,0x00,0x1a,0x20,0x04,0x41,0x28,0x6a,0x41,0x82,
    0x84,0x84,0x80,0x00,0x10,0x8a,0x80,0x80,0x80,0x00,0x1a,0x20,0x04,0x41,0x34,0x6a,
    0x20,0x02,0x41,0xb4,0x02,0x6a,0x10,0xb3,0x80,0x80,0x80,0x00,0x1a,0x20,0x08,0x20,
    0x02,0x41,0x14,0x6a,0x20,0x04,0x41,0x03,0x10,0x92,0x80,0x80,0x80,0x00,0x22,0x01,
    0x20,0x03,0x28,0x02,0x0c,0x11,0x80,0x80,0x80,0x80,0x00,0x80,0x80,0x80,0x80,0x00,
    0x20,0x01,0x28,0x02,0x04,0x10,0x93,0x80,0x80,0x80,0x00,0x20,0x02,0x41,0x28,0x6a,
    0x41,0x28,0x6a,0x21,0x01,0x03,0x40,0x20,0x01,0x10,0x94,0x80,0x80,0x80,0x00,0x21,
    0x00,0x20,0x01,0x41,0x6c,0x6a,0x21,0x01,0x20,0x00,0x20,0x04,0x47,0x0d,0x00,0x0b,
    0x02,0x40,0x20,0x03,0x2d,0x00,0x18,0x41,0x01,0x47,0x0d,0x00,0x20,0x02,0x41,0x28,
    0x6a,0x41,0xfb,0x8c,0x84,0x80,0x00,0x10,0x8a,0x80,0x80,0x80,0x00,0x22,0x01,0x41,
    0x0c,0x6a,0x41,0xd5,0x88,0x84,0x80,0x00,0x10,0x8e,0x80,0x80,0x80,0x00,0x1a,0x20,
    0x08,0x20,0x02,0x41,0x14,0x6a,0x20,0x01,0x41,0x01,0x10,0x92,0x80,0x80,0x80,0x00,
    0x22,0x00,0x20,0x03,0x28,0x02,0x0c,0x11,0x80,0x80,0x80,0x80,0x00,0x80,0x80,0x80,
    0x80,0x00,0x20,0x00,0x28,0x02,0x04,0x10,0x93,0x80,0x80,0x80,0x00,0x20,0x01,0x10,
    0x94,0x80,0x80,0x80,0x00,0x1a,0x0b,0x20,0x03,0x41,0xe8,0x00,0x6a,0x21,0x05,0x20,
    0x02,0x41,0x28,0x6a,0x10,0xbe,0x80,0x80,0x80,0x00,0x22,0x04,0x41,0x14,0x6a,0x41,
    0x8f,0x92,0x84,0x80,0x00,0x10,0xbf,0x80,0x80,0x80,0x00,0x1a,0x20,0x04,0x41,0x28,
    0x6a,0x41,0xfb,0x86,0x84,0x80,0x00,0x10,0xc0,0x80,0x80,0x80,0x00,0x1a,0x20,0x04,
    0x41,0x3c,0x6a,0x10,0xc1,0x80,0x80,0x80,0x00,0x1a,0x20,0x04,0x41,0xd0,0x00,0x6a,
    0x41,0xf9,0x8e,0x84,0x80,0x00,0x10,0x8a,0x80,0x80,0x80,0x00,0x1a,0x20,0x04,0x41,
    0xdc,0x00,0x6a,0x41,0x9b,0x8d,0x84,0x80,0x00,0x10,0x8e,0x80,0x80,0x80,0x00,0x1a,
    0x20,0x04,0x41,0xe4,0x00,0x6a,0x20,0x02,0x41,0x9c,0x02,0x6a,0x20,0x02,0x41,0xfc,
    0x01,0x6a,0x20,0x02,0x41,0x88,0x02,0x6a,0x20,0x02,0x41,0x14,0x6a,0x41,0x80,0x80,
    0x02,0x10,0xc2,0x80,0x80,0x80,0x00,0x22,0x07,0x41,0x01,0x10,0x92,0x80,0x80,0x80,
    0x00,0x22,0x06,0x10,0xe0,0x80,0x80,0x80,0x00,0x22,0x0a,0x41,0x01,0x10,0xb0,0x80,
    0x80,0x80,0x00,0x22,0x0b,0x10,0xc4,0x80,0x80,0x80,0x00,0x1a,0x20,0x08,0x20,0x02,
    0x41,0xa8,0x02,0x6a,0x20,0x04,0x41,0x06,0x10,0x92,0x80,0x80,0x80,0x00,0x22,0x01,
    0x20,0x03,0x28,0x02,0x0c,0x11,0x80,0x80,0x80,0x80,0x00,0x80,0x80,0x80,0x80,0x00,
    0x20,0x01,0x28,0x02,0x04,0x10,0x93,0x80,0x80,0x80,0x00,0x20,0x02,0x41,0x28,0x6a,
    0x41,0xe4,0x00,0x6a,0x21,0x01,0x03,0x40,0x20,0x01,0x10,0x94,0x80,0x80,0x80,0x00,
    0x21,0x00,0x20,0x01,0x41,0x6c,0x6a,0x21,0x01,0x20,0x00,0x20,0x04,0x47,0x0d,0x00,
    0x0b,0x20,0x0b,0x10,0xbb,0x80,0x80,0x80,0x00,0x1a,0x20,0x0a,0x10,0xa7,0x80,0x80,
    0x80,0x00,0x1a,0x20,0x06,0x28,0x02,0x04,0x10,0x93,0x80,0x80,0x80,0x00,0x20,0x07,
    0x10,0x94,0x80,0x80,0x80,0x00,0x1a,0x20,0x03,0x41,0x01,0x3a,0x00,0x30,0x02,0x40,
    0x20,0x03,0x2d,0x00,0x18,0x41,0x01,0x47,0x0d,0x00,0x20,0x03,0x10,0xc5,0x80,0x80,
    0x80,0x00,0x0b,0x20,0x02,0x41,0x28,0x6a,0x41,0xe3,0x85,0x84,0x80,0x00,0x10,0xa8,
    0x80,0x80,0x80,0x00,0x22,0x04,0x41,0x14,0x6a,0x41,0x01,0x10,0xc7,0x80,0x80,0x80,
    0x00,0x1a,0x20,0x04,0x41,0x28,0x6a,0x41,0x00,0x10,0xc8,0x80,0x80,0x80,0x00,0x1a,
    0x20,0x08,0x20,0x02,0x41,0x14,0x6a,0x20,0x04,0x41,0x03,0x10,0x92,0x80,0x80,0x80,
    0x00,0x22,0x01,0x20,0x03,0x28,0x02,0x0c,0x11,0x80,0x80,0x80,0x80,0x00,0x80,0x80,
    0x80,0x80,0x00,0x20,0x01,0x28,0x02,0x04,0x10,0x93,0x80,0x80,0x80,0x00,0x20,0x02,
    0x41,0x28,0x6a,0x41,0x28,0x6a,0x21,0x01,0x03,0x40,0x20,0x01,0x10,0x94,0x80,0x80,
    0x80,0x00,0x21,0x00,0x20,0x01,0x41,0x6c,0x6a,0x21,0x01,0x20,0x00,0x20,0x04,0x47,
    0x0d,0x00,0x0b,0x20,0x03,0x20,0x03,0x28,0x02,0x68,0x41,0x01,0x6a,0x36,0x02,0x68,
    0x20,0x02,0x41,0x28,0x6a,0x41,0xe3,0x85,0x84,0x80,0x00,0x10,0xa8,0x80,0x80,0x80,
    0x00,0x22,0x04,0x41,0x14,0x6a,0x41,0x02,0x10,0xc7,0x80,0x80,0x80,0x00,0x1a,0x20,
    0x04,0x41,0x28,0x6a,0x20,0x05,0x10,0xc9,0x80,0x80,0x80,0x00,0x1a,0x20,0x04,0x41,
    0x3c,0x6a,0x41,0xe8,0x07,0x10,0xc8,0x80,0x80,0x80,0x00,0x1a,0x20,0x08,0x20,0x02,
    0x41,0x14,0x6a,0x20,0x04,0x41,0x04,0x10,0x92,0x80,0x80,0x80,0x00,0x22,0x01,0x20,
    0x03,0x28,0x02,0x0c,0x11,0x80,0x80,0x80,0x80,0x00,0x80,0x80,0x80,0x80,0x00,0x20,
    0x01,0x28,0x02,0x04,0x10,0x93,0x80,0x80,0x80,0x00,0x20,0x02,0x41,0x28,0x6a,0x41,
    0x3c,0x6a,0x21,0x01,0x03,0x40,0x20,0x01,0x10,0x94,0x80,0x80,0x80,0x00,0x21,0x00,
    0x20,0x01,0x41,0x6c,0x6a,0x21,0x01,0x20,0x00,0x20,0x04,0x47,0x0d,0x00,0x0b,0x20,
    0x02,0x41,0xb4,0x02,0x6a,0x10,0xbb,0x80,0x80,0x80,0x00,0x1a,0x20,0x02,0x41,0xc0,
    0x02,0x6a,0x10,0x9d,0x80,0x80,0x80,0x00,0x1a,0x41,0x00,0x28,0x02,0xa0,0xb9,0x84,
    0x80,0x00,0x21,0x01,0x41,0x00,0x20,0x03,0x36,0x02,0xa0,0xb9,0x84,0x80,0x00,0x02,
    0x40,0x20,0x01,0x45,0x0d,0x00,0x20,0x01,0x20,0x01,0x28,0x02,0x00,0x28,0x02,0x04,
    0x11,0x83,0x80,0x80,0x80,0x00,0x80,0x80,0x80,0x80,0x00,0x0b,0x20,0x02,0x10,0xa7,
    0x80,0x80,0x80,0x00,0x1a,0x20,0x02,0x41,0x08,0x6a,0x10,0x95,0x80,0x80,0x80,0x00,
    0x1a,0x20,0x02,0x41,0x80,0x03,0x6a,0x24,0x80,0x80,0x80,0x80,0x00,0x0f,0x0b,0x20,
    0x02,0x41,0x28,0x6a,0x41,0xf5,0x86,0x84,0x80,0x00,0x10,0x8a,0x80,0x80,0x80,0x00,
    0x21,0x01,0x20,0x04,0x28,0x02,0x00,0x22,0x00,0x20,0x01,0x20,0x00,0x28,0x02,0x00,
    0x28,0x02,0x2c,0x11,0x82,0x80,0x80,0x80,0x00,0x80,0x80,0x80,0x80,0x00,0x28,0x02,
    0x00,0x22,0x00,0x20,0x00,0x28,0x02,0x00,0x28,0x02,0x18,0x11,0x81,0x80,0x80,0x80,
    0x00,0x80,0x80,0x80,0x80,0x00,0x21,0x00,0x20,0x01,0x10,0x95,0x80,0x80,0x80,0x00,
    0x1a,0x02,0x40,0x20,0x00,0x0d,0x00,0x20,0x02,0x41,0x28,0x6a,0x41,0xa1,0x81,0x84,
    0x80,0x00,0x10,0x8a,0x80,0x80,0x80,0x00,0x21,0x01,0x20,0x02,0x41,0x14,0x6a,0x20,
    0x04,0x28,0x02,0x00,0x20,0x01,0x10,0xa9,0x80,0x80,0x80,0x00,0x20,0x01,0x10,0x95,
    0x80,0x80,0x80,0x00,0x1a,0x02,0x40,0x20,0x02,0x28,0x02,0x18,0x20,0x02,0x2c,0x00,
    0x1f,0x22,0x01,0x20,0x01,0x41,0x00,0x48,0x1b,0x45,0x0d,0x00,0x02,0x40,0x02,0x40,
    0x20,0x02,0x41,0x14,0x6a,0x10,0x95,0x81,0x80,0x80,0x00,0x41,0x7f,0x47,0x0d,0x00,
    0x20,0x02,0x41,0xa8,0x02,0x6a,0x20,0x02,0x41,0x14,0x6a,0x10,0xaa,0x80,0x80,0x80,
    0x00,0x1a,0x0c,0x01,0x0b,0x20,0x02,0x41,0x28,0x6a,0x41,0xcd,0x91,0x84,0x80,0x00,
    0x20,0x02,0x41,0x14,0x6a,0x10,0x97,0x80,0x80,0x80,0x00,0x20,0x02,0x41,0xa8,0x02,
    0x6a,0x20,0x02,0x41,0x28,0x6a,0x41,0xc8,0x91,0x84,0x80,0x00,0x10,0xac,0x80,0x80,
    0x80,0x00,0x20,0x02,0x41,0x28,0x6a,0x10,0x95,0x80,0x80,0x80,0x00,0x1a,0x0b,0x20,
    0x02,0x41,0x28,0x6a,0x41,0xb1,0x81,0x84,0x80,0x00,0x10,0x8a,0x80,0x80,0x80,0x00,
    0x21,0x01,0x20,0x02,0x41,0x9c,0x02,0x6a,0x20,0x04,0x28,0x02,0x00,0x22,0x00,0x20,
    0x01,0x20,0x00,0x28,0x02,0x00,0x28,0x02,0x2c,0x11,0x82,0x80,0x80,0x80,0x00,0x80,
    0x80,0x80,0x80,0x00,0x28,0x02,0x00,0x22,0x00,0x20,0x00,0x28,0x02,0x00,0x28,0x02,
    0x10,0x11,0x84,0x80,0x80,0x80,0x00,0x80,0x80,0x80,0x80,0x00,0xfc,0x02,0x10,0x96,
    0x81,0x80,0x80,0x00,0x20,0x01,0x10,0x95,0x80,0x80,0x80,0x00,0x1a,0x20,0x02,0x41,
    0x28,0x6a,0x41,0x87,0x87,0x84,0x80,0x00,0x10,0x8a,0x80,0x80,0x80,0x00,0x21,0x01,
    0x20,0x04,0x28,0x02,0x00,0x22,0x00,0x20,0x01,0x20,0x00,0x28,0x02,0x00,0x28,0x02,
    0x2c,0x11,0x82,0x80,0x80,0x80,0x00,0x80,0x80,0x80,0x80,0x00,0x28,0x02,0x00,0x22,
    0x00,0x20,0x00,0x28,0x02,0x00,0x28,0x02,0x18,0x11,0x81,0x80,0x80,0x80,0x00,0x80,
    0x80,0x80,0x80,0x00,0x21,0x00,0x20,0x01,0x10,0x95,0x80,0x80,0x80,0x00,0x1a,0x02,
    0x40,0x02,0x40,0x20,0x00,0x45,0x0d,0x00,0x20,0x02,0x41,0xd0,0x01,0x6a,0x41,0xe7,
    0x91,0x84,0x80,0x00,0x20,0x02,0x41,0xa8,0x02,0x6a,0x10,0x97,0x80,0x80,0x80,0x00,
    0x20,0x02,0x41,0xdc,0x01,0x6a,0x20,0x02,0x41,0xd0,0x01,0x6a,0x41,0xeb,0x91,0x84,
    0x80,0x00,0x10,0xac,0x80,0x80,0x80,0x00,0x20,0x02,0x41,0xe8,0x01,0x6a,0x20,0x02,
    0x41,0xdc,0x01,0x6a,0x20,0x02,0x41,0x9c,0x02,0x6a,0x10,0xae,0x80,0x80,0x80,0x00,
    0x20,0x02,0x41,0x28,0x6a,0x20,0x02,0x41,0xfc,0x01,0x6a,0x20,0x02,0x41,0xf4,0x01,
    0x6a,0x20,0x02,0x41,0xe8,0x01,0x6a,0x10,0x91,0x80,0x80,0x80,0x00,0x22,0x0c,0x41,
    0x01,0x10,0xb0,0x80,0x80,0x80,0x00,0x22,0x0d,0x10,0xb2,0x80,0x80,0x80,0x00,0x21,
    0x05,0x20,0x02,0x41,0xb8,0x01,0x6a,0x41,0xa9,0x88,0x84,0x80,0x00,0x10,0x8a,0x80,
    0x80,0x80,0x00,0x21,0x0a,0x20,0x02,0x41,0xc4,0x01,0x6a,0x20,0x04,0x28,0x02,0x00,
    0x20,0x0a,0x10,0xa9,0x80,0x80,0x80,0x00,0x20,0x09,0x41,0xd1,0x8d,0x84,0x80,0x00,
    0x20,0x02,0x41,0xc4,0x01,0x6a,0x10,0xb4,0x80,0x80,0x80,0x00,0x1a,0x20,0x02,0x41,
    0xa0,0x01,0x6a,0x41,0x94,0x8f,0x84,0x80,0x00,0x10,0x8a,0x80,0x80,0x80,0x00,0x21,
    0x0b,0x20,0x02,0x41,0xac,0x01,0x6a,0x20,0x04,0x28,0x02,0x00,0x20,0x0b,0x10,0xa9,
    0x80,0x80,0x80,0x00,0x20,0x06,0x41,0x94,0x8f,0x84,0x80,0x00,0x20,0x02,0x41,0xac,
    0x01,0x6a,0x10,0xb4,0x80,0x80,0x80,0x00,0x1a,0x20,0x02,0x41,0xb4,0x02,0x6a,0x20,
    0x02,0x41,0x94,0x02,0x6a,0x20,0x02,0x41,0x88,0x02,0x6a,0x20,0x05,0x41,0x03,0x10,
    0x92,0x80,0x80,0x80,0x00,0x10,0xe0,0x80,0x80,0x80,0x00,0x22,0x01,0x10,0xb5,0x80,
    0x80,0x80,0x00,0x20,0x01,0x10,0xa7,0x80,0x80,0x80,0x00,0x1a,0x20,0x02,0x28,0x02,
    0x8c,0x02,0x10,0x93,0x80,0x80,0x80,0x00,0x20,0x06,0x21,0x01,0x03,0x40,0x20,0x01,
    0x10,0x94,0x80,0x80,0x80,0x00,0x21,0x00,0x20,0x01,0x41,0x6c,0x6a,0x21,0x01,0x20,
    0x00,0x20,0x05,0x47,0x0d,0x00,0x0b,0x20,0x02,0x41,0xac,0x01,0x6a,0x10,0x95,0x80,
    0x80,0x80,0x00,0x1a,0x20,0x0b,0x10,0x95,0x80,0x80,0x80,0x00,0x1a,0x20,0x02,0x41,
    0xc4,0x01,0x6a,0x10,0x95,0x80,0x80,0x80,0x00,0x1a,0x20,0x0a,0x10,0x95,0x80,0x80,
    0x80,0x00,0x1a,0x20,0x0d,0x10,0xbb,0x80,0x80,0x80,0x00,0x1a,0x20,0x0c,0x10,0xa7,
    0x80,0x80,0x80,0x00,0x1a,0x20,0x02,0x41,0xe8,0x01,0x6a,0x10,0x95,0x80,0x80,0x80,
    0x00,0x1a,0x20,0x02,0x41,0xdc,0x01,0x6a,0x10,0x95,0x80,0x80,0x80,0x00,0x1a,0x20,
    0x02,0x41,0xd0,0x01,0x6a,0x10,0x95,0x80,0x80,0x80,0x00,0x1a,0x0c,0x01,0x0b,0x20,
    0x02,0x41,0xd0,0x01,0x6a,0x41,0xe1,0x91,0x84,0x80,0x00,0x20,0x02,0x41,0xa8,0x02,
    0x6a,0x10,0x97,0x80,0x80,0x80,0x00,0x20,0x02,0x41,0xdc,0x01,0x6a,0x20,0x02,0x41,
    0xd0,0x01,0x6a,0x41,0xeb,0x91,0x84,0x80,0x00,0x10,0xac,0x80,0x80,0x80,0x00,0x20,
    0x02,0x41,0xe8,0x01,0x6a,0x20,0x02,0x41,0xdc,0x01,0x6a,0x20,0x02,0x41,0x9c,0x02,
    0x6a,0x10,0xae,0x80,0x80,0x80,0x00,0x20,0x02,0x41,0x28,0x6a,0x20,0x02,0x41,0xfc,
    0x01,0x6a,0x20,0x02,0x41,0xb8,0x01,0x6a,0x20,0x02,0x41,0xe8,0x01,0x6a,0x10,0x91,
    0x80,0x80,0x80,0x00,0x22,0x0a,0x41,0x01,0x10,0xb0,0x80,0x80,0x80,0x00,0x22,0x0b,
    0x10,0xb2,0x80,0x80,0x80,0x00,0x21,0x05,0x20,0x09,0x41,0xd1,0x8d,0x84,0x80,0x00,
    0x10,0xbd,0x80,0x80,0x80,0x00,0x1a,0x20,0x06,0x41,0x94,0x8f,0x84,0x80,0x00,0x10,
    0xbd,0x80,0x80,0x80,0x00,0x1a,0x20,0x02,0x41,0xb4,0x02,0x6a,0x20,0x02,0x41,0xc4,
    0x01,0x6a,0x20,0x02,0x41,0x88,0x02,0x6a,0x20,0x05,0x41,0x03,0x10,0x92,0x80,0x80,
    0x80,0x00,0x10,0xe0,0x80,0x80,0x80,0x00,0x22,0x01,0x10,0xb5,0x80,0x80,0x80,0x00,
    0x20,0x01,0x10,0xa7,0x80,0x80,0x80,0x00,0x1a,0x20,0x02,0x28,0x02,0x8c,0x02,0x10,
    0x93,0x80,0x80,0x80,0x00,0x20,0x06,0x21,0x01,0x03,0x40,0x20,0x01,0x10,0x94,0x80,
    0x80,0x80,0x00,0x21,0x00,0x20,0x01,0x41,0x6c,0x6a,0x21,0x01,0x20,0x00,0x20,0x05,
    0x47,0x0d,0x00,0x0b,0x20,0x0b,0x10,0xbb,0x80,0x80,0x80,0x00,0x1a,0x20,0x0a,0x10,
    0xa7,0x80,0x80,0x80,0x00,0x1a,0x20,0x02,0x41,0xe8,0x01,0x6a,0x10,0x95,0x80,0x80,
    0x80,0x00,0x1a,0x20,0x02,0x41,0xdc,0x01,0x6a,0x10,0x95,0x80,0x80,0x80,0x00,0x1a,
    0x20,0x02,0x41,0xd0,0x01,0x6a,0x10,0x95,0x80,0x80,0x80,0x00,0x1a,0x0b,0x20,0x02,
    0x41,0x9c,0x02,0x6a,0x10,0x95,0x80,0x80,0x80,0x00,0x1a,0x20,0x02,0x41,0xa8,0x02,
    0x6a,0x10,0x95,0x80,0x80,0x80,0x00,0x1a,0x0b,0x20,0x02,0x41,0x14,0x6a,0x10,0x95,
    0x80,0x80,0x80,0x00,0x1a,0x0b,0x20,0x04,0x41,0x08,0x6a,0x21,0x04,0x0c,0x00,0x0b,
    0x0b,0x02,0x40,0x02,0x40,0x20,0x03,0x28,0x02,0x20,0x22,0x00,0x20,0x03,0x28,0x02,
    0x24,0x22,0x04,0x4f,0x0d,0x00,0x20,0x00,0x20,0x01,0x28,0x02,0x00,0x36,0x02,0x00,
    0x20,0x00,0x20,0x01,0x41,0x04,0x6a,0x28,0x02,0x00,0x22,0x04,0x36,0x02,0x04,0x02,
    0x40,0x20,0x04,0x45,0x0d,0x00,0x20,0x04,0x20,0x04,0x28,0x02,0x04,0x41,0x01,0x6a,
    0x36,0x02,0x04,0x0b,0x20,0x00,0x41,0x08,0x6a,0x21,0x00,0x0c,0x01,0x0b,0x20,0x02,
    0x41,0x28,0x6a,0x20,0x03,0x28,0x02,0x1c,0x22,0x0a,0x20,0x04,0x20,0x00,0x20,0x0a,
    0x6b,0x41,0x03,0x75,0x41,0x01,0x6a,0x10,0xb6,0x80,0x80,0x80,0x00,0x20,0x03,0x28,
    0x02,0x20,0x20,0x03,0x28,0x02,0x1c,0x6b,0x41,0x03,0x75,0x10,0xb7,0x80,0x80,0x80,
    0x00,0x21,0x04,0x20,0x02,0x28,0x02,0x30,0x22,0x0a,0x20,0x01,0x28,0x02,0x00,0x36,
    0x02,0x00,0x20,0x0a,0x20,0x01,0x41,0x04,0x6a,0x28,0x02,0x00,0x22,0x00,0x36,0x02,
    0x04,0x02,0x40,0x20,0x00,0x45,0x0d,0x00,0x20,0x00,0x20,0x00,0x28,0x02,0x04,0x41,
    0x01,0x6a,0x36,0x02,0x04,0x0b,0x20,0x02,0x20,0x0a,0x41,0x08,0x6a,0x36,0x02,0x30,
    0x20,0x06,0x20,0x04,0x10,0xb8,0x80,0x80,0x80,0x00,0x20,0x03,0x28,0x02,0x20,0x21,
    0x00,0x20,0x04,0x10,0xb9,0x80,0x80,0x80,0x00,0x1a,0x0b,0x20,0x03,0x20,0x00,0x36,
    0x02,0x20,0x20,0x01,0x41,0x08,0x6a,0x21,0x01,0x0c,0x00,0x0b,0x0b,0x98,0x01,0x01,
    0x02,0x7f,0x23,0x80,0x80,0x80,0x80,0x00,0x41,0x20,0x6b,0x22,0x02,0x24,0x80,0x80,
    0x80,0x80,0x00,0x20,0x02,0x41,0x08,0x6a,0x20,0x01,0x10,0xe0,0x80,0x80,0x80,0x00,
    0x21,0x01,0x20,0x02,0x42,0x00,0x37,0x03,0x10,0x20,0x02,0x41,0x00,0x36,0x02,0x18,
    0x20,0x01,0x28,0x02,0x00,0x22,0x03,0x20,0x02,0x41,0x10,0x6a,0x20,0x03,0x28,0x02,
    0x00,0x28,0x02,0x0c,0x11,0x80,0x80,0x80,0x80,0x00,0x80,0x80,0x80,0x80,0x00,0x20,
    0x01,0x10,0xa7,0x80,0x80,0x80,0x00,0x1a,0x20,0x02,0x28,0x02,0x10,0x20,0x02,0x41,
    0x10,0x6a,0x20,0x02,0x2c,0x00,0x1b,0x22,0x01,0x41,0x00,0x48,0x22,0x03,0x1b,0x20,
    0x02,0x28,0x02,0x14,0x20,0x01,0x20,0x03,0x1b,0x10,0x82,0x80,0x80,0x80,0x00,0x20,
    0x02,0x41,0x10,0x6a,0x10,0x95,0x80,0x80,0x80,0x00,0x1a,0x20,0x02,0x41,0x20,0x6a,
    0x24,0x80,0x80,0x80,0x80,0x00,0x0b,0x36,0x01,0x03,0x7f,0x20,0x00,0x28,0x02,0x00,
    0x20,0x00,0x20,0x00,0x2c,0x00,0x0b,0x22,0x01,0x41,0x00,0x48,0x22,0x02,0x1b,0x22,
    0x03,0x41,0x3a,0x20,0x00,0x28,0x02,0x04,0x20,0x01,0x20,0x02,0x1b,0x10,0x96,0x82,
    0x80,0x80,0x00,0x22,0x00,0x20,0x03,0x6b,0x41,0x7f,0x20,0x00,0x1b,0x0b,0xaf,0x02,
    0x01,0x05,0x7f,0x23,0x80,0x80,0x80,0x80,0x00,0x41,0x10,0x6b,0x22,0x02,0x24,0x80,
    0x80,0x80,0x80,0x00,0x20,0x02,0x41,0x10,0x6a,0x21,0x03,0x20,0x02,0x41,0x05,0x6a,
    0x21,0x04,0x02,0x40,0x20,0x01,0x41,0x7f,0x4a,0x0d,0x00,0x20,0x02,0x41,0x2d,0x3a,
    0x00,0x05,0x41,0x00,0x20,0x01,0x6b,0x21,0x01,0x20,0x02,0x41,0x06,0x6a,0x21,0x04,
    0x0b,0x02,0x40,0x02,0x40,0x20,0x03,0x20,0x04,0x6b,0x22,0x05,0x41,0x09,0x4a,0x0d,
    0x00,0x41,0x20,0x20,0x01,0x41,0x01,0x72,0x67,0x6b,0x41,0xd1,0x09,0x6c,0x41,0x0c,
    0x76,0x22,0x06,0x20,0x01,0x20,0x06,0x41,0x02,0x74,0x28,0x02,0xb0,0x9f,0x84,0x80,
    0x00,0x49,0x6b,0x41,0x01,0x6a,0x20,0x05,0x4a,0x0d,0x01,0x0b,0x20,0x04,0x20,0x01,
    0x10,0x98,0x82,0x80,0x80,0x00,0x21,0x03,0x0b,0x02,0x40,0x02,0x40,0x20,0x03,0x20,
    0x02,0x41,0x05,0x6a,0x6b,0x22,0x01,0x41,0xf7,0xff,0xff,0xff,0x07,0x4f,0x0d,0x00,
    0x02,0x40,0x02,0x40,0x20,0x01,0x41,0x0a,0x4b,0x0d,0x00,0x20,0x00,0x20,0x01,0x3a,
    0x00,0x0b,0x0c,0x01,0x0b,0x20,0x01,0x41,0xf8,0xff,0xff,0xff,0x07,0x71,0x41,0x08,
    0x6a,0x22,0x04,0x10,0x93,0x82,0x80,0x80,0x00,0x22,0x03,0x45,0x0d,0x02,0x20,0x00,
    0x20,0x01,0x36,0x02,0x04,0x20,0x00,0x20,0x03,0x36,0x02,0x00,0x20,0x00,0x20,0x04,
    0x41,0x80,0x80,0x80,0x80,0x78,0x72,0x36,0x02,0x08,0x20,0x03,0x21,0x00,0x0b,0x02,
    0x40,0x20,0x01,0x45,0x0d,0x00,0x20,0x00,0x20,0x02,0x41,0x05,0x6a,0x20,0x01,0xfc,
    0x0a,0x00,0x00,0x0b,0x20,0x00,0x20,0x01,0x6a,0x41,0x00,0x3a,0x00,0x00,0x20,0x02,
    0x41,0x10,0x6a,0x24,0x80,0x80,0x80,0x80,0x00,0x0f,0x0b,0x10,0xe4,0x80,0x80,0x80,
    0x00,0x00,0x0b,0x20,0x02,0x41,0x00,0x10,0x94,0x82,0x80,0x80,0x00,0x00,0x0b,0xc0,
    0x01,0x01,0x01,0x7f,0x23,0x80,0x80,0x80,0x80,0x00,0x41,0x30,0x6b,0x22,0x02,0x24,
    0x80,0x80,0x80,0x80,0x00,0x02,0x40,0x20,0x00,0x45,0x0d,0x00,0x41,0x00,0x28,0x02,
    0xa0,0xb9,0x84,0x80,0x00,0x45,0x0d,0x00,0x20,0x02,0x41,0x00,0x36,0x02,0x28,0x20,
    0x02,0x42,0x00,0x37,0x03,0x20,0x20,0x02,0x41,0x0c,0x6a,0x20,0x00,0x20,0x01,0x10,
    0x8c,0x80,0x80,0x80,0x00,0x20,0x02,0x41,0x18,0x6a,0x20,0x02,0x41,0x0c,0x6a,0x20,
    0x02,0x41,0x20,0x6a,0x10,0xdb,0x80,0x80,0x80,0x00,0x20,0x02,0x41,0x0c,0x6a,0x10,
    0x95,0x80,0x80,0x80,0x00,0x1a,0x02,0x40,0x20,0x02,0x28,0x02,0x18,0x22,0x00,0x20,
    0x00,0x28,0x02,0x00,0x28,0x02,0x00,0x11,0x81,0x80,0x80,0x80,0x00,0x80,0x80,0x80,
    0x80,0x00,0x41,0x05,0x47,0x0d,0x00,0x41,0x00,0x28,0x02,0xa0,0xb9,0x84,0x80,0x00,
    0x20,0x02,0x41,0x18,0x6a,0x10,0xf3,0x80,0x80,0x80,0x00,0x0b,0x20,0x02,0x41,0x18,
    0x6a,0x10,0xa7,0x80,0x80,0x80,0x00,0x1a,0x20,0x02,0x41,0x20,0x6a,0x10,0x95,0x80,
    0x80,0x80,0x00,0x1a,0x0b,0x20,0x02,0x41,0x30,0x6a,0x24,0x80,0x80,0x80,0x80,0x00,
    0x0b,0x0a,0x00,0x20,0x00,0x10,0x99,0x81,0x80,0x80,0x00,0x0b,0x0a,0x00,0x20,0x00,
    0x10,0x93,0x82,0x80,0x80,0x00,0x0b,0x0a,0x00,0x20,0x00,0x10,0x9b,0x81,0x80,0x80,
    0x00,0x0b,0x8a,0x0d,0x01,0x08,0x7f,0x02,0x40,0x20,0x00,0x45,0x0d,0x00,0x20,0x00,
    0x41,0x78,0x6a,0x22,0x01,0x20,0x00,0x41,0x7c,0x6a,0x28,0x02,0x00,0x22,0x02,0x41,
    0x78,0x71,0x22,0x00,0x6a,0x21,0x03,0x02,0x40,0x20,0x02,0x41,0x01,0x71,0x0d,0x00,
    0x20,0x02,0x41,0x02,0x71,0x45,0x0d,0x01,0x20,0x01,0x20,0x01,0x28,0x02,0x00,0x22,
    0x04,0x6b,0x22,0x01,0x41,0x00,0x28,0x02,0x90,0xbb,0x84,0x80,0x00,0x49,0x0d,0x01,
    0x20,0x04,0x20,0x00,0x6a,0x21,0x00,0x02,0x40,0x02,0x40,0x02,0x40,0x02,0x40,0x20,
    0x01,0x41,0x00,0x28,0x02,0x94,0xbb,0x84,0x80,0x00,0x46,0x0d,0x00,0x20,0x01,0x28,
    0x02,0x0c,0x21,0x02,0x02,0x40,0x20,0x04,0x41,0xff,0x01,0x4b,0x0d,0x00,0x20,0x02,
    0x20,0x01,0x28,0x02,0x08,0x22,0x05,0x47,0x0d,0x02,0x41,0x00,0x41,0x00,0x28,0x02,
    0x80,0xbb,0x84,0x80,0x00,0x41,0x7e,0x20,0x04,0x41,0x03,0x76,0x77,0x71,0x36,0x02,
    0x80,0xbb,0x84,0x80,0x00,0x0c,0x05,0x0b,0x20,0x01,0x28,0x02,0x18,0x21,0x06,0x02,
    0x40,0x20,0x02,0x20,0x01,0x46,0x0d,0x00,0x20,0x01,0x28,0x02,0x08,0x22,0x04,0x20,
    0x02,0x36,0x02,0x0c,0x20,0x02,0x20,0x04,0x36,0x02,0x08,0x0c,0x04,0x0b,0x02,0x40,
    0x02,0x40,0x20,0x01,0x28,0x02,0x14,0x22,0x04,0x45,0x0d,0x00,0x20,0x01,0x41,0x14,
    0x6a,0x21,0x05,0x0c,0x01,0x0b,0x20,0x01,0x28,0x02,0x10,0x22,0x04,0x45,0x0d,0x03,
    0x20,0x01,0x41,0x10,0x6a,0x21,0x05,0x0b,0x03,0x40,0x20,0x05,0x21,0x07,0x20,0x04,
    0x22,0x02,0x41,0x14,0x6a,0x21,0x05,0x20,0x02,0x28,0x02,0x14,0x22,0x04,0x0d,0x00,
    0x20,0x02,0x41,0x10,0x6a,0x21,0x05,0x20,0x02,0x28,0x02,0x10,0x22,0x04,0x0d,0x00,
    0x0b,0x20,0x07,0x41,0x00,0x36,0x02,0x00,0x0c,0x03,0x0b,0x20,0x03,0x28,0x02,0x04,
    0x22,0x02,0x41,0x03,0x71,0x41,0x03,0x47,0x0d,0x03,0x20,0x03,0x20,0x02,0x41,0x7e,
    0x71,0x36,0x02,0x04,0x41,0x00,0x20,0x00,0x36,0x02,0x88,0xbb,0x84,0x80,0x00,0x20,
    0x03,0x20,0x00,0x36,0x02,0x00,0x20,0x01,0x20,0x00,0x41,0x01,0x72,0x36,0x02,0x04,
    0x0f,0x0b,0x20,0x02,0x20,0x05,0x36,0x02,0x08,0x20,0x05,0x20,0x02,0x36,0x02,0x0c,
    0x0c,0x02,0x0b,0x41,0x00,0x21,0x02,0x0b,0x20,0x06,0x45,0x0d,0x00,0x02,0x40,0x02,
    0x40,0x20,0x01,0x20,0x01,0x28,0x02,0x1c,0x22,0x05,0x41,0x02,0x74,0x22,0x04,0x28,
    0x02,0xb0,0xbd,0x84,0x80,0x00,0x47,0x0d,0x00,0x20,0x04,0x41,0xb0,0xbd,0x84,0x80,
    0x00,0x6a,0x20,0x02,0x36,0x02,0x00,0x20,0x02,0x0d,0x01,0x41,0x00,0x41,0x00,0x28,
    0x02,0x84,0xbb,0x84,0x80,0x00,0x41,0x7e,0x20,0x05,0x77,0x71,0x36,0x02,0x84,0xbb,
    0x84,0x80,0x00,0x0c,0x02,0x0b,0x02,0x40,0x02,0x40,0x20,0x06,0x28,0x02,0x10,0x20,
    0x01,0x47,0x0d,0x00,0x20,0x06,0x20,0x02,0x36,0x02,0x10,0x0c,0x01,0x0b,0x20,0x06,
    0x20,0x02,0x36,0x02,0x14,0x0b,0x20,0x02,0x45,0x0d,0x01,0x0b,0x20,0x02,0x20,0x06,
    0x36,0x02,0x18,0x02,0x40,0x20,0x01,0x28,0x02,0x10,0x22,0x04,0x45,0x0d,0x00,0x20,
    0x02,0x20,0x04,0x36,0x02,0x10,0x20,0x04,0x20,0x02,0x36,0x02,0x18,0x0b,0x20,0x01,
    0x28,0x02,0x14,0x22,0x04,0x45,0x0d,0x00,0x20,0x02,0x20,0x04,0x36,0x02,0x14,0x20,
    0x04,0x20,0x02,0x36,0x02,0x18,0x0b,0x20,0x01,0x20,0x03,0x4f,0x0d,0x00,0x20,0x03,
    0x28,0x02,0x04,0x22,0x04,0x41,0x01,0x71,0x45,0x0d,0x00,0x02,0x40,0x02,0x40,0x02,
    0x40,0x02,0x40,0x02,0x40,0x20,0x04,0x41,0x02,0x71,0x0d,0x00,0x02,0x40,0x20,0x03,
    0x41,0x00,0x28,0x02,0x98,0xbb,0x84,0x80,0x00,0x47,0x0d,0x00,0x41,0x00,0x20,0x01,
    0x36,0x02,0x98,0xbb,0x84,0x80,0x00,0x41,0x00,0x41,0x00,0x28,0x02,0x8c,0xbb,0x84,
    0x80,0x00,0x20,0x00,0x6a,0x22,0x00,0x36,0x02,0x8c,0xbb,0x84,0x80,0x00,0x20,0x01,
    0x20,0x00,0x41,0x01,0x72,0x36,0x02,0x04,0x20,0x01,0x41,0x00,0x28,0x02,0x94,0xbb,
    0x84,0x80,0x00,0x47,0x0d,0x06,0x41,0x00,0x41,0x00,0x36,0x02,0x88,0xbb,0x84,0x80,
    0x00,0x41,0x00,0x41,0x00,0x36,0x02,0x94,0xbb,0x84,0x80,0x00,0x0f,0x0b,0x02,0x40,
    0x20,0x03,0x41,0x00,0x28,0x02,0x94,0xbb,0x84,0x80,0x00,0x22,0x06,0x47,0x0d,0x00,
    0x41,0x00,0x20,0x01,0x36,0x02,0x94,0xbb,0x84,0x80,0x00,0x41,0x00,0x41,0x00,0x28,
    0x02,0x88,0xbb,0x84,0x80,0x00,0x20,0x00,0x6a,0x22,0x00,0x36,0x02,0x88,0xbb,0x84,
    0x80,0x00,0x20,0x01,0x20,0x00,0x41,0x01,0x72,0x36,0x02,0x04,0x20,0x01,0x20,0x00,
    0x6a,0x20,0x00,0x36,0x02,0x00,0x0f,0x0b,0x20,0x04,0x41,0x78,0x71,0x20,0x00,0x6a,
    0x21,0x00,0x20,0x03,0x28,0x02,0x0c,0x21,0x02,0x02,0x40,0x20,0x04,0x41,0xff,0x01,
    0x4b,0x0d,0x00,0x02,0x40,0x20,0x02,0x20,0x03,0x28,0x02,0x08,0x22,0x05,0x47,0x0d,
    0x00,0x41,0x00,0x41,0x00,0x28,0x02,0x80,0xbb,0x84,0x80,0x00,0x41,0x7e,0x20,0x04,
    0x41,0x03,0x76,0x77,0x71,0x36,0x02,0x80,0xbb,0x84,0x80,0x00,0x0c,0x05,0x0b,0x20,
    0x02,0x20,0x05,0x36,0x02,0x08,0x20,0x05,0x20,0x02,0x36,0x02,0x0c,0x0c,0x04,0x0b,
    0x20,0x03,0x28,0x02,0x18,0x21,0x08,0x02,0x40,0x20,0x02,0x20,0x03,0x46,0x0d,0x00,
    0x20,0x03,0x28,0x02,0x08,0x22,0x04,0x20,0x02,0x36,0x02,0x0c,0x20,0x02,0x20,0x04,
    0x36,0x02,0x08,0x0c,0x03,0x0b,0x02,0x40,0x02,0x40,0x20,0x03,0x28,0x02,0x14,0x22,
    0x04,0x45,0x0d,0x00,0x20,0x03,0x41,0x14,0x6a,0x21,0x05,0x0c,0x01,0x0b,0x20,0x03,
    0x28,0x02,0x10,0x22,0x04,0x45,0x0d,0x02,0x20,0x03,0x41,0x10,0x6a,0x21,0x05,0x0b,
    0x03,0x40,0x20,0x05,0x21,0x07,0x20,0x04,0x22,0x02,0x41,0x14,0x6a,0x21,0x05,0x20,
    0x02,0x28,0x02,0x14,0x22,0x04,0x0d,0x00,0x20,0x02,0x41,0x10,0x6a,0x21,0x05,0x20,
    0x02,0x28,0x02,0x10,0x22,0x04,0x0d,0x00,0x0b,0x20,0x07,0x41,0x00,0x36,0x02,0x00,
    0x0c,0x02,0x0b,0x20,0x03,0x20,0x04,0x41,0x7e,0x71,0x36,0x02,0x04,0x20,0x01,0x20,
    0x00,0x6a,0x20,0x00,0x36,0x02,0x00,0x20,0x01,0x20,0x00,0x41,0x01,0x72,0x36,0x02,
    0x04,0x0c,0x03,0x0b,0x41,0x00,0x21,0x02,0x0b,0x20,0x08,0x45,0x0d,0x00,0x02,0x40,
    0x02,0x40,0x20,0x03,0x20,0x03,0x28,0x02,0x1c,0x22,0x05,0x41,0x02,0x74,0x22,0x04,
    0x28,0x02,0xb0,0xbd,0x84,0x80,0x00,0x47,0x0d,0x00,0x20,0x04,0x41,0xb0,0xbd,0x84,
    0x80,0x00,0x6a,0x20,0x02,0x36,0x02,0x00,0x20,0x02,0x0d,0x01,0x41,0x00,0x41,0x00,
    0x28,0x02,0x84,0xbb,0x84,0x80,0x00,0x41,0x7e,0x20,0x05,0x77,0x71,0x36,0x02,0x84,
    0xbb,0x84,0x80,0x00,0x0c,0x02,0x0b,0x02,0x40,0x02,0x40,0x20,0x08,0x28,0x02,0x10,
    0x20,0x03,0x47,0x0d,0x00,0x20,0x08,0x20,0x02,0x36,0x02,0x10,0x0c,0x01,0x0b,0x20,
    0x08,0x20,0x02,0x36,0x02,0x14,0x0b,0x20,0x02,0x45,0x0d,0x01,0x0b,0x20,0x02,0x20,
    0x08,0x36,0x02,0x18,0x02,0x40,0x20,0x03,0x28,0x02,0x10,0x22,0x04,0x45,0x0d,0x00,
    0x20,0x02,0x20,0x04,0x36,0x02,0x10,0x20,0x04,0x20,0x02,0x36,0x02,0x18,0x0b,0x20,
    0x03,0x28,0x02,0x14,0x22,0x04,0x45,0x0d,0x00,0x20,0x02,0x20,0x04,0x36,0x02,0x14,
    0x20,0x04,0x20,0x02,0x36,0x02,0x18,0x0b,0x20,0x01,0x20,0x00,0x6a,0x20,0x00,0x36,
    0x02,0x00,0x20,0x01,0x20,0x00,0x41,0x01,0x72,0x36,0x02,0x04,0x20,0x01,0x20,0x06,
    0x47,0x0d,0x00,0x41,0x00,0x20,0x00,0x36,0x02,0x88,0xbb,0x84,0x80,0x00,0x0f,0x0b,
    0x02,0x40,0x20,0x00,0x41,0xff,0x01,0x4b,0x0d,0x00,0x20,0x00,0x41,0xf8,0x01,0x71,
    0x41,0xa8,0xbb,0x84,0x80,0x00,0x6a,0x21,0x02,0x02,0x40,0x02,0x40,0x41,0x00,0x28,
    0x02,0x80,0xbb,0x84,0x80,0x00,0x22,0x04,0x41,0x01,0x20,0x00,0x41,0x03,0x76,0x74,
    0x22,0x00,0x71,0x0d,0x00,0x41,0x00,0x20,0x04,0x20,0x00,0x72,0x36,0x02,0x80,0xbb,
    0x84,0x80,0x00,0x20,0x02,0x21,0x00,0x0c,0x01,0x0b,0x20,0x02,0x28,0x02,0x08,0x21,
    0x00,0x0b,0x20,0x00,0x20,0x01,0x36,0x02,0x0c,0x20,0x02,0x20,0x01,0x36,0x02,0x08,
    0x20,0x01,0x20,0x02,0x36,0x02,0x0c,0x20,0x01,0x20,0x00,0x36,0x02,0x08,0x0f,0x0b,
    0x41,0x1f,0x21,0x02,0x02,0x40,0x20,0x00,0x41,0xff,0xff,0xff,0x07,0x4b,0x0d,0x00,
    0x20,0x00,0x41,0x26,0x20,0x00,0x41,0x08,0x76,0x67,0x22,0x02,0x6b,0x76,0x41,0x01,
    0x71,0x20,0x02,0x41,0x01,0x74,0x72,0x41,0x3e,0x73,0x21,0x02,0x0b,0x20,0x01,0x20,
    0x02,0x36,0x02,0x1c,0x20,0x01,0x42,0x00,0x37,0x02,0x10,0x20,0x02,0x41,0x02,0x74,
    0x41,0xb0,0xbd,0x84,0x80,0x00,0x6a,0x21,0x05,0x02,0x40,0x02,0x40,0x02,0x40,0x02,
    0x40,0x41,0x00,0x28,0x02,0x84,0xbb,0x84,0x80,0x00,0x22,0x04,0x41,0x01,0x20,0x02,
    0x74,0x22,0x03,0x71,0x0d,0x00,0x20,0x05,0x20,0x01,0x36,0x02,0x00,0x41,0x00,0x20,
    0x04,0x20,0x03,0x72,0x36,0x02,0x84,0xbb,0x84,0x80,0x00,0x41,0x08,0x21,0x00,0x41,
    0x18,0x21,0x02,0x0c,0x01,0x0b,0x20,0x00,0x41,0x00,0x41,0x19,0x20,0x02,0x41,0x01,
    0x76,0x6b,0x20,0x02,0x41,0x1f,0x46,0x1b,0x74,0x21,0x02,0x20,0x05,0x28,0x02,0x00,
    0x21,0x05,0x03,0x40,0x20,0x05,0x22,0x04,0x28,0x02,0x04,0x41,0x78,0x71,0x20,0x00,
    0x46,0x0d,0x02,0x20,0x02,0x41,0x1d,0x76,0x21,0x05,0x20,0x02,0x41,0x01,0x74,0x21,
    0x02,0x20,0x04,0x20,0x05,0x41,0x04,0x71,0x6a,0x22,0x03,0x28,0x02,0x10,0x22,0x05,
    0x0d,0x00,0x0b,0x20,0x03,0x41,0x10,0x6a,0x20,0x01,0x36,0x02,0x00,0x41,0x08,0x21,
    0x00,0x41,0x18,0x21,0x02,0x20,0x04,0x21,0x05,0x0b,0x20,0x01,0x21,0x04,0x20,0x01,
    0x21,0x03,0x0c,0x01,0x0b,0x20,0x04,0x28,0x02,0x08,0x22,0x05,0x20,0x01,0x36,0x02,
    0x0c,0x20,0x04,0x20,0x01,0x36,0x02,0x08,0x41,0x00,0x21,0x03,0x41,0x18,0x21,0x00,
    0x41,0x08,0x21,0x02,0x0b,0x20,0x01,0x20,0x02,0x6a,0x20,0x05,0x36,0x02,0x00,0x20,
    0x01,0x20,0x04,0x36,0x02,0x0c,0x20,0x01,0x20,0x00,0x6a,0x20,0x03,0x36,0x02,0x00,
    0x41,0x00,0x41,0x00,0x28,0x02,0xa0,0xbb,0x84,0x80,0x00,0x41,0x7f,0x6a,0x22,0x01,
    0x41,0x7f,0x20,0x01,0x1b,0x36,0x02,0xa0,0xbb,0x84,0x80,0x00,0x0b,0x0b,0xa3,0x02,
    0x01,0x02,0x7f,0x23,0x80,0x80,0x80,0x80,0x00,0x41,0x10,0x6b,0x22,0x00,0x24,0x80,
    0x80,0x80,0x80,0x00,0x02,0x40,0x41,0x00,0x2d,0x00,0xe0,0xb9,0x84,0x80,0x00,0x0d,
    0x00,0x41,0x14,0x10,0xd1,0x80,0x80,0x80,0x00,0x22,0x01,0x41,0xf8,0x99,0x84,0x80,
    0x00,0x36,0x02,0x0c,0x20,0x01,0x41,0xdc,0x99,0x84,0x80,0x00,0x36,0x02,0x00,0x20,
    0x01,0x42,0x00,0x37,0x02,0x04,0x41,0x00,0x20,0x01,0x36,0x02,0xa8,0xb9,0x84,0x80,
    0x00,0x41,0x00,0x20,0x01,0x41,0x0c,0x6a,0x36,0x02,0xa4,0xb9,0x84,0x80,0x00,0x20,
    0x00,0x41,0x08,0x6a,0x41,0x01,0x10,0x9d,0x81,0x80,0x80,0x00,0x41,0x00,0x20,0x00,
    0x29,0x02,0x08,0x37,0x02,0xac,0xb9,0x84,0x80,0x00,0x20,0x00,0x42,0x00,0x37,0x02,
    0x08,0x20,0x00,0x41,0x08,0x6a,0x10,0x9e,0x81,0x80,0x80,0x00,0x1a,0x20,0x00,0x41,
    0x08,0x6a,0x41,0x00,0x10,0x9d,0x81,0x80,0x80,0x00,0x41,0x00,0x20,0x00,0x29,0x02,
    0x08,0x37,0x02,0xb4,0xb9,0x84,0x80,0x00,0x20,0x00,0x42,0x00,0x37,0x02,0x08,0x20,
    0x00,0x41,0x08,0x6a,0x10,0x9e,0x81,0x80,0x80,0x00,0x1a,0x41,0x00,0x42,0x00,0x37,
    0x02,0xd8,0xb9,0x84,0x80,0x00,0x41,0x00,0x42,0x00,0x37,0x02,0xbc,0xb9,0x84,0x80,
    0x00,0x41,0x00,0x42,0x00,0x37,0x02,0xc4,0xb9,0x84,0x80,0x00,0x41,0x00,0x42,0x00,
    0x37,0x02,0xcc,0xb9,0x84,0x80,0x00,0x41,0x00,0x41,0xd8,0xb9,0x84,0x80,0x00,0x36,
    0x02,0xd4,0xb9,0x84,0x80,0x00,0x41,0x87,0x80,0x80,0x80,0x00,0x41,0x00,0x41,0x80,
    0x80,0x84,0x80,0x00,0x10,0x89,0x80,0x80,0x80,0x00,0x1a,0x41,0x00,0x41,0x01,0x3a,
    0x00,0xe0,0xb9,0x84,0x80,0x00,0x0b,0x20,0x00,0x41,0x10,0x6a,0x24,0x80,0x80,0x80,
    0x80,0x00,0x0b,0x41,0x01,0x01,0x7f,0x41,0x14,0x10,0xd1,0x80,0x80,0x80,0x00,0x22,
    0x02,0x20,0x01,0x3a,0x00,0x10,0x20,0x02,0x41,0xb8,0x9a,0x84,0x80,0x00,0x36,0x02,
    0x00,0x20,0x02,0x42,0x00,0x37,0x02,0x04,0x20,0x02,0x41,0xd4,0x9a,0x84,0x80,0x00,
    0x36,0x02,0x0c,0x20,0x00,0x20,0x02,0x36,0x02,0x04,0x20,0x00,0x20,0x02,0x41,0x0c,
    0x6a,0x36,0x02,0x00,0x0b,0x1b,0x01,0x01,0x7f,0x02,0x40,0x20,0x00,0x28,0x02,0x04,
    0x22,0x01,0x45,0x0d,0x00,0x20,0x01,0x10,0xba,0x80,0x80,0x80,0x00,0x0b,0x20,0x00,
    0x0b,0x50,0x00,0x41,0xd4,0xb9,0x84,0x80,0x00,0x10,0xa6,0x80,0x80,0x80,0x00,0x1a,
    0x41,0xc8,0xb9,0x84,0x80,0x00,0x10,0xbb,0x80,0x80,0x80,0x00,0x1a,0x41,0xbc,0xb9,
    0x84,0x80,0x00,0x10,0x95,0x80,0x80,0x80,0x00,0x1a,0x41,0xb4,0xb9,0x84,0x80,0x00,
    0x10,0xa7,0x80,0x80,0x80,0x00,0x1a,0x41,0xac,0xb9,0x84,0x80,0x00,0x10,0xa7,0x80,
    0x80,0x80,0x00,0x1a,0x41,0xa4,0xb9,0x84,0x80,0x00,0x10,0xa7,0x80,0x80,0x80,0x00,
    0x1a,0x0b,0x04,0x00,0x41,0x02,0x0b,0x0d,0x00,0x20,0x00,0x2d,0x00,0x04,0x20,0x01,
    0x2d,0x00,0x04,0x46,0x0b,0x0d,0x00,0x20,0x00,0x2d,0x00,0x04,0x20,0x01,0x2d,0x00,
    0x04,0x49,0x0b,0x1d,0x00,0x20,0x01,0x41,0xa6,0x8b,0x84,0x80,0x00,0x41,0xe7,0x8c,
    0x84,0x80,0x00,0x20,0x00,0x2d,0x00,0x04,0x1b,0x10,0xad,0x80,0x80,0x80,0x00,0x1a,
    0x0b,0x0b,0x00,0x44,0x00,0x00,0x00,0x00,0x00,0x00,0x00,0x00,0x0b,0x04,0x00,0x41,
    0x00,0x0b,0x07,0x00,0x20,0x00,0x2d,0x00,0x04,0x0b,0x0e,0x00,0x10,0x9c,0x81,0x80,
    0x80,0x00,0x41,0xbc,0xb9,0x84,0x80,0x00,0x0b,0x0e,0x00,0x10,0x9c,0x81,0x80,0x80,
    0x00,0x41,0xc8,0xb9,0x84,0x80,0x00,0x0b,0x0e,0x00,0x10,0xaa,0x81,0x80,0x80,0x00,
    0x41,0xe4,0xb9,0x84,0x80,0x00,0x0b,0x3d,0x00,0x02,0x40,0x41,0x00,0x2d,0x00,0xec,
    0xb9,0x84,0x80,0x00,0x0d,0x00,0x41,0xe4,0xb9,0x84,0x80,0x00,0x10,0xef,0x80,0x80,
    0x80,0x00,0x1a,0x41,0x88,0x80,0x80,0x80,0x00,0x41,0x00,0x41,0x80,0x80,0x84,0x80,
    0x00,0x10,0x89,0x80,0x80,0x80,0x00,0x1a,0x41,0x00,0x41,0x01,0x3a,0x00,0xec,0xb9,
    0x84,0x80,0x00,0x0b,0x0b,0x0e,0x00,0x10,0x9c,0x81,0x80,0x80,0x00,0x41,0xd4,0xb9,
    0x84,0x80,0x00,0x0b,0x0e,0x00,0x10,0xaa,0x81,0x80,0x80,0x00,0x41,0xe4,0xb9,0x84,
    0x80,0x00,0x0b,0x04,0x00,0x20,0x00,0x0b,0x0a,0x00,0x20,0x00,0x10,0x9e,0x80,0x80,
    0x80,0x00,0x0b,0x0f,0x00,0x41,0xe4,0xb9,0x84,0x80,0x00,0x10,0xa7,0x80,0x80,0x80,
    0x00,0x1a,0x0b,0x0f,0x00,0x20,0x00,0x41,0xb8,0x9a,0x84,0x80,0x00,0x36,0x02,0x00,
    0x20,0x00,0x0b,0x15,0x00,0x20,0x00,0x41,0xb8,0x9a,0x84,0x80,0x00,0x36,0x02,0x00,
    0x20,0x00,0x10,0x9e,0x80,0x80,0x80,0x00,0x0b,0x02,0x00,0x0b,0x0a,0x00,0x20,0x00,
    0x10,0x9e,0x80,0x80,0x80,0x00,0x0b,0x04,0x00,0x41,0x00,0x0b,0x04,0x00,0x41,0x01,
    0x0b,0x04,0x00,0x41,0x00,0x0b,0x11,0x00,0x20,0x01,0x41,0xc1,0x88,0x84,0x80,0x00,
    0x10,0xad,0x80,0x80,0x80,0x00,0x1a,0x0b,0x04,0x00,0x41,0x00,0x0b,0x0a,0x00,0x20,
    0x00,0x10,0x9e,0x80,0x80,0x80,0x00,0x0b,0x0f,0x00,0x20,0x00,0x41,0xdc,0x99,0x84,
    0x80,0x00,0x36,0x02,0x00,0x20,0x00,0x0b,0x15,0x00,0x20,0x00,0x41,0xdc,0x99,0x84,
    0x80,0x00,0x36,0x02,0x00,0x20,0x00,0x10,0x9e,0x80,0x80,0x80,0x00,0x0b,0x02,0x00,
    0x0b,0x0a,0x00,0x20,0x00,0x10,0x9e,0x80,0x80,0x80,0x00,0x0b,0x04,0x00,0x41,0x01,
    0x0b,0x1d,0x00,0x20,0x00,0x2b,0x03,0x08,0x20,0x01,0x20,0x01,0x28,0x02,0x00,0x28,
    0x02,0x10,0x11,0x84,0x80,0x80,0x80,0x00,0x80,0x80,0x80,0x80,0x00,0x61,0x0b,0x1d,
    0x00,0x20,0x00,0x2b,0x03,0x08,0x20,0x01,0x20,0x01,0x28,0x02,0x00,0x28,0x02,0x10,
    0x11,0x84,0x80,0x80,0x80,0x00,0x80,0x80,0x80,0x80,0x00,0x63,0x0b,0x85,0x01,0x02,
    0x01,0x7f,0x01,0x7c,0x23,0x80,0x80,0x80,0x80,0x00,0x41,0x30,0x6b,0x22,0x02,0x24,
    0x80,0x80,0x80,0x80,0x00,0x02,0x40,0x02,0x40,0x20,0x00,0x2b,0x03,0x08,0x22,0x03,
    0xbd,0x42,0xff,0xff,0xff,0xff,0xff,0xff,0xff,0xff,0xff,0x00,0x83,0x42,0xff,0xff,
    0xff,0xff,0xff,0xff,0xff,0xf7,0xff,0x00,0x55,0x0d,0x00,0x20,0x02,0x20,0x03,0x39,
    0x03,0x00,0x20,0x02,0x41,0x10,0x6a,0x41,0x20,0x41,0x90,0x8b,0x84,0x80,0x00,0x20,
    0x02,0x10,0xc2,0x81,0x80,0x80,0x00,0x20,0x01,0x20,0x02,0x41,0x10,0x6a,0x10,0xad,
    0x80,0x80,0x80,0x00,0x1a,0x0c,0x01,0x0b,0x20,0x01,0x41,0xc1,0x88,0x84,0x80,0x00,
    0x10,0xad,0x80,0x80,0x80,0x00,0x1a,0x0b,0x20,0x02,0x41,0x30,0x6a,0x24,0x80,0x80,
    0x80,0x80,0x00,0x0b,0x87,0x01,0x01,0x01,0x7f,0x23,0x80,0x80,0x80,0x80,0x00,0x41,
    0x90,0x01,0x6b,0x22,0x04,0x24,0x80,0x80,0x80,0x80,0x00,0x20,0x04,0x20,0x03,0x36,
    0x02,0x0c,0x20,0x04,0x20,0x01,0x41,0x7f,0x6a,0x36,0x02,0x88,0x01,0x20,0x04,0x20,
    0x00,0x36,0x02,0x84,0x01,0x20,0x04,0x41,0x10,0x6a,0x41,0x00,0x41,0xf0,0x00,0xfc,
    0x0b,0x00,0x20,0x00,0x41,0x00,0x3a,0x00,0x00,0x20,0x04,0x41,0x7f,0x36,0x02,0x50,
    0x20,0x04,0x41,0x89,0x80,0x80,0x80,0x00,0x36,0x02,0x30,0x20,0x04,0x20,0x04,0x41,
    0x84,0x01,0x6a,0x36,0x02,0x54,0x20,0x04,0x20,0x04,0x41,0x8f,0x01,0x6a,0x36,0x02,
    0x38,0x20,0x04,0x41,0x10,0x6a,0x20,0x02,0x20,0x03,0x10,0x99,0x82,0x80,0x80,0x00,
    0x20,0x04,0x41,0x90,0x01,0x6a,0x24,0x80,0x80,0x80,0x80,0x00,0x0b,0x07,0x00,0x20,
    0x00,0x2b,0x03,0x08,0x0b,0x09,0x00,0x20,0x00,0x2b,0x03,0x08,0xfc,0x02,0x0b,0x0a,
    0x00,0x20,0x00,0x10,0x9e,0x80,0x80,0x80,0x00,0x0b,0x0f,0x00,0x20,0x00,0x41,0x94,
    0x9c,0x84,0x80,0x00,0x36,0x02,0x00,0x20,0x00,0x0b,0x15,0x00,0x20,0x00,0x41,0x94,
    0x9c,0x84,0x80,0x00,0x36,0x02,0x00,0x20,0x00,0x10,0x9e,0x80,0x80,0x80,0x00,0x0b,
    0x02,0x00,0x0b,0x0a,0x00,0x20,0x00,0x10,0x9e,0x80,0x80,0x80,0x00,0x0b,0x04,0x00,
    0x41,0x01,0x0b,0x22,0x00,0x20,0x00,0x28,0x02,0x04,0x21,0x00,0x20,0x01,0x20,0x01,
    0x28,0x02,0x00,0x28,0x02,0x10,0x11,0x84,0x80,0x80,0x80,0x00,0x80,0x80,0x80,0x80,
    0x00,0x20,0x00,0xb7,0x61,0x0b,0x22,0x00,0x20,0x00,0x28,0x02,0x04,0x21,0x00,0x20,
    0x01,0x20,0x01,0x28,0x02,0x00,0x28,0x02,0x10,0x11,0x84,0x80,0x80,0x80,0x00,0x80,
    0x80,0x80,0x80,0x00,0x20,0x00,0xb7,0x64,0x0b,0x4d,0x01,0x01,0x7f,0x23,0x80,0x80,
    0x80,0x80,0x00,0x41,0x30,0x6b,0x22,0x02,0x24,0x80,0x80,0x80,0x80,0x00,0x20,0x02,
    0x20,0x00,0x28,0x02,0x04,0x36,0x02,0x00,0x20,0x02,0x41,0x10,0x6a,0x41,0x20,0x41,
    0x8e,0x91,0x84,0x80,0x00,0x20,0x02,0x10,0xc2,0x81,0x80,0x80,0x00,0x20,0x01,0x20,
    0x02,0x41,0x10,0x6a,0x10,0xad,0x80,0x80,0x80,0x00,0x1a,0x20,0x02,0x41,0x30,0x6a,
    0x24,0x80,0x80,0x80,0x80,0x00,0x0b,0x08,0x00,0x20,0x00,0x28,0x02,0x04,0xb7,0x0b,
    0x07,0x00,0x20,0x00,0x28,0x02,0x04,0x0b,0x0a,0x00,0x20,0x00,0x10,0x9e,0x80,0x80,
    0x80,0x00,0x0b,0x0f,0x00,0x20,0x00,0x41,0xf0,0x9c,0x84,0x80,0x00,0x36,0x02,0x00,
    0x20,0x00,0x0b,0x15,0x00,0x20,0x00,0x41,0xf0,0x9c,0x84,0x80,0x00,0x36,0x02,0x00,
    0x20,0x00,0x10,0x9e,0x80,0x80,0x80,0x00,0x0b,0x02,0x00,0x0b,0x0a,0x00,0x20,0x00,
    0x10,0x9e,0x80,0x80,0x80,0x00,0x0b,0x12,0x00,0x02,0x40,0x20,0x01,0x45,0x0d,0x00,
    0x20,0x01,0x10,0x9e,0x80,0x80,0x80,0x00,0x0b,0x0b,0x1b,0x01,0x01,0x7f,0x02,0x40,
    0x20,0x00,0x28,0x02,0x04,0x22,0x01,0x45,0x0d,0x00,0x20,0x01,0x10,0xba,0x80,0x80,
    0x80,0x00,0x0b,0x20,0x00,0x0b,0x04,0x00,0x41,0x03,0x0b,0x12,0x00,0x20,0x00,0x41,
    0x04,0x6a,0x20,0x01,0x41,0x04,0x6a,0x10,0xd9,0x81,0x80,0x80,0x00,0x0b,0x5b,0x01,
    0x04,0x7f,0x41,0x00,0x21,0x02,0x02,0x40,0x20,0x00,0x28,0x02,0x04,0x20,0x00,0x2c,
    0x00,0x0b,0x22,0x03,0x20,0x03,0x41,0x00,0x48,0x1b,0x22,0x04,0x20,0x01,0x28,0x02,
    0x04,0x20,0x01,0x2c,0x00,0x0b,0x22,0x05,0x20,0x05,0x41,0x00,0x48,0x1b,0x47,0x0d,
    0x00,0x20,0x00,0x28,0x02,0x00,0x20,0x00,0x20,0x03,0x41,0x00,0x48,0x1b,0x20,0x01,
    0x28,0x02,0x00,0x20,0x01,0x20,0x05,0x41,0x00,0x48,0x1b,0x20,0x04,0x10,0xd6,0x80,
    0x80,0x80,0x00,0x45,0x21,0x02,0x0b,0x20,0x02,0x0b,0x12,0x00,0x20,0x00,0x41,0x04,
    0x6a,0x20,0x01,0x41,0x04,0x6a,0x10,0xa4,0x80,0x80,0x80,0x00,0x0b,0x0f,0x00,0x20,
    0x00,0x41,0x04,0x6a,0x20,0x01,0x10,0xdc,0x81,0x80,0x80,0x00,0x0b,0xd1,0x03,0x01,
    0x06,0x7f,0x23,0x80,0x80,0x80,0x80,0x00,0x41,0x10,0x6b,0x22,0x02,0x24,0x80,0x80,
    0x80,0x80,0x00,0x20,0x01,0x41,0x22,0x10,0x90,0x80,0x80,0x80,0x00,0x41,0x00,0x21,
    0x03,0x02,0x40,0x03,0x40,0x20,0x03,0x20,0x00,0x28,0x02,0x04,0x20,0x00,0x2c,0x00,
    0x0b,0x22,0x04,0x20,0x04,0x41,0x00,0x48,0x22,0x04,0x1b,0x4f,0x0d,0x01,0x02,0x40,
    0x02,0x40,0x02,0x40,0x02,0x40,0x02,0x40,0x02,0x40,0x02,0x40,0x02,0x40,0x20,0x00,
    0x28,0x02,0x00,0x20,0x00,0x20,0x04,0x1b,0x22,0x05,0x20,0x03,0x6a,0x22,0x06,0x2d,
    0x00,0x00,0x22,0x04,0x41,0x78,0x6a,0x0e,0x06,0x01,0x05,0x03,0x06,0x02,0x04,0x00,
    0x0b,0x02,0x40,0x20,0x04,0x41,0x22,0x46,0x0d,0x00,0x20,0x04,0x41,0xdc,0x00,0x47,
    0x0d,0x06,0x20,0x01,0x41,0xca,0x91,0x84,0x80,0x00,0x10,0xad,0x80,0x80,0x80,0x00,
    0x1a,0x0c,0x07,0x0b,0x20,0x01,0x41,0xbb,0x93,0x84,0x80,0x00,0x10,0xad,0x80,0x80,
    0x80,0x00,0x1a,0x0c,0x06,0x0b,0x20,0x01,0x41,0x93,0x91,0x84,0x80,0x00,0x10,0xad,
    0x80,0x80,0x80,0x00,0x1a,0x0c,0x05,0x0b,0x20,0x01,0x41,0x9a,0x8b,0x84,0x80,0x00,
    0x10,0xad,0x80,0x80,0x80,0x00,0x1a,0x0c,0x04,0x0b,0x20,0x01,0x41,0xbe,0x88,0x84,
    0x80,0x00,0x10,0xad,0x80,0x80,0x80,0x00,0x1a,0x0c,0x03,0x0b,0x20,0x01,0x41,0x9a,
    0x86,0x84,0x80,0x00,0x10,0xad,0x80,0x80,0x80,0x00,0x1a,0x0c,0x02,0x0b,0x20,0x01,
    0x41,0xf2,0x83,0x84,0x80,0x00,0x10,0xad,0x80,0x80,0x80,0x00,0x1a,0x0c,0x01,0x0b,
    0x20,0x04,0xc0,0x21,0x07,0x02,0x40,0x20,0x04,0x41,0x1f,0x4b,0x0d,0x00,0x20,0x02,
    0x20,0x07,0x36,0x02,0x00,0x20,0x02,0x41,0x08,0x6a,0x41,0x08,0x41,0xc4,0x80,0x84,
    0x80,0x00,0x20,0x02,0x10,0xc2,0x81,0x80,0x80,0x00,0x20,0x01,0x20,0x02,0x41,0x08,
    0x6a,0x10,0xad,0x80,0x80,0x80,0x00,0x1a,0x0c,0x01,0x0b,0x02,0x40,0x20,0x04,0x41,
    0xe2,0x01,0x47,0x0d,0x00,0x20,0x06,0x2d,0x00,0x01,0x41,0x80,0x01,0x47,0x0d,0x00,
    0x02,0x40,0x20,0x05,0x20,0x03,0x41,0x02,0x6a,0x22,0x04,0x6a,0x2d,0x00,0x00,0x41,
    0xa8,0x01,0x47,0x0d,0x00,0x20,0x01,0x41,0xf4,0x91,0x84,0x80,0x00,0x10,0xad,0x80,
    0x80,0x80,0x00,0x1a,0x20,0x04,0x21,0x03,0x0c,0x02,0x0b,0x20,0x05,0x20,0x03,0x41,
    0x02,0x6a,0x22,0x04,0x6a,0x2d,0x00,0x00,0x41,0xa9,0x01,0x47,0x0d,0x00,0x20,0x01,
    0x41,0xed,0x91,0x84,0x80,0x00,0x10,0xad,0x80,0x80,0x80,0x00,0x1a,0x20,0x04,0x21,
    0x03,0x0c,0x01,0x0b,0x20,0x01,0x20,0x07,0x10,0x90,0x80,0x80,0x80,0x00,0x0b,0x20,
    0x03,0x41,0x01,0x6a,0x21,0x03,0x0c,0x00,0x0b,0x0b,0x20,0x01,0x41,0x22,0x10,0x90,
    0x80,0x80,0x80,0x00,0x20,0x02,0x41,0x10,0x6a,0x24,0x80,0x80,0x80,0x80,0x00,0x0b,
    0x07,0x00,0x20,0x00,0x41,0x04,0x6a,0x0b,0x1b,0x00,0x20,0x00,0x41,0xa8,0x9e,0x84,
    0x80,0x00,0x36,0x02,0x00,0x20,0x00,0x41,0x04,0x6a,0x10,0x95,0x80,0x80,0x80,0x00,
    0x1a,0x20,0x00,0x0b,0x10,0x00,0x20,0x00,0x10,0xde,0x81,0x80,0x80,0x00,0x10,0x9e,
    0x80,0x80,0x80,0x00,0x0b,0x10,0x00,0x20,0x00,0x10,0xde,0x81,0x80,0x80,0x00,0x10,
    0x9e,0x80,0x80,0x80,0x00,0x0b,0x0f,0x00,0x20,0x00,0x41,0xcc,0x9d,0x84,0x80,0x00,
    0x36,0x02,0x00,0x20,0x00,0x0b,0x15,0x00,0x20,0x00,0x41,0xcc,0x9d,0x84,0x80,0x00,
    0x36,0x02,0x00,0x20,0x00,0x10,0x9e,0x80,0x80,0x80,0x00,0x0b,0x0e,0x00,0x20,0x00,
    0x41,0x0c,0x6a,0x10,0xde,0x81,0x80,0x80,0x00,0x1a,0x0b,0x0a,0x00,0x20,0x00,0x10,
    0x9e,0x80,0x80,0x80,0x00,0x0b,0x04,0x00,0x41,0x04,0x0b,0x5f,0x01,0x02,0x7f,0x41,
    0x00,0x21,0x02,0x02,0x40,0x20,0x00,0x28,0x02,0x08,0x22,0x03,0x20,0x00,0x28,0x02,
    0x04,0x22,0x00,0x6b,0x20,0x01,0x41,0x08,0x6a,0x28,0x02,0x00,0x20,0x01,0x28,0x02,
    0x04,0x22,0x01,0x6b,0x47,0x0d,0x00,0x03,0x40,0x02,0x40,0x20,0x00,0x20,0x03,0x47,
    0x0d,0x00,0x41,0x01,0x21,0x02,0x0c,0x02,0x0b,0x20,0x00,0x20,0x01,0x10,0xf0,0x80,
    0x80,0x80,0x00,0x45,0x0d,0x01,0x20,0x01,0x41,0x08,0x6a,0x21,0x01,0x20,0x00,0x41,
    0x08,0x6a,0x21,0x00,0x0c,0x00,0x0b,0x0b,0x20,0x02,0x0b,0x6d,0x01,0x03,0x7f,0x20,
    0x01,0x41,0x08,0x6a,0x28,0x02,0x00,0x21,0x02,0x20,0x01,0x28,0x02,0x04,0x21,0x01,
    0x20,0x00,0x28,0x02,0x08,0x21,0x03,0x20,0x00,0x28,0x02,0x04,0x21,0x00,0x02,0x40,
    0x03,0x40,0x41,0x00,0x21,0x04,0x20,0x01,0x20,0x02,0x46,0x0d,0x01,0x41,0x01,0x21,
    0x04,0x20,0x00,0x20,0x03,0x46,0x0d,0x01,0x20,0x00,0x20,0x01,0x10,0xe8,0x81,0x80,
    0x80,0x00,0x0d,0x01,0x41,0x00,0x21,0x04,0x20,0x01,0x20,0x00,0x10,0xe8,0x81,0x80,
    0x80,0x00,0x0d,0x01,0x20,0x01,0x41,0x08,0x6a,0x21,0x01,0x20,0x00,0x41,0x08,0x6a,
    0x21,0x00,0x0c,0x00,0x0b,0x0b,0x20,0x04,0x0b,0xa8,0x01,0x01,0x02,0x7f,0x02,0x40,
    0x20,0x00,0x28,0x02,0x00,0x22,0x02,0x20,0x01,0x28,0x02,0x00,0x47,0x0d,0x00,0x41,
    0x00,0x0f,0x0b,0x20,0x02,0x20,0x02,0x28,0x02,0x00,0x28,0x02,0x00,0x11,0x81,0x80,
    0x80,0x80,0x00,0x80,0x80,0x80,0x80,0x00,0x21,0x02,0x20,0x01,0x28,0x02,0x00,0x22,
    0x03,0x20,0x03,0x28,0x02,0x00,0x28,0x02,0x00,0x11,0x81,0x80,0x80,0x80,0x00,0x80,
    0x80,0x80,0x80,0x00,0x21,0x03,0x20,0x00,0x28,0x02,0x00,0x21,0x00,0x02,0x40,0x20,
    0x02,0x20,0x03,0x46,0x0d,0x00,0x20,0x00,0x20,0x00,0x28,0x02,0x00,0x28,0x02,0x00,
    0x11,0x81,0x80,0x80,0x80,0x00,0x80,0x80,0x80,0x80,0x00,0x20,0x01,0x28,0x02,0x00,
    0x22,0x01,0x20,0x01,0x28,0x02,0x00,0x28,0x02,0x00,0x11,0x81,0x80,0x80,0x80,0x00,
    0x80,0x80,0x80,0x80,0x00,0x48,0x0f,0x0b,0x20,0x00,0x20,0x01,0x28,0x02,0x00,0x20,
    0x00,0x28,0x02,0x00,0x28,0x02,0x08,0x11,0x82,0x80,0x80,0x80,0x00,0x80,0x80,0x80,
    0x80,0x00,0x0b,0x84,0x01,0x01,0x02,0x7f,0x20,0x01,0x41,0xcd,0x91,0x84,0x80,0x00,
    0x10,0xad,0x80,0x80,0x80,0x00,0x21,0x02,0x20,0x00,0x28,0x02,0x08,0x21,0x03,0x20,
    0x00,0x28,0x02,0x04,0x21,0x00,0x41,0x01,0x21,0x01,0x02,0x40,0x03,0x40,0x20,0x00,
    0x20,0x03,0x46,0x0d,0x01,0x02,0x40,0x20,0x01,0x41,0x01,0x71,0x0d,0x00,0x20,0x02,
    0x41,0x95,0x96,0x84,0x80,0x00,0x10,0xad,0x80,0x80,0x80,0x00,0x1a,0x0b,0x20,0x00,
    0x28,0x02,0x00,0x22,0x01,0x20,0x02,0x20,0x01,0x28,0x02,0x00,0x28,0x02,0x0c,0x11,
    0x80,0x80,0x80,0x80,0x00,0x80,0x80,0x80,0x80,0x00,0x20,0x00,0x41,0x08,0x6a,0x21,
    0x00,0x41,0x00,0x21,0x01,0x0c,0x00,0x0b,0x0b,0x20,0x02,0x41,0xc8,0x91,0x84,0x80,
    0x00,0x10,0xad,0x80,0x80,0x80,0x00,0x1a,0x0b,0x07,0x00,0x20,0x00,0x41,0x04,0x6a,
    0x0b,0x2f,0x00,0x02,0x40,0x20,0x01,0x20,0x00,0x28,0x02,0x08,0x20,0x00,0x28,0x02,
    0x04,0x22,0x00,0x6b,0x41,0x03,0x75,0x49,0x0d,0x00,0x10,0xaa,0x81,0x80,0x80,0x00,
    0x41,0xe4,0xb9,0x84,0x80,0x00,0x0f,0x0b,0x20,0x00,0x20,0x01,0x41,0x03,0x74,0x6a,
    0x0b,0x1b,0x00,0x20,0x00,0x41,0x94,0x9b,0x84,0x80,0x00,0x36,0x02,0x00,0x20,0x00,
    0x41,0x04,0x6a,0x10,0xbb,0x80,0x80,0x80,0x00,0x1a,0x20,0x00,0x0b,0x10,0x00,0x20,
    0x00,0x10,0xec,0x81,0x80,0x80,0x00,0x10,0x9e,0x80,0x80,0x80,0x00,0x0b,0x10,0x00,
    0x20,0x00,0x10,0xec,0x81,0x80,0x80,0x00,0x10,0x9e,0x80,0x80,0x80,0x00,0x0b,0x0f,
    0x00,0x20,0x00,0x41,0xe8,0x9e,0x84,0x80,0x00,0x36,0x02,0x00,0x20,0x00,0x0b,0x15,
    0x00,0x20,0x00,0x41,0xe8,0x9e,0x84,0x80,0x00,0x36,0x02,0x00,0x20,0x00,0x10,0x9e,
    0x80,0x80,0x80,0x00,0x0b,0x0e,0x00,0x20,0x00,0x41,0x0c,0x6a,0x10,0xec,0x81,0x80,
    0x80,0x00,0x1a,0x0b,0x0a,0x00,0x20,0x00,0x10,0x9e,0x80,0x80,0x80,0x00,0x0b,0x04,
    0x00,0x41,0x05,0x0b,0x81,0x01,0x01,0x02,0x7f,0x41,0x00,0x21,0x02,0x02,0x40,0x20,
    0x00,0x28,0x02,0x0c,0x20,0x01,0x41,0x0c,0x6a,0x28,0x02,0x00,0x47,0x0d,0x00,0x20,
    0x00,0x41,0x08,0x6a,0x21,0x03,0x20,0x00,0x28,0x02,0x04,0x21,0x00,0x20,0x01,0x28,
    0x02,0x04,0x21,0x01,0x03,0x40,0x02,0x40,0x20,0x00,0x20,0x03,0x47,0x0d,0x00,0x41,
    0x01,0x21,0x02,0x0c,0x02,0x0b,0x20,0x00,0x41,0x10,0x6a,0x20,0x01,0x41,0x10,0x6a,
    0x10,0xd9,0x81,0x80,0x80,0x00,0x45,0x0d,0x01,0x20,0x00,0x41,0x1c,0x6a,0x20,0x01,
    0x41,0x1c,0x6a,0x10,0xf0,0x80,0x80,0x80,0x00,0x45,0x0d,0x01,0x20,0x00,0x10,0xf5,
    0x81,0x80,0x80,0x00,0x21,0x00,0x20,0x01,0x10,0xf5,0x81,0x80,0x80,0x00,0x21,0x01,
    0x0c,0x00,0x0b,0x0b,0x20,0x02,0x0b,0x30,0x01,0x01,0x7f,0x02,0x40,0x20,0x00,0x28,
    0x02,0x04,0x22,0x01,0x45,0x0d,0x00,0x20,0x01,0x10,0x8d,0x81,0x80,0x80,0x00,0x0f,
    0x0b,0x03,0x40,0x20,0x00,0x22,0x00,0x20,0x00,0x28,0x02,0x08,0x22,0x00,0x28,0x02,
    0x00,0x47,0x0d,0x00,0x0b,0x20,0x00,0x0b,0x7a,0x01,0x05,0x7f,0x20,0x01,0x41,0x08,
    0x6a,0x21,0x02,0x20,0x00,0x41,0x08,0x6a,0x21,0x03,0x20,0x01,0x28,0x02,0x04,0x21,
    0x01,0x20,0x00,0x28,0x02,0x04,0x21,0x00,0x02,0x40,0x03,0x40,0x41,0x00,0x21,0x04,
    0x20,0x01,0x20,0x02,0x46,0x0d,0x01,0x41,0x01,0x21,0x04,0x20,0x00,0x20,0x03,0x46,
    0x0d,0x01,0x20,0x00,0x41,0x10,0x6a,0x22,0x05,0x20,0x01,0x41,0x10,0x6a,0x22,0x06,
    0x10,0xf7,0x81,0x80,0x80,0x00,0x0d,0x01,0x41,0x00,0x21,0x04,0x20,0x06,0x20,0x05,
    0x10,0xf7,0x81,0x80,0x80,0x00,0x0d,0x01,0x20,0x00,0x10,0xf5,0x81,0x80,0x80,0x00,
    0x21,0x00,0x20,0x01,0x10,0xf5,0x81,0x80,0x80,0x00,0x21,0x01,0x0c,0x00,0x0b,0x0b,
    0x20,0x04,0x0b,0x38,0x00,0x02,0x40,0x20,0x00,0x20,0x01,0x10,0xa4,0x80,0x80,0x80,
    0x00,0x45,0x0d,0x00,0x41,0x01,0x0f,0x0b,0x02,0x40,0x20,0x01,0x20,0x00,0x10,0xa4,
    0x80,0x80,0x80,0x00,0x45,0x0d,0x00,0x41,0x00,0x0f,0x0b,0x20,0x00,0x41,0x0c,0x6a,
    0x20,0x01,0x41,0x0c,0x6a,0x10,0xe8,0x81,0x80,0x80,0x00,0x0b,0xa4,0x01,0x01,0x03,
    0x7f,0x20,0x00,0x41,0x08,0x6a,0x21,0x02,0x20,0x01,0x41,0xa6,0x80,0x84,0x80,0x00,
    0x10,0xad,0x80,0x80,0x80,0x00,0x21,0x01,0x20,0x00,0x28,0x02,0x04,0x21,0x00,0x41,
    0x01,0x21,0x03,0x02,0x40,0x03,0x40,0x20,0x00,0x20,0x02,0x46,0x0d,0x01,0x02,0x40,
    0x20,0x03,0x41,0x01,0x71,0x0d,0x00,0x20,0x01,0x41,0x95,0x96,0x84,0x80,0x00,0x10,
    0xad,0x80,0x80,0x80,0x00,0x1a,0x0b,0x20,0x00,0x41,0x10,0x6a,0x20,0x01,0x10,0xdc,
    0x81,0x80,0x80,0x00,0x20,0x01,0x41,0x92,0x96,0x84,0x80,0x00,0x10,0xad,0x80,0x80,
    0x80,0x00,0x21,0x03,0x20,0x00,0x28,0x02,0x1c,0x22,0x04,0x20,0x03,0x20,0x04,0x28,
    0x02,0x00,0x28,0x02,0x0c,0x11,0x80,0x80,0x80,0x80,0x00,0x80,0x80,0x80,0x80,0x00,
    0x41,0x00,0x21,0x03,0x20,0x00,0x10,0xf5,0x81,0x80,0x80,0x00,0x21,0x00,0x0c,0x00,
    0x0b,0x0b,0x20,0x01,0x41,0xa4,0x80,0x84,0x80,0x00,0x10,0xad,0x80,0x80,0x80,0x00,
    0x1a,0x0b,0x07,0x00,0x20,0x00,0x41,0x04,0x6a,0x0b,0x6b,0x01,0x01,0x7f,0x23,0x80,
    0x80,0x80,0x80,0x00,0x41,0x10,0x6b,0x22,0x02,0x24,0x80,0x80,0x80,0x80,0x00,0x20,
    0x02,0x41,0x08,0x6a,0x20,0x00,0x41,0x04,0x6a,0x20,0x01,0x10,0xa5,0x80,0x80,0x80,
    0x00,0x02,0x40,0x02,0x40,0x02,0x40,0x20,0x02,0x28,0x02,0x0c,0x28,0x02,0x00,0x22,
    0x01,0x45,0x0d,0x00,0x20,0x01,0x20,0x00,0x41,0x08,0x6a,0x47,0x0d,0x01,0x0b,0x10,
    0xaa,0x81,0x80,0x80,0x00,0x41,0xe4,0xb9,0x84,0x80,0x00,0x21,0x00,0x0c,0x01,0x0b,
    0x20,0x01,0x41,0x1c,0x6a,0x21,0x00,0x0b,0x20,0x02,0x41,0x10,0x6a,0x24,0x80,0x80,
    0x80,0x80,0x00,0x20,0x00,0x0b,0x1b,0x00,0x20,0x00,0x41,0xd4,0x9b,0x84,0x80,0x00,
    0x36,0x02,0x00,0x20,0x00,0x41,0x04,0x6a,0x10,0xa6,0x80,0x80,0x80,0x00,0x1a,0x20,
    0x00,0x0b,0x10,0x00,0x20,0x00,0x10,0xfb,0x81,0x80,0x80,0x00,0x10,0x9e,0x80,0x80,
    0x80,0x00,0x0b,0x10,0x00,0x20,0x00,0x10,0xfb,0x81,0x80,0x80,0x00,0x10,0x9e,0x80,
    0x80,0x80,0x00,0x0b,0x0f,0x00,0x20,0x00,0x41,0x84,0x9f,0x84,0x80,0x00,0x36,0x02,
    0x00,0x20,0x00,0x0b,0x15,0x00,0x20,0x00,0x41,0x84,0x9f,0x84,0x80,0x00,0x36,0x02,
    0x00,0x20,0x00,0x10,0x9e,0x80,0x80,0x80,0x00,0x0b,0x0e,0x00,0x20,0x00,0x41,0x0c,
    0x6a,0x10,0xfb,0x81,0x80,0x80,0x00,0x1a,0x0b,0x0a,0x00,0x20,0x00,0x10,0x9e,0x80,
    0x80,0x80,0x00,0x0b,0xe4,0x13,0x02,0x06,0x7f,0x01,0x7c,0x23,0x80,0x80,0x80,0x80,
    0x00,0x41,0xf0,0x00,0x6b,0x22,0x03,0x24,0x80,0x80,0x80,0x80,0x00,0x02,0x40,0x02,
    0x40,0x20,0x02,0x41,0xc9,0x01,0x48,0x0d,0x00,0x20,0x00,0x20,0x01,0x20,0x03,0x41,
    0xe4,0x00,0x6a,0x41,0xb1,0x89,0x84,0x80,0x00,0x10,0x8a,0x80,0x80,0x80,0x00,0x22,
    0x02,0x10,0x85,0x82,0x80,0x80,0x00,0x20,0x02,0x10,0x95,0x80,0x80,0x80,0x00,0x1a,
    0x0c,0x01,0x0b,0x20,0x01,0x10,0x86,0x82,0x80,0x80,0x00,0x21,0x04,0x02,0x40,0x20,
    0x01,0x2d,0x00,0x0c,0x41,0x01,0x47,0x0d,0x00,0x20,0x00,0x10,0xef,0x80,0x80,0x80,
    0x00,0x1a,0x0c,0x01,0x0b,0x02,0x40,0x02,0x40,0x02,0x40,0x02,0x40,0x02,0x40,0x02,
    0x40,0x02,0x40,0x02,0x40,0x20,0x04,0x41,0x2d,0x46,0x0d,0x00,0x20,0x04,0x41,0x50,
    0x6a,0x41,0xff,0x01,0x71,0x41,0x09,0x4b,0x0d,0x01,0x0b,0x20,0x01,0x20,0x01,0x28,
    0x02,0x04,0x22,0x05,0x41,0x7f,0x6a,0x22,0x06,0x36,0x02,0x04,0x20,0x06,0x21,0x04,
    0x02,0x40,0x20,0x01,0x28,0x02,0x00,0x22,0x02,0x28,0x02,0x00,0x22,0x07,0x20,0x02,
    0x20,0x02,0x2c,0x00,0x0b,0x22,0x08,0x41,0x00,0x48,0x1b,0x20,0x06,0x6a,0x2d,0x00,
    0x00,0x41,0x2d,0x47,0x0d,0x00,0x20,0x01,0x20,0x05,0x36,0x02,0x04,0x20,0x02,0x2d,
    0x00,0x0b,0x21,0x08,0x20,0x02,0x28,0x02,0x00,0x21,0x07,0x20,0x05,0x21,0x04,0x0b,
    0x02,0x40,0x02,0x40,0x20,0x07,0x20,0x02,0x20,0x08,0xc0,0x41,0x00,0x48,0x1b,0x20,
    0x04,0x6a,0x2c,0x00,0x00,0x22,0x07,0x41,0x30,0x47,0x0d,0x00,0x20,0x01,0x20,0x04,
    0x41,0x01,0x6a,0x22,0x04,0x36,0x02,0x04,0x20,0x02,0x28,0x02,0x00,0x20,0x02,0x20,
    0x02,0x2c,0x00,0x0b,0x41,0x00,0x48,0x1b,0x22,0x07,0x20,0x04,0x6a,0x2d,0x00,0x00,
    0x41,0x50,0x6a,0x41,0xff,0x01,0x71,0x41,0x09,0x4b,0x0d,0x01,0x20,0x00,0x20,0x01,
    0x20,0x03,0x41,0xe4,0x00,0x6a,0x41,0x98,0x84,0x84,0x80,0x00,0x10,0x8a,0x80,0x80,
    0x80,0x00,0x22,0x02,0x10,0x85,0x82,0x80,0x80,0x00,0x20,0x02,0x10,0x95,0x80,0x80,
    0x80,0x00,0x1a,0x0c,0x09,0x0b,0x20,0x07,0x41,0x4f,0x6a,0x41,0xff,0x01,0x71,0x41,
    0x08,0x4b,0x0d,0x02,0x20,0x04,0x41,0x01,0x6a,0x21,0x04,0x03,0x40,0x20,0x01,0x20,
    0x04,0x36,0x02,0x04,0x20,0x02,0x28,0x02,0x00,0x20,0x02,0x20,0x02,0x2c,0x00,0x0b,
    0x41,0x00,0x48,0x1b,0x22,0x07,0x20,0x04,0x6a,0x21,0x08,0x20,0x04,0x41,0x01,0x6a,
    0x22,0x05,0x21,0x04,0x20,0x08,0x2d,0x00,0x00,0x41,0x50,0x6a,0x41,0xff,0x01,0x71,
    0x41,0x0a,0x49,0x0d,0x00,0x0b,0x20,0x05,0x41,0x7f,0x6a,0x21,0x04,0x0b,0x02,0x40,
    0x02,0x40,0x20,0x07,0x20,0x04,0x6a,0x2d,0x00,0x00,0x22,0x08,0x41,0x2e,0x46,0x0d,
    0x00,0x20,0x08,0x41,0xe5,0x00,0x46,0x0d,0x01,0x02,0x40,0x20,0x04,0x20,0x06,0x6b,
    0x41,0x09,0x4b,0x0d,0x00,0x20,0x08,0x41,0xc5,0x00,0x46,0x0d,0x00,0x20,0x00,0x20,
    0x07,0x20,0x06,0x6a,0x10,0x87,0x82,0x80,0x80,0x00,0x10,0xc3,0x80,0x80,0x80,0x00,
    0x1a,0x0c,0x0a,0x0b,0x20,0x08,0x41,0x2e,0x47,0x0d,0x01,0x0b,0x20,0x01,0x20,0x04,
    0x41,0x01,0x6a,0x22,0x04,0x36,0x02,0x04,0x02,0x40,0x20,0x02,0x28,0x02,0x00,0x22,
    0x07,0x20,0x02,0x20,0x02,0x2c,0x00,0x0b,0x22,0x08,0x41,0x00,0x48,0x1b,0x20,0x04,
    0x6a,0x2d,0x00,0x00,0x41,0x50,0x6a,0x41,0xff,0x01,0x71,0x41,0x09,0x4d,0x0d,0x00,
    0x20,0x00,0x20,0x01,0x20,0x03,0x41,0xe4,0x00,0x6a,0x41,0xd5,0x81,0x84,0x80,0x00,
    0x10,0x8a,0x80,0x80,0x80,0x00,0x22,0x02,0x10,0x85,0x82,0x80,0x80,0x00,0x20,0x02,
    0x10,0x95,0x80,0x80,0x80,0x00,0x1a,0x0c,0x09,0x0b,0x03,0x40,0x20,0x07,0x20,0x02,
    0x20,0x08,0xc0,0x41,0x00,0x48,0x1b,0x22,0x07,0x20,0x04,0x6a,0x2d,0x00,0x00,0x41,
    0x50,0x6a,0x41,0xff,0x01,0x71,0x41,0x09,0x4b,0x0d,0x01,0x20,0x01,0x20,0x04,0x41,
    0x01,0x6a,0x22,0x04,0x36,0x02,0x04,0x20,0x02,0x28,0x02,0x00,0x21,0x07,0x20,0x02,
    0x2d,0x00,0x0b,0x21,0x08,0x0c,0x00,0x0b,0x0b,0x02,0x40,0x20,0x07,0x20,0x04,0x6a,
    0x2d,0x00,0x00,0x41,0x20,0x72,0x41,0xe5,0x00,0x47,0x0d,0x00,0x20,0x01,0x20,0x04,
    0x41,0x01,0x6a,0x22,0x08,0x36,0x02,0x04,0x02,0x40,0x02,0x40,0x20,0x02,0x28,0x02,
    0x00,0x22,0x07,0x20,0x02,0x20,0x02,0x2c,0x00,0x0b,0x22,0x05,0x41,0x00,0x48,0x1b,
    0x20,0x08,0x6a,0x2d,0x00,0x00,0x41,0x55,0x6a,0x0e,0x03,0x00,0x01,0x00,0x01,0x0b,
    0x20,0x01,0x20,0x04,0x41,0x02,0x6a,0x22,0x08,0x36,0x02,0x04,0x20,0x02,0x28,0x02,
    0x00,0x21,0x07,0x20,0x02,0x2d,0x00,0x0b,0x21,0x05,0x0b,0x20,0x07,0x20,0x02,0x20,
    0x05,0xc0,0x41,0x00,0x48,0x1b,0x20,0x08,0x6a,0x2d,0x00,0x00,0x41,0x50,0x6a,0x41,
    0xff,0x01,0x71,0x41,0x09,0x4b,0x0d,0x03,0x03,0x40,0x20,0x07,0x20,0x02,0x20,0x05,
    0xc0,0x41,0x00,0x48,0x1b,0x22,0x07,0x20,0x08,0x6a,0x2d,0x00,0x00,0x41,0x50,0x6a,
    0x41,0xff,0x01,0x71,0x41,0x09,0x4b,0x0d,0x01,0x20,0x01,0x20,0x08,0x41,0x01,0x6a,
    0x22,0x08,0x36,0x02,0x04,0x20,0x02,0x28,0x02,0x00,0x21,0x07,0x20,0x02,0x2d,0x00,
    0x0b,0x21,0x05,0x0c,0x00,0x0b,0x0b,0x20,0x07,0x20,0x06,0x6a,0x10,0x88,0x82,0x80,
    0x80,0x00,0x21,0x09,0x41,0x20,0x10,0xd1,0x80,0x80,0x80,0x00,0x22,0x02,0x20,0x09,
    0x39,0x03,0x18,0x20,0x02,0x41,0x94,0x9c,0x84,0x80,0x00,0x36,0x02,0x00,0x20,0x02,
    0x42,0x00,0x37,0x02,0x04,0x20,0x02,0x41,0xb0,0x9c,0x84,0x80,0x00,0x36,0x02,0x10,
    0x20,0x00,0x20,0x02,0x36,0x02,0x04,0x20,0x00,0x20,0x02,0x41,0x10,0x6a,0x36,0x02,
    0x00,0x0c,0x07,0x0b,0x02,0x40,0x02,0x40,0x02,0x40,0x02,0x40,0x20,0x04,0x41,0x22,
    0x46,0x0d,0x00,0x20,0x04,0x41,0xff,0x01,0x71,0x22,0x07,0x41,0xdb,0x00,0x46,0x0d,
    0x02,0x02,0x40,0x02,0x40,0x20,0x07,0x41,0xe6,0x00,0x46,0x0d,0x00,0x20,0x07,0x41,
    0xee,0x00,0x46,0x0d,0x01,0x20,0x07,0x41,0xfb,0x00,0x46,0x0d,0x03,0x20,0x07,0x41,
    0xf4,0x00,0x47,0x0d,0x05,0x20,0x03,0x41,0xe4,0x00,0x6a,0x41,0xa6,0x8b,0x84,0x80,
    0x00,0x10,0x8a,0x80,0x80,0x80,0x00,0x21,0x02,0x20,0x03,0x20,0x03,0x41,0xc0,0x00,
    0x6a,0x41,0x01,0x10,0xe3,0x80,0x80,0x80,0x00,0x29,0x02,0x00,0x37,0x03,0x00,0x20,
    0x00,0x20,0x01,0x20,0x02,0x20,0x03,0x10,0x89,0x82,0x80,0x80,0x00,0x20,0x02,0x10,
    0x95,0x80,0x80,0x80,0x00,0x1a,0x0c,0x0c,0x0b,0x20,0x03,0x41,0xe4,0x00,0x6a,0x41,
    0xe7,0x8c,0x84,0x80,0x00,0x10,0x8a,0x80,0x80,0x80,0x00,0x21,0x02,0x20,0x03,0x20,
    0x03,0x41,0x38,0x6a,0x41,0x00,0x10,0xe3,0x80,0x80,0x80,0x00,0x29,0x02,0x00,0x37,
    0x03,0x08,0x20,0x00,0x20,0x01,0x20,0x02,0x20,0x03,0x41,0x08,0x6a,0x10,0x89,0x82,
    0x80,0x80,0x00,0x20,0x02,0x10,0x95,0x80,0x80,0x80,0x00,0x1a,0x0c,0x0b,0x0b,0x20,
    0x03,0x41,0xe4,0x00,0x6a,0x41,0xc1,0x88,0x84,0x80,0x00,0x10,0x8a,0x80,0x80,0x80,
    0x00,0x21,0x02,0x20,0x03,0x20,0x03,0x41,0x30,0x6a,0x10,0xef,0x80,0x80,0x80,0x00,
    0x29,0x02,0x00,0x37,0x03,0x10,0x20,0x00,0x20,0x01,0x20,0x02,0x20,0x03,0x41,0x10,
    0x6a,0x10,0x89,0x82,0x80,0x80,0x00,0x20,0x02,0x10,0x95,0x80,0x80,0x80,0x00,0x1a,
    0x0c,0x0a,0x0b,0x20,0x03,0x41,0xe4,0x00,0x6a,0x20,0x01,0x10,0x8a,0x82,0x80,0x80,
    0x00,0x20,0x00,0x20,0x03,0x41,0xe4,0x00,0x6a,0x10,0x91,0x80,0x80,0x80,0x00,0x1a,
    0x20,0x03,0x41,0xe4,0x00,0x6a,0x10,0x95,0x80,0x80,0x80,0x00,0x1a,0x0c,0x09,0x0b,
    0x20,0x03,0x42,0x00,0x37,0x02,0x5c,0x20,0x03,0x20,0x03,0x41,0xdc,0x00,0x6a,0x36,
    0x02,0x58,0x20,0x01,0x10,0x86,0x82,0x80,0x80,0x00,0x22,0x04,0x41,0xfd,0x00,0x46,
    0x0d,0x04,0x20,0x02,0x41,0x01,0x6a,0x21,0x07,0x03,0x40,0x02,0x40,0x20,0x04,0x41,
    0xff,0x01,0x71,0x41,0x22,0x46,0x0d,0x00,0x20,0x03,0x41,0xc8,0x00,0x6a,0x20,0x04,
    0xc0,0x10,0x84,0x82,0x80,0x80,0x00,0x20,0x03,0x41,0xe4,0x00,0x6a,0x41,0x93,0x94,
    0x84,0x80,0x00,0x20,0x03,0x41,0xc8,0x00,0x6a,0x10,0x81,0x81,0x80,0x80,0x00,0x20,
    0x00,0x20,0x01,0x20,0x03,0x41,0xe4,0x00,0x6a,0x10,0x85,0x82,0x80,0x80,0x00,0x20,
    0x03,0x41,0xe4,0x00,0x6a,0x10,0x95,0x80,0x80,0x80,0x00,0x1a,0x20,0x03,0x41,0xc8,
    0x00,0x6a,0x10,0x95,0x80,0x80,0x80,0x00,0x1a,0x0c,0x09,0x0b,0x20,0x03,0x41,0xc8,
    0x00,0x6a,0x20,0x01,0x10,0x8a,0x82,0x80,0x80,0x00,0x02,0x40,0x02,0x40,0x02,0x40,
    0x02,0x40,0x20,0x01,0x2d,0x00,0x0c,0x41,0x01,0x47,0x0d,0x00,0x20,0x00,0x10,0xef,
    0x80,0x80,0x80,0x00,0x1a,0x0c,0x01,0x0b,0x02,0x40,0x20,0x01,0x10,0x86,0x82,0x80,
    0x80,0x00,0x22,0x02,0x41,0x3a,0x46,0x0d,0x00,0x20,0x03,0x41,0x24,0x6a,0x20,0x02,
    0x10,0x84,0x82,0x80,0x80,0x00,0x20,0x03,0x41,0xe4,0x00,0x6a,0x41,0xd9,0x93,0x84,
    0x80,0x00,0x20,0x03,0x41,0x24,0x6a,0x10,0x81,0x81,0x80,0x80,0x00,0x20,0x00,0x20,
    0x01,0x20,0x03,0x41,0xe4,0x00,0x6a,0x10,0x85,0x82,0x80,0x80,0x00,0x20,0x03,0x41,
    0xe4,0x00,0x6a,0x10,0x95,0x80,0x80,0x80,0x00,0x1a,0x20,0x03,0x41,0x24,0x6a,0x10,
    0x95,0x80,0x80,0x80,0x00,0x1a,0x0c,0x01,0x0b,0x20,0x03,0x41,0x1c,0x6a,0x20,0x01,
    0x20,0x07,0x10,0x82,0x82,0x80,0x80,0x00,0x20,0x03,0x41,0x24,0x6a,0x20,0x03,0x41,
    0xd8,0x00,0x6a,0x20,0x03,0x41,0xc8,0x00,0x6a,0x10,0xa5,0x80,0x80,0x80,0x00,0x02,
    0x40,0x20,0x03,0x28,0x02,0x28,0x22,0x04,0x28,0x02,0x00,0x22,0x02,0x0d,0x00,0x41,
    0x24,0x10,0xd1,0x80,0x80,0x80,0x00,0x22,0x02,0x41,0x00,0x36,0x02,0x00,0x20,0x02,
    0x20,0x03,0x29,0x03,0x48,0x37,0x02,0x10,0x20,0x02,0x20,0x03,0x28,0x02,0x50,0x36,
    0x02,0x18,0x20,0x03,0x42,0x00,0x37,0x03,0x48,0x20,0x03,0x41,0x00,0x36,0x02,0x50,
    0x20,0x03,0x20,0x03,0x41,0xd8,0x00,0x6a,0x36,0x02,0x68,0x20,0x02,0x41,0x1c,0x6a,
    0x10,0xef,0x80,0x80,0x80,0x00,0x1a,0x20,0x03,0x41,0x01,0x3a,0x00,0x6c,0x20,0x03,
    0x41,0xd8,0x00,0x6a,0x20,0x03,0x28,0x02,0x24,0x20,0x04,0x20,0x02,0x10,0xa2,0x80,
    0x80,0x80,0x00,0x20,0x03,0x41,0x00,0x36,0x02,0x64,0x20,0x03,0x41,0xe4,0x00,0x6a,
    0x10,0xa3,0x80,0x80,0x80,0x00,0x1a,0x0b,0x20,0x02,0x41,0x1c,0x6a,0x20,0x03,0x41,
    0x1c,0x6a,0x10,0x82,0x81,0x80,0x80,0x00,0x1a,0x20,0x03,0x41,0x1c,0x6a,0x10,0xa7,
    0x80,0x80,0x80,0x00,0x1a,0x02,0x40,0x20,0x01,0x2d,0x00,0x0c,0x41,0x01,0x47,0x0d,
    0x00,0x20,0x00,0x10,0xef,0x80,0x80,0x80,0x00,0x1a,0x0c,0x01,0x0b,0x20,0x01,0x10,
    0x86,0x82,0x80,0x80,0x00,0x22,0x02,0x41,0x2c,0x46,0x0d,0x01,0x20,0x02,0x41,0xff,
    0x01,0x71,0x41,0xfd,0x00,0x46,0x0d,0x02,0x20,0x03,0x41,0x24,0x6a,0x20,0x02,0x10,
    0x84,0x82,0x80,0x80,0x00,0x20,0x03,0x41,0xe4,0x00,0x6a,0x41,0xf6,0x93,0x84,0x80,
    0x00,0x20,0x03,0x41,0x24,0x6a,0x10,0x81,0x81,0x80,0x80,0x00,0x20,0x00,0x20,0x01,
    0x20,0x03,0x41,0xe4,0x00,0x6a,0x10,0x85,0x82,0x80,0x80,0x00,0x20,0x03,0x41,0xe4,
    0x00,0x6a,0x10,0x95,0x80,0x80,0x80,0x00,0x1a,0x20,0x03,0x41,0x24,0x6a,0x10,0x95,
    0x80,0x80,0x80,0x00,0x1a,0x0b,0x20,0x03,0x41,0xc8,0x00,0x6a,0x10,0x95,0x80,0x80,
    0x80,0x00,0x1a,0x0c,0x0a,0x0b,0x20,0x01,0x10,0x86,0x82,0x80,0x80,0x00,0x21,0x04,
    0x20,0x03,0x41,0xc8,0x00,0x6a,0x10,0x95,0x80,0x80,0x80,0x00,0x1a,0x0c,0x01,0x0b,
    0x0b,0x20,0x03,0x41,0xc8,0x00,0x6a,0x10,0x95,0x80,0x80,0x80,0x00,0x1a,0x20,0x00,
    0x20,0x03,0x41,0xd8,0x00,0x6a,0x10,0xe0,0x80,0x80,0x80,0x00,0x1a,0x0c,0x07,0x0b,
    0x20,0x03,0x41,0x00,0x36,0x02,0x6c,0x20,0x03,0x42,0x00,0x37,0x02,0x64,0x20,0x01,
    0x10,0x86,0x82,0x80,0x80,0x00,0x41,0xdd,0x00,0x46,0x0d,0x04,0x20,0x02,0x41,0x01,
    0x6a,0x21,0x02,0x03,0x40,0x20,0x01,0x20,0x01,0x28,0x02,0x04,0x41,0x7f,0x6a,0x36,
    0x02,0x04,0x20,0x03,0x41,0xd8,0x00,0x6a,0x20,0x01,0x20,0x02,0x10,0x82,0x82,0x80,
    0x80,0x00,0x20,0x03,0x41,0xe4,0x00,0x6a,0x20,0x03,0x41,0xd8,0x00,0x6a,0x10,0xb5,
    0x80,0x80,0x80,0x00,0x20,0x03,0x41,0xd8,0x00,0x6a,0x10,0xa7,0x80,0x80,0x80,0x00,
    0x1a,0x02,0x40,0x20,0x01,0x2d,0x00,0x0c,0x41,0x01,0x47,0x0d,0x00,0x20,0x00,0x10,
    0xef,0x80,0x80,0x80,0x00,0x1a,0x0c,0x07,0x0b,0x02,0x40,0x02,0x40,0x20,0x01,0x10,
    0x86,0x82,0x80,0x80,0x00,0x22,0x04,0x41,0x2c,0x46,0x0d,0x00,0x20,0x04,0x41,0xff,
    0x01,0x71,0x41,0xdd,0x00,0x46,0x0d,0x01,0x20,0x03,0x41,0xc8,0x00,0x6a,0x20,0x04,
    0x10,0x84,0x82,0x80,0x80,0x00,0x20,0x03,0x41,0xd8,0x00,0x6a,0x41,0xbe,0x93,0x84,
    0x80,0x00,0x20,0x03,0x41,0xc8,0x00,0x6a,0x10,0x81,0x81,0x80,0x80,0x00,0x20,0x00,
    0x20,0x01,0x20,0x03,0x41,0xd8,0x00,0x6a,0x10,0x85,0x82,0x80,0x80,0x00,0x20,0x03,
    0x41,0xd8,0x00,0x6a,0x10,0x95,0x80,0x80,0x80,0x00,0x1a,0x20,0x03,0x41,0xc8,0x00,
    0x6a,0x10,0x95,0x80,0x80,0x80,0x00,0x1a,0x0c,0x08,0x0b,0x20,0x01,0x10,0x86,0x82,
    0x80,0x80,0x00,0x1a,0x0c,0x01,0x0b,0x0b,0x20,0x00,0x20,0x03,0x41,0xe4,0x00,0x6a,
    0x10,0xb3,0x80,0x80,0x80,0x00,0x1a,0x0c,0x05,0x0b,0x20,0x03,0x41,0xd8,0x00,0x6a,
    0x20,0x04,0x10,0x84,0x82,0x80,0x80,0x00,0x20,0x03,0x41,0xe4,0x00,0x6a,0x41,0xb0,
    0x94,0x84,0x80,0x00,0x20,0x03,0x41,0xd8,0x00,0x6a,0x10,0x81,0x81,0x80,0x80,0x00,
    0x20,0x00,0x20,0x01,0x20,0x03,0x41,0xe4,0x00,0x6a,0x10,0x85,0x82,0x80,0x80,0x00,
    0x20,0x03,0x41,0xe4,0x00,0x6a,0x10,0x95,0x80,0x80,0x80,0x00,0x1a,0x20,0x03,0x41,
    0xd8,0x00,0x6a,0x10,0x95,0x80,0x80,0x80,0x00,0x1a,0x0c,0x06,0x0b,0x20,0x03,0x41,
    0xc8,0x00,0x6a,0x20,0x07,0x10,0x84,0x82,0x80,0x80,0x00,0x20,0x03,0x41,0xd8,0x00,
    0x6a,0x41,0xf4,0x94,0x84,0x80,0x00,0x20,0x03,0x41,0xc8,0x00,0x6a,0x10,0x81,0x81,
    0x80,0x80,0x00,0x20,0x03,0x41,0xe4,0x00,0x6a,0x20,0x03,0x41,0xd8,0x00,0x6a,0x41,
    0x8f,0x86,0x84,0x80,0x00,0x10,0xac,0x80,0x80,0x80,0x00,0x20,0x00,0x20,0x01,0x20,
    0x03,0x41,0xe4,0x00,0x6a,0x10,0x85,0x82,0x80,0x80,0x00,0x20,0x03,0x41,0xe4,0x00,
    0x6a,0x10,0x95,0x80,0x80,0x80,0x00,0x1a,0x20,0x03,0x41,0xd8,0x00,0x6a,0x10,0x95,
    0x80,0x80,0x80,0x00,0x1a,0x20,0x03,0x41,0xc8,0x00,0x6a,0x10,0x95,0x80,0x80,0x80,
    0x00,0x1a,0x0c,0x05,0x0b,0x20,0x00,0x20,0x01,0x20,0x03,0x41,0xe4,0x00,0x6a,0x41,
    0x84,0x82,0x84,0x80,0x00,0x10,0x8a,0x80,0x80,0x80,0x00,0x22,0x02,0x10,0x85,0x82,
    0x80,0x80,0x00,0x20,0x02,0x10,0x95,0x80,0x80,0x80,0x00,0x1a,0x0c,0x04,0x0b,0x20,
    0x00,0x20,0x03,0x41,0xd8,0x00,0x6a,0x10,0xe0,0x80,0x80,0x80,0x00,0x1a,0x0c,0x02,
    0x0b,0x20,0x00,0x20,0x03,0x41,0xe4,0x00,0x6a,0x10,0xb3,0x80,0x80,0x80,0x00,0x1a,
    0x0b,0x20,0x03,0x41,0xe4,0x00,0x6a,0x10,0xbb,0x80,0x80,0x80,0x00,0x1a,0x0c,0x01,
    0x0b,0x20,0x03,0x28,0x02,0x5c,0x10,0x93,0x80,0x80,0x80,0x00,0x0b,0x20,0x03,0x41,
    0xf0,0x00,0x6a,0x24,0x80,0x80,0x80,0x80,0x00,0x0b,0xc5,0x04,0x01,0x05,0x7f,0x23,
    0x80,0x80,0x80,0x80,0x00,0x41,0x10,0x6b,0x22,0x01,0x24,0x80,0x80,0x80,0x80,0x00,
    0x20,0x00,0x10,0x8b,0x82,0x80,0x80,0x00,0x02,0x40,0x20,0x00,0x28,0x02,0x10,0x41,
    0x01,0x47,0x0d,0x00,0x03,0x40,0x41,0x00,0x21,0x02,0x02,0x40,0x20,0x00,0x28,0x02,
    0x00,0x22,0x03,0x28,0x02,0x00,0x20,0x03,0x20,0x03,0x2c,0x00,0x0b,0x41,0x00,0x48,
    0x1b,0x20,0x00,0x28,0x02,0x04,0x22,0x04,0x6a,0x2d,0x00,0x00,0x41,0x2f,0x47,0x0d,
    0x00,0x20,0x00,0x20,0x04,0x41,0x01,0x6a,0x22,0x02,0x36,0x02,0x04,0x02,0x40,0x02,
    0x40,0x02,0x40,0x20,0x02,0x20,0x03,0x28,0x02,0x04,0x20,0x03,0x2c,0x00,0x0b,0x22,
    0x05,0x20,0x05,0x41,0x00,0x48,0x22,0x05,0x1b,0x47,0x0d,0x00,0x20,0x00,0x20,0x01,
    0x41,0x04,0x6a,0x41,0xac,0x82,0x84,0x80,0x00,0x10,0x8a,0x80,0x80,0x80,0x00,0x22,
    0x03,0x10,0x8c,0x82,0x80,0x80,0x00,0x20,0x03,0x10,0x95,0x80,0x80,0x80,0x00,0x1a,
    0x0c,0x01,0x0b,0x02,0x40,0x02,0x40,0x20,0x03,0x28,0x02,0x00,0x20,0x03,0x20,0x05,
    0x1b,0x20,0x02,0x6a,0x2d,0x00,0x00,0x22,0x02,0x41,0x2a,0x46,0x0d,0x00,0x20,0x02,
    0x41,0x2f,0x47,0x0d,0x01,0x20,0x04,0x41,0x02,0x6a,0x21,0x04,0x03,0x40,0x20,0x00,
    0x20,0x04,0x36,0x02,0x04,0x20,0x04,0x20,0x03,0x28,0x02,0x04,0x20,0x03,0x2c,0x00,
    0x0b,0x22,0x02,0x20,0x02,0x41,0x00,0x48,0x22,0x05,0x1b,0x4f,0x0d,0x04,0x41,0x01,
    0x21,0x02,0x20,0x03,0x28,0x02,0x00,0x20,0x03,0x20,0x05,0x1b,0x20,0x04,0x6a,0x21,
    0x05,0x20,0x04,0x41,0x01,0x6a,0x21,0x04,0x20,0x05,0x2d,0x00,0x00,0x41,0x0a,0x47,
    0x0d,0x00,0x0c,0x05,0x0b,0x0b,0x20,0x00,0x20,0x04,0x41,0x02,0x6a,0x22,0x04,0x36,
    0x02,0x04,0x02,0x40,0x20,0x04,0x20,0x03,0x28,0x02,0x04,0x20,0x03,0x2c,0x00,0x0b,
    0x22,0x02,0x20,0x02,0x41,0x00,0x48,0x1b,0x41,0x7e,0x6a,0x4d,0x0d,0x00,0x20,0x00,
    0x20,0x01,0x41,0x04,0x6a,0x41,0xdb,0x82,0x84,0x80,0x00,0x10,0x8a,0x80,0x80,0x80,
    0x00,0x22,0x03,0x10,0x8c,0x82,0x80,0x80,0x00,0x20,0x03,0x10,0x95,0x80,0x80,0x80,
    0x00,0x1a,0x0c,0x02,0x0b,0x02,0x40,0x03,0x40,0x02,0x40,0x20,0x03,0x28,0x02,0x00,
    0x20,0x03,0x20,0x02,0xc0,0x41,0x00,0x48,0x1b,0x20,0x04,0x6a,0x22,0x02,0x2d,0x00,
    0x00,0x41,0x2a,0x47,0x0d,0x00,0x20,0x02,0x41,0x01,0x6a,0x2d,0x00,0x00,0x41,0x2f,
    0x46,0x0d,0x02,0x0b,0x20,0x00,0x20,0x04,0x41,0x01,0x6a,0x22,0x04,0x36,0x02,0x04,
    0x20,0x04,0x20,0x03,0x28,0x02,0x04,0x20,0x03,0x2c,0x00,0x0b,0x22,0x02,0x20,0x02,
    0x41,0x00,0x48,0x1b,0x41,0x7e,0x6a,0x4d,0x0d,0x00,0x0b,0x20,0x00,0x20,0x01,0x41,
    0x04,0x6a,0x41,0xdb,0x82,0x84,0x80,0x00,0x10,0x8a,0x80,0x80,0x80,0x00,0x22,0x03,
    0x10,0x8c,0x82,0x80,0x80,0x00,0x20,0x03,0x10,0x95,0x80,0x80,0x80,0x00,0x1a,0x0c,
    0x02,0x0b,0x20,0x00,0x20,0x04,0x41,0x02,0x6a,0x36,0x02,0x04,0x0c,0x02,0x0b,0x20,
    0x00,0x20,0x01,0x41,0x04,0x6a,0x41,0x8d,0x83,0x84,0x80,0x00,0x10,0x8a,0x80,0x80,
    0x80,0x00,0x22,0x03,0x10,0x8c,0x82,0x80,0x80,0x00,0x20,0x03,0x10,0x95,0x80,0x80,
    0x80,0x00,0x1a,0x0b,0x41,0x00,0x21,0x02,0x0c,0x01,0x0b,0x41,0x01,0x21,0x02,0x0b,
    0x20,0x00,0x2d,0x00,0x0c,0x0d,0x01,0x20,0x00,0x10,0x8b,0x82,0x80,0x80,0x00,0x20,
    0x02,0x0d,0x00,0x0b,0x0b,0x20,0x01,0x41,0x10,0x6a,0x24,0x80,0x80,0x80,0x80,0x00,
    0x0b,0x7f,0x01,0x01,0x7f,0x23,0x80,0x80,0x80,0x80,0x00,0x41,0x20,0x6b,0x22,0x02,
    0x24,0x80,0x80,0x80,0x80,0x00,0x02,0x40,0x02,0x40,0x20,0x01,0x41,0x20,0x48,0x0d,
    0x00,0x20,0x02,0x20,0x01,0x36,0x02,0x04,0x20,0x02,0x20,0x01,0x36,0x02,0x00,0x20,
    0x02,0x41,0x14,0x6a,0x41,0x0c,0x41,0xad,0x92,0x84,0x80,0x00,0x20,0x02,0x10,0xc2,
    0x81,0x80,0x80,0x00,0x0c,0x01,0x0b,0x20,0x02,0x20,0x01,0x36,0x02,0x10,0x20,0x02,
    0x41,0x14,0x6a,0x41,0x0c,0x41,0xb2,0x92,0x84,0x80,0x00,0x20,0x02,0x41,0x10,0x6a,
    0x10,0xc2,0x81,0x80,0x80,0x00,0x0b,0x20,0x00,0x20,0x02,0x41,0x14,0x6a,0x10,0x8a,
    0x80,0x80,0x80,0x00,0x1a,0x20,0x02,0x41,0x20,0x6a,0x24,0x80,0x80,0x80,0x80,0x00,
    0x0b,0x92,0x01,0x03,0x01,0x7f,0x02,0x7e,0x02,0x7f,0x23,0x80,0x80,0x80,0x80,0x00,
    0x41,0x10,0x6b,0x22,0x03,0x24,0x80,0x80,0x80,0x80,0x00,0x20,0x03,0x20,0x03,0x10,
    0xef,0x80,0x80,0x80,0x00,0x29,0x03,0x00,0x22,0x04,0x37,0x03,0x08,0x20,0x04,0x42,
    0x20,0x88,0x22,0x05,0xa7,0x21,0x06,0x20,0x04,0xa7,0x21,0x07,0x02,0x40,0x20,0x01,
    0x2d,0x00,0x0c,0x0d,0x00,0x20,0x01,0x28,0x02,0x08,0x20,0x02,0x10,0x80,0x81,0x80,
    0x80,0x00,0x0b,0x20,0x00,0x20,0x06,0x36,0x02,0x04,0x20,0x00,0x20,0x07,0x36,0x02,
    0x00,0x20,0x01,0x41,0x01,0x3a,0x00,0x0c,0x02,0x40,0x20,0x05,0x50,0x0d,0x00,0x20,
    0x06,0x20,0x06,0x28,0x02,0x04,0x41,0x01,0x6a,0x36,0x02,0x04,0x0b,0x20,0x03,0x41,
    0x08,0x6a,0x10,0xa7,0x80,0x80,0x80,0x00,0x1a,0x20,0x03,0x41,0x10,0x6a,0x24,0x80,
    0x80,0x80,0x80,0x00,0x0b,0xbf,0x01,0x01,0x04,0x7f,0x23,0x80,0x80,0x80,0x80,0x00,
    0x41,0x10,0x6b,0x22,0x01,0x24,0x80,0x80,0x80,0x80,0x00,0x20,0x00,0x10,0x83,0x82,
    0x80,0x80,0x00,0x41,0x00,0x21,0x02,0x02,0x40,0x20,0x00,0x2d,0x00,0x0c,0x0d,0x00,
    0x02,0x40,0x20,0x00,0x28,0x02,0x04,0x22,0x03,0x20,0x00,0x28,0x02,0x00,0x22,0x02,
    0x28,0x02,0x04,0x20,0x02,0x2c,0x00,0x0b,0x22,0x04,0x20,0x04,0x41,0x00,0x48,0x1b,
    0x47,0x0d,0x00,0x20,0x01,0x41,0x04,0x6a,0x41,0x89,0x81,0x84,0x80,0x00,0x10,0x8a,
    0x80,0x80,0x80,0x00,0x21,0x02,0x02,0x40,0x20,0x00,0x2d,0x00,0x0c,0x0d,0x00,0x20,
    0x00,0x28,0x02,0x08,0x20,0x02,0x10,0x80,0x81,0x80,0x80,0x00,0x0b,0x20,0x00,0x41,
    0x01,0x3a,0x00,0x0c,0x20,0x02,0x10,0x95,0x80,0x80,0x80,0x00,0x1a,0x41,0x00,0x21,
    0x02,0x0c,0x01,0x0b,0x20,0x00,0x20,0x03,0x41,0x01,0x6a,0x36,0x02,0x04,0x20,0x02,
    0x28,0x02,0x00,0x20,0x02,0x20,0x02,0x2c,0x00,0x0b,0x41,0x00,0x48,0x1b,0x20,0x03,
    0x6a,0x2d,0x00,0x00,0x21,0x02,0x0b,0x20,0x01,0x41,0x10,0x6a,0x24,0x80,0x80,0x80,
    0x80,0x00,0x20,0x02,0xc0,0x0b,0xa6,0x01,0x01,0x05,0x7f,0x03,0x40,0x20,0x00,0x22,
    0x01,0x41,0x01,0x6a,0x21,0x00,0x20,0x01,0x2c,0x00,0x00,0x22,0x02,0x41,0x72,0x6a,
    0x21,0x03,0x20,0x02,0x41,0xff,0x01,0x71,0x22,0x04,0x41,0x20,0x46,0x0d,0x00,0x20,
    0x03,0x41,0x7a,0x4b,0x0d,0x00,0x0b,0x41,0x01,0x21,0x05,0x02,0x40,0x02,0x40,0x02,
    0x40,0x20,0x04,0x41,0x55,0x6a,0x0e,0x03,0x01,0x02,0x00,0x02,0x0b,0x41,0x00,0x21,
    0x05,0x0b,0x20,0x00,0x2c,0x00,0x00,0x21,0x02,0x20,0x00,0x21,0x01,0x0b,0x41,0x00,
    0x21,0x03,0x02,0x40,0x20,0x02,0x41,0x50,0x6a,0x22,0x02,0x41,0x09,0x4b,0x0d,0x00,
    0x20,0x01,0x41,0x01,0x6a,0x21,0x00,0x41,0x00,0x21,0x03,0x03,0x40,0x20,0x03,0x41,
    0x0a,0x6c,0x20,0x02,0x6b,0x21,0x03,0x20,0x00,0x2c,0x00,0x00,0x21,0x02,0x20,0x00,
    0x41,0x01,0x6a,0x21,0x00,0x20,0x02,0x41,0x50,0x6a,0x22,0x02,0x41,0x0a,0x49,0x0d,
    0x00,0x0b,0x0b,0x41,0x00,0x20,0x03,0x6b,0x20,0x03,0x20,0x05,0x1b,0x0b,0xa2,0x2c,
    0x0a,0x03,0x7f,0x01,0x7c,0x02,0x7f,0x01,0x7e,0x02,0x7f,0x01,0x7e,0x02,0x7f,0x01,
    0x7e,0x05,0x7f,0x03,0x7c,0x23,0x80,0x80,0x80,0x80,0x00,0x41,0xf0,0x04,0x6b,0x22,
    0x01,0x24,0x80,0x80,0x80,0x80,0x00,0x20,0x01,0x20,0x00,0x36,0x02,0x28,0x20,0x01,
    0x20,0x00,0x36,0x02,0x04,0x20,0x01,0x42,0x00,0x37,0x03,0x58,0x41,0x7f,0x21,0x02,
    0x20,0x01,0x41,0x7f,0x36,0x02,0x08,0x20,0x01,0x42,0x00,0x37,0x03,0x60,0x20,0x01,
    0x41,0x7f,0x36,0x02,0x54,0x02,0x40,0x02,0x40,0x03,0x40,0x02,0x40,0x02,0x40,0x20,
    0x00,0x20,0x02,0x46,0x0d,0x00,0x20,0x01,0x20,0x00,0x41,0x01,0x6a,0x36,0x02,0x04,
    0x20,0x00,0x2d,0x00,0x00,0x21,0x00,0x0c,0x01,0x0b,0x20,0x01,0x10,0xa3,0x82,0x80,
    0x80,0x00,0x21,0x00,0x0b,0x02,0x40,0x02,0x40,0x20,0x00,0x41,0x77,0x6a,0x41,0x05,
    0x49,0x0d,0x00,0x20,0x00,0x41,0x60,0x6a,0x0e,0x0e,0x00,0x03,0x03,0x03,0x03,0x03,
    0x03,0x03,0x03,0x03,0x03,0x01,0x03,0x01,0x03,0x0b,0x20,0x01,0x28,0x02,0x54,0x21,
    0x02,0x20,0x01,0x28,0x02,0x04,0x21,0x00,0x0c,0x01,0x0b,0x0b,0x41,0x7f,0x41,0x01,
    0x20,0x00,0x41,0x2d,0x46,0x1b,0x21,0x03,0x02,0x40,0x20,0x01,0x28,0x02,0x04,0x22,
    0x00,0x20,0x01,0x28,0x02,0x54,0x46,0x0d,0x00,0x20,0x01,0x20,0x00,0x41,0x01,0x6a,
    0x36,0x02,0x04,0x20,0x00,0x2d,0x00,0x00,0x21,0x00,0x0c,0x02,0x0b,0x20,0x01,0x10,
    0xa3,0x82,0x80,0x80,0x00,0x21,0x00,0x0c,0x01,0x0b,0x41,0x01,0x21,0x03,0x0b,0x02,
    0x40,0x02,0x40,0x02,0x40,0x02,0x40,0x02,0x40,0x20,0x00,0x41,0x5f,0x71,0x41,0xb7,
    0x7f,0x6a,0x0e,0x06,0x00,0x03,0x03,0x03,0x03,0x01,0x03,0x0b,0x02,0x40,0x02,0x40,
    0x20,0x01,0x28,0x02,0x04,0x22,0x00,0x20,0x01,0x28,0x02,0x54,0x46,0x0d,0x00,0x20,
    0x01,0x20,0x00,0x41,0x01,0x6a,0x22,0x02,0x36,0x02,0x04,0x20,0x00,0x2d,0x00,0x00,
    0x21,0x00,0x0c,0x01,0x0b,0x20,0x01,0x10,0xa3,0x82,0x80,0x80,0x00,0x21,0x00,0x20,
    0x01,0x28,0x02,0x04,0x21,0x02,0x0b,0x20,0x00,0x41,0x5f,0x71,0x41,0xce,0x00,0x47,
    0x0d,0x01,0x02,0x40,0x02,0x40,0x20,0x02,0x20,0x01,0x28,0x02,0x54,0x46,0x0d,0x00,
    0x20,0x01,0x20,0x02,0x41,0x01,0x6a,0x22,0x00,0x36,0x02,0x04,0x20,0x02,0x2d,0x00,
    0x00,0x21,0x02,0x0c,0x01,0x0b,0x20,0x01,0x10,0xa3,0x82,0x80,0x80,0x00,0x21,0x02,
    0x20,0x01,0x28,0x02,0x04,0x21,0x00,0x0b,0x20,0x02,0x41,0x5f,0x71,0x41,0xc6,0x00,
    0x47,0x0d,0x01,0x02,0x40,0x02,0x40,0x20,0x00,0x20,0x01,0x28,0x02,0x54,0x46,0x0d,
    0x00,0x20,0x01,0x20,0x00,0x41,0x01,0x6a,0x36,0x02,0x04,0x20,0x00,0x2d,0x00,0x00,
    0x21,0x00,0x0c,0x01,0x0b,0x20,0x01,0x10,0xa3,0x82,0x80,0x80,0x00,0x21,0x00,0x0b,
    0x02,0x40,0x20,0x00,0x41,0x5f,0x71,0x41,0xc9,0x00,0x47,0x0d,0x00,0x02,0x40,0x02,
    0x40,0x20,0x01,0x28,0x02,0x04,0x22,0x00,0x20,0x01,0x28,0x02,0x54,0x46,0x0d,0x00,
    0x20,0x01,0x20,0x00,0x41,0x01,0x6a,0x36,0x02,0x04,0x20,0x00,0x2d,0x00,0x00,0x21,
    0x00,0x0c,0x01,0x0b,0x20,0x01,0x10,0xa3,0x82,0x80,0x80,0x00,0x21,0x00,0x0b,0x20,
    0x00,0x41,0x5f,0x71,0x41,0xce,0x00,0x47,0x0d,0x00,0x02,0x40,0x02,0x40,0x20,0x01,
    0x28,0x02,0x04,0x22,0x00,0x20,0x01,0x28,0x02,0x54,0x46,0x0d,0x00,0x20,0x01,0x20,
    0x00,0x41,0x01,0x6a,0x36,0x02,0x04,0x20,0x00,0x2d,0x00,0x00,0x21,0x00,0x0c,0x01,
    0x0b,0x20,0x01,0x10,0xa3,0x82,0x80,0x80,0x00,0x21,0x00,0x0b,0x20,0x00,0x41,0x5f,
    0x71,0x41,0xc9,0x00,0x47,0x0d,0x00,0x02,0x40,0x02,0x40,0x20,0x01,0x28,0x02,0x04,
    0x22,0x00,0x20,0x01,0x28,0x02,0x54,0x46,0x0d,0x00,0x20,0x01,0x20,0x00,0x41,0x01,
    0x6a,0x36,0x02,0x04,0x20,0x00,0x2d,0x00,0x00,0x21,0x00,0x0c,0x01,0x0b,0x20,0x01,
    0x10,0xa3,0x82,0x80,0x80,0x00,0x21,0x00,0x0b,0x20,0x00,0x41,0x5f,0x71,0x41,0xd4,
    0x00,0x47,0x0d,0x00,0x02,0x40,0x20,0x01,0x28,0x02,0x04,0x22,0x00,0x20,0x01,0x28,
    0x02,0x54,0x46,0x0d,0x00,0x20,0x01,0x20,0x00,0x41,0x01,0x6a,0x36,0x02,0x04,0x0c,
    0x01,0x0b,0x20,0x01,0x10,0xa3,0x82,0x80,0x80,0x00,0x1a,0x0b,0x20,0x03,0xb2,0x43,
    0x00,0x00,0x80,0x7f,0x94,0xbb,0x21,0x04,0x0c,0x03,0x0b,0x02,0x40,0x02,0x40,0x20,
    0x01,0x28,0x02,0x04,0x22,0x00,0x20,0x01,0x28,0x02,0x54,0x46,0x0d,0x00,0x20,0x01,
    0x20,0x00,0x41,0x01,0x6a,0x22,0x02,0x36,0x02,0x04,0x20,0x00,0x2d,0x00,0x00,0x21,
    0x00,0x0c,0x01,0x0b,0x20,0x01,0x10,0xa3,0x82,0x80,0x80,0x00,0x21,0x00,0x20,0x01,
    0x28,0x02,0x04,0x21,0x02,0x0b,0x20,0x00,0x41,0x5f,0x71,0x41,0xc1,0x00,0x47,0x0d,
    0x00,0x02,0x40,0x02,0x40,0x20,0x02,0x20,0x01,0x28,0x02,0x54,0x46,0x0d,0x00,0x20,
    0x01,0x20,0x02,0x41,0x01,0x6a,0x22,0x00,0x36,0x02,0x04,0x20,0x02,0x2d,0x00,0x00,
    0x21,0x02,0x0c,0x01,0x0b,0x20,0x01,0x10,0xa3,0x82,0x80,0x80,0x00,0x21,0x02,0x20,
    0x01,0x28,0x02,0x04,0x21,0x00,0x0b,0x20,0x02,0x41,0x5f,0x71,0x41,0xce,0x00,0x47,
    0x0d,0x00,0x02,0x40,0x02,0x40,0x20,0x00,0x20,0x01,0x28,0x02,0x54,0x46,0x0d,0x00,
    0x20,0x01,0x20,0x00,0x41,0x01,0x6a,0x36,0x02,0x04,0x20,0x00,0x2d,0x00,0x00,0x21,
    0x00,0x0c,0x01,0x0b,0x20,0x01,0x10,0xa3,0x82,0x80,0x80,0x00,0x21,0x00,0x0b,0x44,
    0x00,0x00,0x00,0x00,0x00,0x00,0xf8,0x7f,0x21,0x04,0x20,0x00,0x41,0x28,0x47,0x0d,
    0x02,0x41,0x01,0x21,0x05,0x41,0x01,0x21,0x02,0x03,0x40,0x02,0x40,0x02,0x40,0x20,
    0x01,0x28,0x02,0x04,0x22,0x00,0x20,0x01,0x28,0x02,0x54,0x46,0x0d,0x00,0x20,0x01,
    0x20,0x00,0x41,0x01,0x6a,0x36,0x02,0x04,0x20,0x00,0x2d,0x00,0x00,0x21,0x00,0x0c,
    0x01,0x0b,0x20,0x01,0x10,0xa3,0x82,0x80,0x80,0x00,0x21,0x00,0x0b,0x20,0x00,0x41,
    0xbf,0x7f,0x6a,0x21,0x06,0x02,0x40,0x20,0x00,0x41,0x50,0x6a,0x41,0x0a,0x49,0x0d,
    0x00,0x20,0x06,0x41,0x1a,0x49,0x0d,0x00,0x20,0x00,0x41,0x9f,0x7f,0x6a,0x21,0x06,
    0x20,0x00,0x41,0xdf,0x00,0x46,0x0d,0x00,0x20,0x06,0x41,0x1a,0x49,0x0d,0x00,0x20,
    0x00,0x41,0x29,0x46,0x0d,0x04,0x02,0x40,0x20,0x01,0x29,0x03,0x58,0x22,0x07,0x42,
    0x00,0x53,0x0d,0x00,0x20,0x01,0x20,0x01,0x28,0x02,0x04,0x41,0x7f,0x6a,0x36,0x02,
    0x04,0x0b,0x20,0x02,0x45,0x0d,0x04,0x20,0x02,0x41,0x03,0x71,0x45,0x0d,0x04,0x20,
    0x05,0x41,0x03,0x71,0x21,0x00,0x20,0x01,0x28,0x02,0x04,0x21,0x02,0x03,0x40,0x02,
    0x40,0x20,0x07,0x42,0x00,0x53,0x0d,0x00,0x20,0x01,0x20,0x02,0x41,0x7f,0x6a,0x22,
    0x02,0x36,0x02,0x04,0x0b,0x20,0x00,0x41,0x7f,0x6a,0x22,0x00,0x0d,0x00,0x0c,0x05,
    0x0b,0x0b,0x20,0x05,0x41,0x01,0x6a,0x21,0x05,0x20,0x02,0x41,0x01,0x6a,0x21,0x02,
    0x0c,0x00,0x0b,0x0b,0x41,0x00,0x41,0x1c,0x36,0x02,0xf0,0xbe,0x84,0x80,0x00,0x44,
    0x00,0x00,0x00,0x00,0x00,0x00,0x00,0x00,0x21,0x04,0x0c,0x01,0x0b,0x02,0x40,0x02,
    0x40,0x02,0x40,0x02,0x40,0x02,0x40,0x02,0x40,0x02,0x40,0x02,0x40,0x02,0x40,0x20,
    0x00,0x41,0x30,0x47,0x0d,0x00,0x02,0x40,0x02,0x40,0x20,0x01,0x28,0x02,0x04,0x22,
    0x00,0x20,0x01,0x28,0x02,0x54,0x46,0x0d,0x00,0x20,0x01,0x20,0x00,0x41,0x01,0x6a,
    0x36,0x02,0x04,0x20,0x00,0x2d,0x00,0x00,0x21,0x00,0x0c,0x01,0x0b,0x20,0x01,0x10,
    0xa3,0x82,0x80,0x80,0x00,0x21,0x00,0x0b,0x02,0x40,0x20,0x00,0x41,0x5f,0x71,0x41,
    0xd8,0x00,0x47,0x0d,0x00,0x02,0x40,0x02,0x40,0x20,0x01,0x28,0x02,0x04,0x22,0x00,
    0x20,0x01,0x28,0x02,0x54,0x46,0x0d,0x00,0x20,0x01,0x20,0x00,0x41,0x01,0x6a,0x36,
    0x02,0x04,0x20,0x00,0x2d,0x00,0x00,0x21,0x00,0x0c,0x01,0x0b,0x20,0x01,0x10,0xa3,
    0x82,0x80,0x80,0x00,0x21,0x00,0x0b,0x42,0x00,0x21,0x07,0x41,0x00,0x21,0x02,0x41,
    0x00,0x21,0x08,0x41,0x00,0x21,0x09,0x42,0x00,0x21,0x0a,0x02,0x40,0x20,0x00,0x41,
    0x52,0x6a,0x0e,0x03,0x08,0x0a,0x00,0x0a,0x0b,0x02,0x40,0x02,0x40,0x20,0x01,0x28,
    0x02,0x04,0x22,0x00,0x20,0x01,0x28,0x02,0x54,0x46,0x0d,0x00,0x20,0x01,0x20,0x00,
    0x41,0x01,0x6a,0x36,0x02,0x04,0x20,0x00,0x2d,0x00,0x00,0x21,0x00,0x0c,0x01,0x0b,
    0x20,0x01,0x10,0xa3,0x82,0x80,0x80,0x00,0x21,0x00,0x0b,0x02,0x40,0x03,0x40,0x02,
    0x40,0x20,0x00,0x41,0x30,0x46,0x0d,0x00,0x20,0x00,0x41,0x2e,0x47,0x0d,0x02,0x41,
    0x01,0x21,0x02,0x0c,0x0a,0x0b,0x02,0x40,0x20,0x01,0x28,0x02,0x04,0x22,0x00,0x20,
    0x01,0x28,0x02,0x54,0x46,0x0d,0x00,0x20,0x01,0x20,0x00,0x41,0x01,0x6a,0x36,0x02,
    0x04,0x20,0x00,0x2d,0x00,0x00,0x21,0x00,0x0c,0x01,0x0b,0x20,0x01,0x10,0xa3,0x82,
    0x80,0x80,0x00,0x21,0x00,0x0c,0x00,0x0b,0x0b,0x41,0x01,0x21,0x09,0x41,0x00,0x21,
    0x08,0x0c,0x08,0x0b,0x20,0x01,0x28,0x02,0x04,0x21,0x00,0x02,0x40,0x20,0x01,0x29,
    0x03,0x58,0x42,0x00,0x53,0x0d,0x00,0x20,0x01,0x20,0x00,0x41,0x7f,0x6a,0x22,0x00,
    0x36,0x02,0x04,0x0b,0x20,0x00,0x20,0x01,0x28,0x02,0x54,0x46,0x0d,0x01,0x20,0x01,
    0x20,0x00,0x41,0x01,0x6a,0x36,0x02,0x04,0x20,0x00,0x2d,0x00,0x00,0x21,0x00,0x0c,
    0x02,0x0b,0x41,0x00,0x21,0x08,0x20,0x00,0x41,0x2e,0x46,0x0d,0x02,0x42,0x00,0x21,
    0x07,0x41,0x00,0x21,0x06,0x0c,0x04,0x0b,0x20,0x01,0x10,0xa3,0x82,0x80,0x80,0x00,
    0x21,0x00,0x0b,0x02,0x40,0x03,0x40,0x02,0x40,0x20,0x00,0x41,0x30,0x46,0x0d,0x00,
    0x20,0x00,0x41,0x2e,0x47,0x0d,0x02,0x41,0x01,0x21,0x08,0x0c,0x03,0x0b,0x02,0x40,
    0x20,0x01,0x28,0x02,0x04,0x22,0x00,0x20,0x01,0x28,0x02,0x54,0x46,0x0d,0x00,0x20,
    0x01,0x20,0x00,0x41,0x01,0x6a,0x36,0x02,0x04,0x20,0x00,0x2d,0x00,0x00,0x21,0x00,
    0x0c,0x01,0x0b,0x20,0x01,0x10,0xa3,0x82,0x80,0x80,0x00,0x21,0x00,0x0c,0x00,0x0b,
    0x0b,0x41,0x00,0x21,0x06,0x41,0x01,0x21,0x08,0x0c,0x01,0x0b,0x02,0x40,0x02,0x40,
    0x20,0x01,0x28,0x02,0x04,0x22,0x00,0x20,0x01,0x28,0x02,0x54,0x46,0x0d,0x00,0x20,
    0x01,0x20,0x00,0x41,0x01,0x6a,0x36,0x02,0x04,0x20,0x00,0x2d,0x00,0x00,0x21,0x00,
    0x0c,0x01,0x0b,0x20,0x01,0x10,0xa3,0x82,0x80,0x80,0x00,0x21,0x00,0x0b,0x02,0x40,
    0x20,0x00,0x41,0x30,0x46,0x0d,0x00,0x41,0x01,0x21,0x06,0x0c,0x01,0x0b,0x42,0x00,
    0x21,0x07,0x03,0x40,0x02,0x40,0x02,0x40,0x20,0x01,0x28,0x02,0x04,0x22,0x00,0x20,
    0x01,0x28,0x02,0x54,0x46,0x0d,0x00,0x20,0x01,0x20,0x00,0x41,0x01,0x6a,0x36,0x02,
    0x04,0x20,0x00,0x2d,0x00,0x00,0x21,0x00,0x0c,0x01,0x0b,0x20,0x01,0x10,0xa3,0x82,
    0x80,0x80,0x00,0x21,0x00,0x0b,0x20,0x07,0x42,0x7f,0x7c,0x21,0x07,0x20,0x00,0x41,
    0x30,0x46,0x0d,0x00,0x0b,0x41,0x01,0x21,0x08,0x41,0x01,0x21,0x06,0x0c,0x01,0x0b,
    0x42,0x00,0x21,0x07,0x0b,0x41,0x00,0x21,0x09,0x20,0x01,0x41,0x00,0x36,0x02,0x70,
    0x20,0x00,0x41,0x50,0x6a,0x21,0x05,0x02,0x40,0x02,0x40,0x02,0x40,0x02,0x40,0x02,
    0x40,0x20,0x00,0x41,0x2e,0x46,0x22,0x02,0x0d,0x00,0x42,0x00,0x21,0x0a,0x20,0x05,
    0x41,0x09,0x4d,0x0d,0x00,0x41,0x00,0x21,0x0b,0x41,0x00,0x21,0x0c,0x0c,0x01,0x0b,
    0x42,0x00,0x21,0x0a,0x41,0x00,0x21,0x0c,0x41,0x00,0x21,0x09,0x41,0x00,0x21,0x0b,
    0x03,0x40,0x02,0x40,0x02,0x40,0x20,0x02,0x41,0x01,0x71,0x45,0x0d,0x00,0x02,0x40,
    0x20,0x06,0x0d,0x00,0x20,0x0a,0x21,0x07,0x41,0x01,0x21,0x06,0x0c,0x02,0x0b,0x20,
    0x08,0x45,0x21,0x02,0x0c,0x04,0x0b,0x20,0x0a,0x42,0x01,0x7c,0x21,0x0a,0x02,0x40,
    0x20,0x09,0x41,0xfc,0x00,0x4a,0x0d,0x00,0x20,0x0a,0xa7,0x21,0x08,0x20,0x01,0x41,
    0xf0,0x00,0x6a,0x20,0x09,0x41,0x02,0x74,0x6a,0x21,0x02,0x02,0x40,0x20,0x0c,0x45,
    0x0d,0x00,0x20,0x00,0x20,0x02,0x28,0x02,0x00,0x41,0x0a,0x6c,0x6a,0x41,0x50,0x6a,
    0x21,0x05,0x0b,0x20,0x0b,0x20,0x08,0x20,0x00,0x41,0x30,0x46,0x1b,0x21,0x0b,0x20,
    0x02,0x20,0x05,0x36,0x02,0x00,0x41,0x01,0x21,0x08,0x41,0x00,0x20,0x0c,0x41,0x01,
    0x6a,0x22,0x00,0x20,0x00,0x41,0x09,0x46,0x22,0x00,0x1b,0x21,0x0c,0x20,0x09,0x20,
    0x00,0x6a,0x21,0x09,0x0c,0x01,0x0b,0x20,0x00,0x41,0x30,0x46,0x0d,0x00,0x20,0x01,
    0x20,0x01,0x28,0x02,0xe0,0x04,0x41,0x01,0x72,0x36,0x02,0xe0,0x04,0x41,0xdc,0x08,
    0x21,0x0b,0x0b,0x02,0x40,0x02,0x40,0x20,0x01,0x28,0x02,0x04,0x22,0x00,0x20,0x01,
    0x28,0x02,0x54,0x46,0x0d,0x00,0x20,0x01,0x20,0x00,0x41,0x01,0x6a,0x36,0x02,0x04,
    0x20,0x00,0x2d,0x00,0x00,0x21,0x00,0x0c,0x01,0x0b,0x20,0x01,0x10,0xa3,0x82,0x80,
    0x80,0x00,0x21,0x00,0x0b,0x20,0x00,0x41,0x50,0x6a,0x21,0x05,0x20,0x00,0x41,0x2e,
    0x46,0x22,0x02,0x0d,0x00,0x20,0x05,0x41,0x0a,0x49,0x0d,0x00,0x0b,0x0b,0x20,0x07,
    0x20,0x0a,0x20,0x06,0x1b,0x21,0x07,0x02,0x40,0x20,0x08,0x45,0x0d,0x00,0x20,0x00,
    0x41,0x5f,0x71,0x41,0xc5,0x00,0x47,0x0d,0x00,0x42,0x00,0x20,0x01,0x10,0xab,0x82,
    0x80,0x80,0x00,0x22,0x0d,0x20,0x0d,0x42,0x80,0x80,0x80,0x80,0x80,0x80,0x80,0x80,
    0x80,0x7f,0x51,0x1b,0x20,0x07,0x7c,0x21,0x07,0x0c,0x03,0x0b,0x20,0x08,0x45,0x21,
    0x02,0x20,0x00,0x41,0x00,0x48,0x0d,0x01,0x0b,0x20,0x01,0x29,0x03,0x58,0x42,0x00,
    0x53,0x1a,0x0b,0x20,0x02,0x45,0x0d,0x00,0x41,0x00,0x41,0x1c,0x36,0x02,0xf0,0xbe,
    0x84,0x80,0x00,0x44,0x00,0x00,0x00,0x00,0x00,0x00,0x00,0x00,0x21,0x04,0x0c,0x04,
    0x0b,0x02,0x40,0x20,0x01,0x28,0x02,0x70,0x22,0x00,0x0d,0x00,0x44,0x00,0x00,0x00,
    0x00,0x00,0x00,0x00,0x00,0x20,0x03,0xb7,0xa6,0x21,0x04,0x0c,0x04,0x0b,0x02,0x40,
    0x20,0x0a,0x42,0x09,0x55,0x0d,0x00,0x20,0x07,0x20,0x0a,0x52,0x0d,0x00,0x20,0x03,
    0xb7,0x20,0x00,0xb8,0xa2,0x21,0x04,0x0c,0x04,0x0b,0x02,0x40,0x20,0x07,0x42,0x9a,
    0x04,0x53,0x0d,0x00,0x41,0x00,0x41,0xc4,0x00,0x36,0x02,0xf0,0xbe,0x84,0x80,0x00,
    0x20,0x03,0xb7,0x44,0xff,0xff,0xff,0xff,0xff,0xff,0xef,0x7f,0xa2,0x44,0xff,0xff,
    0xff,0xff,0xff,0xff,0xef,0x7f,0xa2,0x21,0x04,0x0c,0x04,0x0b,0x02,0x40,0x20,0x07,
    0x42,0xe3,0x76,0x55,0x0d,0x00,0x41,0x00,0x41,0xc4,0x00,0x36,0x02,0xf0,0xbe,0x84,
    0x80,0x00,0x20,0x03,0xb7,0x44,0x00,0x00,0x00,0x00,0x00,0x00,0x10,0x00,0xa2,0x44,
    0x00,0x00,0x00,0x00,0x00,0x00,0x10,0x00,0xa2,0x21,0x04,0x0c,0x04,0x0b,0x02,0x40,
    0x20,0x0c,0x45,0x0d,0x00,0x02,0x40,0x20,0x0c,0x41,0x08,0x4a,0x0d,0x00,0x20,0x01,
    0x41,0xf0,0x00,0x6a,0x20,0x09,0x41,0x02,0x74,0x6a,0x22,0x06,0x28,0x02,0x00,0x21,
    0x00,0x02,0x40,0x02,0x40,0x41,0x01,0x20,0x0c,0x6b,0x41,0x07,0x71,0x22,0x05,0x0d,
    0x00,0x20,0x0c,0x21,0x02,0x0c,0x01,0x0b,0x20,0x05,0x21,0x02,0x03,0x40,0x20,0x00,
    0x41,0x0a,0x6c,0x21,0x00,0x20,0x02,0x41,0x7f,0x6a,0x22,0x02,0x0d,0x00,0x0b,0x20,
    0x0c,0x20,0x05,0x6a,0x21,0x02,0x0b,0x02,0x40,0x20,0x0c,0x41,0x7e,0x6a,0x41,0x07,
    0x49,0x0d,0x00,0x41,0x09,0x20,0x02,0x6b,0x21,0x02,0x03,0x40,0x20,0x00,0x41,0x80,
    0xc2,0xd7,0x2f,0x6c,0x21,0x00,0x20,0x02,0x41,0x78,0x6a,0x22,0x02,0x0d,0x00,0x0b,
    0x0b,0x20,0x06,0x20,0x00,0x36,0x02,0x00,0x0b,0x20,0x09,0x41,0x01,0x6a,0x21,0x09,
    0x0b,0x20,0x07,0xa7,0x21,0x08,0x02,0x40,0x20,0x0b,0x41,0x09,0x4e,0x0d,0x00,0x20,
    0x07,0x42,0x11,0x55,0x0d,0x00,0x20,0x0b,0x20,0x08,0x4a,0x0d,0x00,0x02,0x40,0x20,
    0x07,0x42,0x09,0x52,0x0d,0x00,0x20,0x03,0xb7,0x20,0x01,0x28,0x02,0x70,0xb8,0xa2,
    0x21,0x04,0x0c,0x05,0x0b,0x02,0x40,0x20,0x07,0x42,0x08,0x55,0x0d,0x00,0x20,0x03,
    0xb7,0x20,0x01,0x28,0x02,0x70,0xb8,0xa2,0x41,0x08,0x20,0x08,0x6b,0x41,0x02,0x74,
    0x28,0x02,0x80,0xb6,0x84,0x80,0x00,0xb7,0xa3,0x21,0x04,0x0c,0x05,0x0b,0x20,0x01,
    0x28,0x02,0x70,0x21,0x00,0x02,0x40,0x20,0x07,0x42,0x11,0x53,0x0d,0x00,0x20,0x00,
    0x20,0x08,0x41,0x7d,0x6c,0x41,0xd0,0x00,0x6a,0x76,0x0d,0x01,0x0b,0x20,0x03,0xb7,
    0x20,0x00,0xb8,0xa2,0x20,0x08,0x41,0x02,0x74,0x41,0xd8,0xb5,0x84,0x80,0x00,0x6a,
    0x28,0x02,0x00,0xb7,0xa2,0x21,0x04,0x0c,0x04,0x0b,0x20,0x09,0x41,0x01,0x6a,0x21,
    0x06,0x20,0x09,0x41,0x02,0x74,0x20,0x01,0x41,0xf0,0x00,0x6a,0x6a,0x41,0x04,0x6a,
    0x21,0x00,0x03,0x40,0x20,0x06,0x41,0x7f,0x6a,0x21,0x06,0x20,0x00,0x41,0x78,0x6a,
    0x21,0x02,0x20,0x00,0x41,0x7c,0x6a,0x22,0x09,0x21,0x00,0x20,0x02,0x28,0x02,0x00,
    0x45,0x0d,0x00,0x0b,0x41,0x00,0x21,0x0e,0x02,0x40,0x02,0x40,0x20,0x08,0x41,0x09,
    0x6f,0x22,0x00,0x0d,0x00,0x41,0x00,0x21,0x05,0x0c,0x01,0x0b,0x20,0x00,0x41,0x09,
    0x6a,0x20,0x00,0x20,0x07,0x42,0x00,0x53,0x1b,0x21,0x0f,0x02,0x40,0x02,0x40,0x20,
    0x06,0x0d,0x00,0x41,0x00,0x21,0x05,0x41,0x00,0x21,0x06,0x0c,0x01,0x0b,0x41,0x80,
    0x94,0xeb,0xdc,0x03,0x41,0x08,0x20,0x0f,0x6b,0x41,0x02,0x74,0x41,0x80,0xb6,0x84,
    0x80,0x00,0x6a,0x28,0x02,0x00,0x22,0x0b,0x6d,0x21,0x10,0x41,0x00,0x21,0x05,0x20,
    0x01,0x41,0xf0,0x00,0x6a,0x21,0x00,0x41,0x00,0x21,0x0c,0x41,0x00,0x21,0x02,0x03,
    0x40,0x20,0x00,0x20,0x00,0x28,0x02,0x00,0x22,0x11,0x20,0x0b,0x6e,0x22,0x12,0x20,
    0x0c,0x6a,0x22,0x0c,0x36,0x02,0x00,0x20,0x05,0x41,0x01,0x6a,0x41,0xff,0x00,0x71,
    0x20,0x05,0x20,0x02,0x20,0x05,0x46,0x20,0x0c,0x45,0x71,0x22,0x0c,0x1b,0x21,0x05,
    0x20,0x08,0x41,0x77,0x6a,0x20,0x08,0x20,0x0c,0x1b,0x21,0x08,0x20,0x00,0x41,0x04,
    0x6a,0x21,0x00,0x20,0x11,0x20,0x12,0x20,0x0b,0x6c,0x6b,0x20,0x10,0x6c,0x21,0x0c,
    0x20,0x06,0x20,0x02,0x41,0x01,0x6a,0x22,0x02,0x47,0x0d,0x00,0x0b,0x20,0x0c,0x45,
    0x0d,0x00,0x20,0x09,0x20,0x0c,0x36,0x02,0x00,0x20,0x06,0x41,0x01,0x6a,0x21,0x06,
    0x0b,0x20,0x08,0x20,0x0f,0x6b,0x41,0x09,0x6a,0x21,0x08,0x0b,0x03,0x40,0x20,0x01,
    0x41,0xf0,0x00,0x6a,0x20,0x05,0x41,0x02,0x74,0x6a,0x21,0x12,0x20,0x08,0x41,0x12,
    0x48,0x21,0x11,0x02,0x40,0x03,0x40,0x02,0x40,0x20,0x11,0x0d,0x00,0x20,0x08,0x41,
    0x12,0x47,0x0d,0x02,0x20,0x12,0x28,0x02,0x00,0x41,0xde,0xe0,0xa5,0x04,0x4d,0x0d,
    0x00,0x41,0x12,0x21,0x08,0x0c,0x02,0x0b,0x20,0x06,0x41,0xff,0x00,0x6a,0x21,0x0c,
    0x41,0x00,0x21,0x09,0x03,0x40,0x20,0x06,0x21,0x02,0x02,0x40,0x02,0x40,0x20,0x01,
    0x41,0xf0,0x00,0x6a,0x20,0x0c,0x41,0xff,0x00,0x71,0x22,0x00,0x41,0x02,0x74,0x6a,
    0x22,0x06,0x28,0x02,0x00,0xad,0x42,0x1d,0x86,0x20,0x09,0xad,0x7c,0x22,0x07,0x42,
    0x81,0x94,0xeb,0xdc,0x03,0x5a,0x0d,0x00,0x41,0x00,0x21,0x09,0x0c,0x01,0x0b,0x20,
    0x07,0x42,0x80,0x94,0xeb,0xdc,0x03,0x80,0x22,0x0a,0x42,0x80,0xec,0x94,0xa3,0x7c,
    0x7e,0x20,0x07,0x7c,0x21,0x07,0x20,0x0a,0xa7,0x21,0x09,0x0b,0x20,0x06,0x20,0x07,
    0x3e,0x02,0x00,0x20,0x02,0x20,0x02,0x20,0x00,0x20,0x02,0x20,0x07,0x50,0x1b,0x20,
    0x00,0x20,0x05,0x46,0x1b,0x20,0x00,0x20,0x02,0x41,0x7f,0x6a,0x41,0xff,0x00,0x71,
    0x22,0x0b,0x47,0x1b,0x21,0x06,0x20,0x00,0x41,0x7f,0x6a,0x21,0x0c,0x20,0x00,0x20,
    0x05,0x47,0x0d,0x00,0x0b,0x20,0x0e,0x41,0x63,0x6a,0x21,0x0e,0x20,0x02,0x21,0x06,
    0x20,0x09,0x45,0x0d,0x00,0x0b,0x02,0x40,0x02,0x40,0x20,0x05,0x41,0x7f,0x6a,0x41,
    0xff,0x00,0x71,0x22,0x05,0x20,0x02,0x46,0x0d,0x00,0x20,0x02,0x21,0x06,0x0c,0x01,
    0x0b,0x20,0x01,0x41,0xf0,0x00,0x6a,0x20,0x02,0x41,0xfe,0x00,0x6a,0x41,0xff,0x00,
    0x71,0x41,0x02,0x74,0x6a,0x22,0x00,0x20,0x00,0x28,0x02,0x00,0x20,0x01,0x41,0xf0,
    0x00,0x6a,0x20,0x0b,0x41,0x02,0x74,0x6a,0x28,0x02,0x00,0x72,0x36,0x02,0x00,0x20,
    0x0b,0x21,0x06,0x0b,0x20,0x08,0x41,0x09,0x6a,0x21,0x08,0x20,0x01,0x41,0xf0,0x00,
    0x6a,0x20,0x05,0x41,0x02,0x74,0x6a,0x20,0x09,0x36,0x02,0x00,0x0c,0x01,0x0b,0x0b,
    0x02,0x40,0x03,0x40,0x20,0x06,0x41,0x01,0x6a,0x41,0xff,0x00,0x71,0x21,0x10,0x20,
    0x01,0x41,0xf0,0x00,0x6a,0x20,0x06,0x41,0x7f,0x6a,0x41,0xff,0x00,0x71,0x41,0x02,
    0x74,0x6a,0x21,0x12,0x02,0x40,0x03,0x40,0x02,0x40,0x02,0x40,0x02,0x40,0x02,0x40,
    0x02,0x40,0x20,0x05,0x41,0xff,0x00,0x71,0x22,0x00,0x20,0x06,0x46,0x0d,0x00,0x02,
    0x40,0x20,0x01,0x41,0xf0,0x00,0x6a,0x20,0x00,0x41,0x02,0x74,0x6a,0x28,0x02,0x00,
    0x22,0x00,0x41,0xdf,0xe0,0xa5,0x04,0x49,0x0d,0x00,0x20,0x00,0x41,0xdf,0xe0,0xa5,
    0x04,0x47,0x0d,0x02,0x20,0x05,0x41,0x01,0x6a,0x41,0xff,0x00,0x71,0x22,0x02,0x20,
    0x06,0x46,0x0d,0x00,0x20,0x01,0x41,0xf0,0x00,0x6a,0x20,0x02,0x41,0x02,0x74,0x6a,
    0x28,0x02,0x00,0x41,0xff,0x93,0xbc,0xf9,0x00,0x4b,0x0d,0x02,0x20,0x08,0x41,0x12,
    0x47,0x0d,0x02,0x41,0xdf,0xe0,0xa5,0x04,0x21,0x00,0x20,0x06,0x21,0x10,0x0c,0x04,
    0x0b,0x20,0x08,0x41,0x12,0x47,0x0d,0x01,0x20,0x06,0x21,0x10,0x0c,0x03,0x0b,0x20,
    0x08,0x41,0x12,0x46,0x0d,0x01,0x0b,0x41,0x09,0x41,0x01,0x20,0x08,0x41,0x1b,0x4a,
    0x1b,0x22,0x0c,0x20,0x0e,0x6a,0x21,0x0e,0x02,0x40,0x20,0x05,0x20,0x06,0x46,0x0d,
    0x00,0x41,0x80,0x94,0xeb,0xdc,0x03,0x20,0x0c,0x76,0x21,0x0b,0x41,0x7f,0x20,0x0c,
    0x74,0x41,0x7f,0x73,0x21,0x11,0x41,0x00,0x21,0x02,0x20,0x05,0x21,0x00,0x03,0x40,
    0x20,0x01,0x41,0xf0,0x00,0x6a,0x20,0x00,0x41,0x02,0x74,0x6a,0x22,0x09,0x20,0x09,
    0x28,0x02,0x00,0x22,0x09,0x20,0x0c,0x76,0x20,0x02,0x6a,0x22,0x02,0x36,0x02,0x00,
    0x20,0x05,0x41,0x01,0x6a,0x41,0xff,0x00,0x71,0x20,0x05,0x20,0x00,0x20,0x05,0x46,
    0x20,0x02,0x45,0x71,0x22,0x02,0x1b,0x21,0x05,0x20,0x08,0x41,0x77,0x6a,0x20,0x08,
    0x20,0x02,0x1b,0x21,0x08,0x20,0x09,0x20,0x11,0x71,0x20,0x0b,0x6c,0x21,0x02,0x20,
    0x00,0x41,0x01,0x6a,0x41,0xff,0x00,0x71,0x22,0x00,0x20,0x06,0x47,0x0d,0x00,0x0b,
    0x20,0x02,0x0d,0x03,0x0c,0x04,0x0b,0x20,0x01,0x41,0xf0,0x00,0x6a,0x20,0x10,0x41,
    0x02,0x74,0x6a,0x21,0x0b,0x20,0x01,0x41,0xf0,0x00,0x6a,0x20,0x06,0x41,0xff,0x00,
    0x71,0x41,0x02,0x74,0x6a,0x21,0x09,0x20,0x06,0x41,0x80,0x01,0x49,0x21,0x02,0x20,
    0x08,0x41,0x12,0x46,0x21,0x05,0x02,0x40,0x03,0x40,0x02,0x40,0x02,0x40,0x20,0x02,
    0x0d,0x00,0x02,0x40,0x02,0x40,0x20,0x09,0x28,0x02,0x00,0x22,0x00,0x41,0xdf,0xe0,
    0xa5,0x04,0x49,0x0d,0x00,0x20,0x00,0x41,0xdf,0xe0,0xa5,0x04,0x47,0x0d,0x03,0x20,
    0x0b,0x28,0x02,0x00,0x41,0xff,0x93,0xbc,0xf9,0x00,0x4b,0x0d,0x03,0x20,0x05,0x45,
    0x0d,0x03,0x41,0xdf,0xe0,0xa5,0x04,0x21,0x00,0x0c,0x01,0x0b,0x20,0x05,0x45,0x0d,
    0x02,0x0b,0x20,0x06,0x21,0x05,0x20,0x06,0x21,0x10,0x0c,0x05,0x0b,0x20,0x05,0x0d,
    0x02,0x0b,0x20,0x0e,0x20,0x0c,0x6a,0x21,0x0e,0x0c,0x00,0x0b,0x0b,0x20,0x06,0x21,
    0x05,0x0b,0x20,0x01,0x41,0xf0,0x00,0x6a,0x20,0x10,0x41,0x02,0x74,0x6a,0x41,0x7c,
    0x6a,0x41,0x00,0x36,0x02,0x00,0x20,0x01,0x41,0xf0,0x00,0x6a,0x20,0x06,0x41,0x02,
    0x74,0x6a,0x28,0x02,0x00,0x21,0x00,0x0b,0x20,0x00,0xb8,0x21,0x04,0x02,0x40,0x20,
    0x05,0x41,0x01,0x6a,0x41,0xff,0x00,0x71,0x22,0x00,0x20,0x10,0x47,0x0d,0x00,0x20,
    0x01,0x41,0xf0,0x00,0x6a,0x20,0x05,0x41,0x02,0x6a,0x41,0xff,0x00,0x71,0x22,0x10,
    0x41,0x02,0x74,0x6a,0x41,0x7c,0x6a,0x41,0x00,0x36,0x02,0x00,0x0b,0x20,0x04,0x44,
    0x00,0x00,0x00,0x00,0x65,0xcd,0xcd,0x41,0xa2,0x20,0x01,0x41,0xf0,0x00,0x6a,0x20,
    0x00,0x41,0x02,0x74,0x6a,0x28,0x02,0x00,0xb8,0xa0,0x20,0x03,0xb7,0x22,0x13,0xa2,
    0x21,0x14,0x44,0x00,0x00,0x00,0x00,0x00,0x00,0x00,0x00,0x21,0x04,0x20,0x0e,0x41,
    0xe7,0x08,0x6a,0x22,0x02,0x41,0x00,0x20,0x02,0x41,0x00,0x4a,0x1b,0x41,0x35,0x20,
    0x0e,0x41,0xce,0x77,0x48,0x1b,0x22,0x00,0x41,0x34,0x4d,0x0d,0x02,0x44,0x00,0x00,
    0x00,0x00,0x00,0x00,0x00,0x00,0x21,0x15,0x0c,0x04,0x0b,0x02,0x40,0x20,0x10,0x20,
    0x05,0x46,0x0d,0x00,0x20,0x01,0x41,0xf0,0x00,0x6a,0x20,0x06,0x41,0x02,0x74,0x6a,
    0x20,0x02,0x36,0x02,0x00,0x20,0x10,0x21,0x06,0x0c,0x03,0x0b,0x20,0x12,0x20,0x12,
    0x28,0x02,0x00,0x41,0x01,0x72,0x36,0x02,0x00,0x0c,0x00,0x0b,0x0b,0x0b,0x44,0x00,
    0x00,0x00,0x00,0x00,0x00,0xf0,0x3f,0x41,0xe9,0x00,0x20,0x00,0x6b,0x10,0xac,0x82,
    0x80,0x80,0x00,0x20,0x14,0xa6,0x22,0x15,0x20,0x14,0x20,0x14,0x44,0x00,0x00,0x00,
    0x00,0x00,0x00,0xf0,0x3f,0x41,0x35,0x20,0x00,0x6b,0x10,0xac,0x82,0x80,0x80,0x00,
    0x10,0xad,0x82,0x80,0x80,0x00,0x22,0x04,0xa1,0xa0,0x21,0x14,0x0b,0x20,0x0e,0x41,
    0x35,0x6a,0x21,0x06,0x02,0x40,0x20,0x05,0x41,0x02,0x6a,0x41,0xff,0x00,0x71,0x22,
    0x09,0x20,0x10,0x46,0x0d,0x00,0x02,0x40,0x02,0x40,0x20,0x01,0x41,0xf0,0x00,0x6a,
    0x20,0x09,0x41,0x02,0x74,0x6a,0x28,0x02,0x00,0x22,0x09,0x41,0xff,0xc9,0xb5,0xee,
    0x01,0x4b,0x0d,0x00,0x02,0x40,0x20,0x09,0x0d,0x00,0x20,0x05,0x41,0x03,0x6a,0x41,
    0xff,0x00,0x71,0x20,0x10,0x46,0x0d,0x02,0x0b,0x20,0x13,0x44,0x00,0x00,0x00,0x00,
    0x00,0x00,0xd0,0x3f,0xa2,0x20,0x04,0xa0,0x21,0x04,0x0c,0x01,0x0b,0x02,0x40,0x20,
    0x09,0x41,0x80,0xca,0xb5,0xee,0x01,0x46,0x0d,0x00,0x20,0x13,0x44,0x00,0x00,0x00,
    0x00,0x00,0x00,0xe8,0x3f,0xa2,0x20,0x04,0xa0,0x21,0x04,0x0c,0x01,0x0b,0x02,0x40,
    0x20,0x05,0x41,0x03,0x6a,0x41,0xff,0x00,0x71,0x20,0x10,0x47,0x0d,0x00,0x20,0x13,
    0x44,0x00,0x00,0x00,0x00,0x00,0x00,0xe0,0x3f,0xa2,0x20,0x04,0xa0,0x21,0x04,0x0c,
    0x01,0x0b,0x20,0x13,0x44,0x00,0x00,0x00,0x00,0x00,0x00,0xe8,0x3f,0xa2,0x20,0x04,
    0xa0,0x21,0x04,0x0b,0x20,0x04,0x20,0x04,0x20,0x04,0x44,0x00,0x00,0x00,0x00,0x00,
    0x00,0xf0,0x3f,0xa0,0x20,0x04,0x20,0x04,0x9d,0xa1,0x44,0x00,0x00,0x00,0x00,0x00,
    0x00,0x00,0x00,0x62,0x1b,0x20,0x00,0x41,0x33,0x4b,0x1b,0x21,0x04,0x0b,0x20,0x14,
    0x20,0x04,0xa0,0x20,0x15,0xa1,0x21,0x14,0x02,0x40,0x02,0x40,0x20,0x06,0x41,0xfc,
    0xff,0xff,0xff,0x07,0x71,0x41,0xfc,0x07,0x4f,0x0d,0x00,0x20,0x0e,0x21,0x05,0x0c,
    0x01,0x0b,0x20,0x14,0x44,0x00,0x00,0x00,0x00,0x00,0x00,0xe0,0x3f,0xa2,0x20,0x14,
    0x20,0x14,0x99,0x44,0x00,0x00,0x00,0x00,0x00,0x00,0x40,0x43,0x66,0x22,0x06,0x1b,
    0x21,0x14,0x02,0x40,0x20,0x0e,0x20,0x06,0x6a,0x22,0x05,0x41,0xcb,0x07,0x4a,0x0d,
    0x00,0x20,0x0e,0x41,0xce,0x77,0x48,0x20,0x00,0x20,0x02,0x47,0x20,0x06,0x41,0x7f,
    0x73,0x72,0x71,0x20,0x04,0x44,0x00,0x00,0x00,0x00,0x00,0x00,0x00,0x00,0x62,0x71,
    0x45,0x0d,0x01,0x0b,0x41,0x00,0x41,0xc4,0x00,0x36,0x02,0xf0,0xbe,0x84,0x80,0x00,
    0x0b,0x20,0x14,0x20,0x05,0x10,0xac,0x82,0x80,0x80,0x00,0x21,0x04,0x0c,0x03,0x0b,
    0x02,0x40,0x02,0x40,0x20,0x01,0x28,0x02,0x04,0x22,0x00,0x20,0x01,0x28,0x02,0x54,
    0x46,0x0d,0x00,0x20,0x01,0x20,0x00,0x41,0x01,0x6a,0x36,0x02,0x04,0x20,0x00,0x2d,
    0x00,0x00,0x21,0x00,0x0c,0x01,0x0b,0x20,0x01,0x10,0xa3,0x82,0x80,0x80,0x00,0x21,
    0x00,0x0b,0x02,0x40,0x20,0x00,0x41,0x30,0x46,0x0d,0x00,0x41,0x01,0x21,0x08,0x20,
    0x02,0x21,0x09,0x0c,0x01,0x0b,0x42,0x00,0x21,0x0a,0x03,0x40,0x02,0x40,0x02,0x40,
    0x20,0x01,0x28,0x02,0x04,0x22,0x00,0x20,0x01,0x28,0x02,0x54,0x46,0x0d,0x00,0x20,
    0x01,0x20,0x00,0x41,0x01,0x6a,0x36,0x02,0x04,0x20,0x00,0x2d,0x00,0x00,0x21,0x00,
    0x0c,0x01,0x0b,0x20,0x01,0x10,0xa3,0x82,0x80,0x80,0x00,0x21,0x00,0x0b,0x20,0x0a,
    0x42,0x7f,0x7c,0x21,0x0a,0x20,0x00,0x41,0x30,0x46,0x0d,0x00,0x0b,0x41,0x01,0x21,
    0x08,0x41,0x01,0x21,0x09,0x0c,0x01,0x0b,0x42,0x00,0x21,0x0a,0x0b,0x44,0x00,0x00,
    0x00,0x00,0x00,0x00,0xf0,0x3f,0x21,0x14,0x44,0x00,0x00,0x00,0x00,0x00,0x00,0x00,
    0x00,0x21,0x04,0x41,0x00,0x21,0x06,0x41,0x00,0x21,0x0c,0x02,0x40,0x02,0x40,0x03,
    0x40,0x20,0x00,0x21,0x02,0x02,0x40,0x02,0x40,0x20,0x00,0x41,0x50,0x6a,0x22,0x05,
    0x41,0x0a,0x49,0x0d,0x00,0x20,0x00,0x41,0x20,0x72,0x21,0x02,0x02,0x40,0x20,0x00,
    0x41,0x2e,0x46,0x0d,0x00,0x20,0x02,0x41,0x9f,0x7f,0x6a,0x41,0x05,0x4b,0x0d,0x05,
    0x0b,0x20,0x00,0x41,0x2e,0x47,0x0d,0x00,0x20,0x08,0x0d,0x03,0x41,0x01,0x21,0x08,
    0x20,0x07,0x21,0x0a,0x0c,0x01,0x0b,0x20,0x02,0x41,0xa9,0x7f,0x6a,0x20,0x05,0x20,
    0x00,0x41,0x39,0x4a,0x1b,0x21,0x00,0x02,0x40,0x02,0x40,0x20,0x07,0x42,0x07,0x55,
    0x0d,0x00,0x20,0x00,0x20,0x06,0x41,0x04,0x74,0x6a,0x21,0x06,0x0c,0x01,0x0b,0x02,
    0x40,0x20,0x07,0x42,0x0d,0x56,0x0d,0x00,0x20,0x00,0xb7,0x20,0x14,0x44,0x00,0x00,
    0x00,0x00,0x00,0x00,0xb0,0x3f,0xa2,0x22,0x14,0xa2,0x20,0x04,0xa0,0x21,0x04,0x0c,
    0x01,0x0b,0x20,0x04,0x20,0x14,0x44,0x00,0x00,0x00,0x00,0x00,0x00,0xe0,0x3f,0xa2,
    0x20,0x04,0xa0,0x20,0x00,0x45,0x20,0x0c,0x41,0x00,0x47,0x72,0x22,0x00,0x1b,0x21,
    0x04,0x20,0x0c,0x41,0x01,0x20,0x00,0x1b,0x21,0x0c,0x0b,0x20,0x07,0x42,0x01,0x7c,
    0x21,0x07,0x41,0x01,0x21,0x09,0x0b,0x02,0x40,0x20,0x01,0x28,0x02,0x04,0x22,0x00,
    0x20,0x01,0x28,0x02,0x54,0x46,0x0d,0x00,0x20,0x01,0x20,0x00,0x41,0x01,0x6a,0x36,
    0x02,0x04,0x20,0x00,0x2d,0x00,0x00,0x21,0x00,0x0c,0x01,0x0b,0x20,0x01,0x10,0xa3,
    0x82,0x80,0x80,0x00,0x21,0x00,0x0c,0x00,0x0b,0x0b,0x41,0x2e,0x21,0x00,0x0b,0x02,
    0x40,0x20,0x09,0x0d,0x00,0x44,0x00,0x00,0x00,0x00,0x00,0x00,0x00,0x00,0x20,0x03,
    0xb7,0xa6,0x21,0x04,0x0c,0x01,0x0b,0x02,0x40,0x20,0x07,0x42,0x07,0x55,0x0d,0x00,
    0x02,0x40,0x02,0x40,0x42,0x00,0x20,0x07,0x7d,0x42,0x07,0x83,0x22,0x0d,0x50,0x45,
    0x0d,0x00,0x0c,0x01,0x0b,0x03,0x40,0x20,0x06,0x41,0x04,0x74,0x21,0x06,0x20,0x0d,
    0x42,0x7f,0x7c,0x22,0x0d,0x42,0x00,0x52,0x0d,0x00,0x0b,0x0b,0x20,0x06,0x41,0x00,
    0x20,0x07,0x42,0x00,0x55,0x1b,0x21,0x06,0x0b,0x42,0x00,0x21,0x0d,0x02,0x40,0x20,
    0x00,0x41,0x5f,0x71,0x41,0xd0,0x00,0x47,0x0d,0x00,0x42,0x00,0x20,0x01,0x10,0xab,
    0x82,0x80,0x80,0x00,0x22,0x0d,0x20,0x0d,0x42,0x80,0x80,0x80,0x80,0x80,0x80,0x80,
    0x80,0x80,0x7f,0x51,0x1b,0x21,0x0d,0x0b,0x02,0x40,0x20,0x06,0x0d,0x00,0x44,0x00,
    0x00,0x00,0x00,0x00,0x00,0x00,0x00,0x20,0x03,0xb7,0xa6,0x21,0x04,0x0c,0x01,0x0b,
    0x02,0x40,0x20,0x0a,0x20,0x07,0x20,0x08,0x1b,0x42,0x02,0x86,0x20,0x0d,0x7c,0x42,
    0x60,0x7c,0x22,0x07,0x42,0xb3,0x08,0x53,0x0d,0x00,0x41,0x00,0x41,0xc4,0x00,0x36,
    0x02,0xf0,0xbe,0x84,0x80,0x00,0x20,0x03,0xb7,0x44,0xff,0xff,0xff,0xff,0xff,0xff,
    0xef,0x7f,0xa2,0x44,0xff,0xff,0xff,0xff,0xff,0xff,0xef,0x7f,0xa2,0x21,0x04,0x0c,
    0x01,0x0b,0x02,0x40,0x20,0x07,0x42,0xe4,0x76,0x53,0x0d,0x00,0x02,0x40,0x20,0x06,
    0x41,0x00,0x48,0x0d,0x00,0x03,0x40,0x20,0x06,0x41,0x01,0x74,0x22,0x00,0x20,0x04,
    0x44,0x00,0x00,0x00,0x00,0x00,0x00,0xe0,0x3f,0x66,0x22,0x02,0x72,0x21,0x06,0x20,
    0x04,0x20,0x04,0x44,0x00,0x00,0x00,0x00,0x00,0x00,0xf0,0xbf,0xa0,0x20,0x04,0x20,
    0x02,0x1b,0xa0,0x21,0x04,0x20,0x07,0x42,0x7f,0x7c,0x21,0x07,0x20,0x00,0x41,0x7f,
    0x4a,0x0d,0x00,0x0b,0x0b,0x02,0x40,0x02,0x40,0x20,0x07,0x42,0xd2,0x08,0x7c,0x22,
    0x0a,0xa7,0x22,0x00,0x41,0x00,0x20,0x00,0x41,0x00,0x4a,0x1b,0x41,0x35,0x20,0x0a,
    0x42,0x35,0x53,0x1b,0x22,0x00,0x41,0x35,0x49,0x0d,0x00,0x20,0x03,0xb7,0x21,0x14,
    0x44,0x00,0x00,0x00,0x00,0x00,0x00,0x00,0x00,0x21,0x15,0x0c,0x01,0x0b,0x41,0xd3,
    0x08,0x20,0x00,0x6b,0xad,0x42,0x34,0x86,0xbf,0x20,0x03,0xb7,0x22,0x14,0xa6,0x21,
    0x15,0x0b,0x02,0x40,0x20,0x14,0x44,0x00,0x00,0x00,0x00,0x00,0x00,0x00,0x00,0x20,
    0x04,0x20,0x06,0x41,0x01,0x71,0x45,0x20,0x00,0x41,0x20,0x49,0x20,0x04,0x44,0x00,
    0x00,0x00,0x00,0x00,0x00,0x00,0x00,0x62,0x71,0x71,0x22,0x00,0x1b,0xa2,0x20,0x14,
    0x20,0x06,0x20,0x00,0x72,0xb8,0xa2,0x20,0x15,0xa0,0xa0,0x20,0x15,0xa1,0x22,0x04,
    0x44,0x00,0x00,0x00,0x00,0x00,0x00,0x00,0x00,0x62,0x0d,0x00,0x41,0x00,0x41,0xc4,
    0x00,0x36,0x02,0xf0,0xbe,0x84,0x80,0x00,0x0b,0x02,0x40,0x02,0x40,0x20,0x07,0xa7,
    0x22,0x00,0x41,0x80,0x08,0x48,0x0d,0x00,0x20,0x04,0x44,0x00,0x00,0x00,0x00,0x00,
    0x00,0xe0,0x7f,0xa2,0x21,0x04,0x02,0x40,0x20,0x00,0x41,0xff,0x0f,0x4f,0x0d,0x00,
    0x20,0x00,0x41,0x81,0x78,0x6a,0x21,0x00,0x0c,0x02,0x0b,0x20,0x04,0x44,0x00,0x00,
    0x00,0x00,0x00,0x00,0xe0,0x7f,0xa2,0x21,0x04,0x20,0x00,0x41,0xfd,0x17,0x20,0x00,
    0x41,0xfd,0x17,0x49,0x1b,0x41,0x82,0x70,0x6a,0x21,0x00,0x0c,0x01,0x0b,0x20,0x00,
    0x41,0x81,0x78,0x4a,0x0d,0x00,0x20,0x04,0x44,0x00,0x00,0x00,0x00,0x00,0x00,0x60,
    0x03,0xa2,0x21,0x04,0x02,0x40,0x20,0x00,0x41,0xb8,0x70,0x4d,0x0d,0x00,0x20,0x00,
    0x41,0xc9,0x07,0x6a,0x21,0x00,0x0c,0x01,0x0b,0x20,0x04,0x44,0x00,0x00,0x00,0x00,
    0x00,0x00,0x60,0x03,0xa2,0x21,0x04,0x20,0x00,0x41,0xf0,0x68,0x20,0x00,0x41,0xf0,
    0x68,0x4b,0x1b,0x41,0x92,0x0f,0x6a,0x21,0x00,0x0b,0x20,0x04,0x20,0x00,0x41,0xff,
    0x07,0x6a,0xad,0x42,0x34,0x86,0xbf,0xa2,0x21,0x04,0x0c,0x01,0x0b,0x41,0x00,0x41,
    0xc4,0x00,0x36,0x02,0xf0,0xbe,0x84,0x80,0x00,0x20,0x03,0xb7,0x44,0x00,0x00,0x00,
    0x00,0x00,0x00,0x10,0x00,0xa2,0x44,0x00,0x00,0x00,0x00,0x00,0x00,0x10,0x00,0xa2,
    0x21,0x04,0x0b,0x20,0x01,0x41,0xf0,0x04,0x6a,0x24,0x80,0x80,0x80,0x80,0x00,0x20,
    0x04,0x0b,0xd2,0x02,0x02,0x04,0x7f,0x01,0x7e,0x23,0x80,0x80,0x80,0x80,0x00,0x41,
    0x30,0x6b,0x22,0x04,0x24,0x80,0x80,0x80,0x80,0x00,0x02,0x40,0x20,0x01,0x28,0x02,
    0x04,0x22,0x05,0x45,0x0d,0x00,0x20,0x01,0x20,0x05,0x41,0x7f,0x6a,0x22,0x05,0x36,
    0x02,0x04,0x02,0x40,0x02,0x40,0x20,0x01,0x28,0x02,0x00,0x20,0x05,0x20,0x02,0x28,
    0x02,0x04,0x20,0x02,0x2c,0x00,0x0b,0x22,0x06,0x20,0x06,0x41,0x00,0x48,0x22,0x06,
    0x1b,0x22,0x07,0x20,0x02,0x28,0x02,0x00,0x20,0x02,0x20,0x06,0x1b,0x20,0x07,0x10,
    0xca,0x80,0x80,0x80,0x00,0x0d,0x00,0x20,0x03,0x29,0x02,0x00,0x21,0x08,0x20,0x03,
    0x42,0x00,0x37,0x02,0x00,0x20,0x00,0x20,0x08,0x37,0x02,0x00,0x20,0x01,0x20,0x01,
    0x28,0x02,0x04,0x20,0x02,0x28,0x02,0x04,0x20,0x02,0x2c,0x00,0x0b,0x22,0x02,0x20,
    0x02,0x41,0x00,0x48,0x1b,0x6a,0x36,0x02,0x04,0x0c,0x01,0x0b,0x20,0x04,0x41,0x0c,
    0x6a,0x41,0xfd,0x94,0x84,0x80,0x00,0x20,0x02,0x10,0x97,0x80,0x80,0x80,0x00,0x20,
    0x04,0x41,0x18,0x6a,0x20,0x04,0x41,0x0c,0x6a,0x41,0xbe,0x94,0x84,0x80,0x00,0x10,
    0xac,0x80,0x80,0x80,0x00,0x20,0x04,0x41,0x24,0x6a,0x20,0x04,0x41,0x18,0x6a,0x20,
    0x04,0x20,0x01,0x28,0x02,0x00,0x20,0x01,0x28,0x02,0x04,0x20,0x02,0x28,0x02,0x04,
    0x20,0x02,0x2c,0x00,0x0b,0x22,0x02,0x20,0x02,0x41,0x00,0x48,0x1b,0x10,0x8d,0x82,
    0x80,0x80,0x00,0x22,0x02,0x10,0x89,0x81,0x80,0x80,0x00,0x20,0x00,0x20,0x01,0x20,
    0x04,0x41,0x24,0x6a,0x10,0x85,0x82,0x80,0x80,0x00,0x20,0x04,0x41,0x24,0x6a,0x10,
    0x95,0x80,0x80,0x80,0x00,0x1a,0x20,0x02,0x10,0x95,0x80,0x80,0x80,0x00,0x1a,0x20,
    0x04,0x41,0x18,0x6a,0x10,0x95,0x80,0x80,0x80,0x00,0x1a,0x20,0x04,0x41,0x0c,0x6a,
    0x10,0x95,0x80,0x80,0x80,0x00,0x1a,0x0b,0x20,0x03,0x10,0xa7,0x80,0x80,0x80,0x00,
    0x1a,0x20,0x04,0x41,0x30,0x6a,0x24,0x80,0x80,0x80,0x80,0x00,0x0f,0x0b,0x10,0x8e,
    0x82,0x80,0x80,0x00,0x00,0x0b,0xaa,0x09,0x01,0x08,0x7f,0x23,0x80,0x80,0x80,0x80,
    0x00,0x41,0xc0,0x00,0x6b,0x22,0x02,0x24,0x80,0x80,0x80,0x80,0x00,0x20,0x02,0x41,
    0x00,0x36,0x02,0x38,0x20,0x02,0x42,0x00,0x37,0x03,0x30,0x02,0x40,0x02,0x40,0x02,
    0x40,0x03,0x40,0x41,0x7f,0x21,0x03,0x03,0x40,0x02,0x40,0x20,0x01,0x28,0x02,0x04,
    0x22,0x04,0x20,0x01,0x28,0x02,0x00,0x22,0x05,0x28,0x02,0x04,0x20,0x05,0x2c,0x00,
    0x0b,0x22,0x06,0x20,0x06,0x41,0x00,0x48,0x1b,0x47,0x0d,0x00,0x20,0x01,0x20,0x02,
    0x41,0x24,0x6a,0x41,0xaa,0x8a,0x84,0x80,0x00,0x10,0x8a,0x80,0x80,0x80,0x00,0x22,
    0x05,0x10,0x8f,0x82,0x80,0x80,0x00,0x20,0x00,0x41,0xbd,0x97,0x84,0x80,0x00,0x10,
    0x8a,0x80,0x80,0x80,0x00,0x1a,0x20,0x05,0x10,0x95,0x80,0x80,0x80,0x00,0x1a,0x0c,
    0x05,0x0b,0x20,0x01,0x20,0x04,0x41,0x01,0x6a,0x22,0x07,0x36,0x02,0x04,0x02,0x40,
    0x20,0x05,0x28,0x02,0x00,0x20,0x05,0x20,0x05,0x2c,0x00,0x0b,0x22,0x08,0x41,0x00,
    0x48,0x22,0x09,0x1b,0x20,0x04,0x6a,0x2c,0x00,0x00,0x22,0x06,0x41,0x22,0x47,0x0d,
    0x00,0x20,0x03,0x20,0x02,0x41,0x30,0x6a,0x10,0x90,0x82,0x80,0x80,0x00,0x20,0x00,
    0x20,0x02,0x28,0x02,0x38,0x36,0x02,0x08,0x20,0x00,0x20,0x02,0x29,0x03,0x30,0x37,
    0x02,0x00,0x20,0x02,0x42,0x00,0x37,0x03,0x30,0x20,0x02,0x41,0x00,0x36,0x02,0x38,
    0x0c,0x05,0x0b,0x02,0x40,0x20,0x06,0x41,0x1f,0x4b,0x0d,0x00,0x20,0x02,0x41,0x0c,
    0x6a,0x20,0x06,0x10,0x84,0x82,0x80,0x80,0x00,0x20,0x02,0x41,0x18,0x6a,0x41,0x94,
    0x95,0x84,0x80,0x00,0x20,0x02,0x41,0x0c,0x6a,0x10,0x81,0x81,0x80,0x80,0x00,0x20,
    0x02,0x41,0x24,0x6a,0x20,0x02,0x41,0x18,0x6a,0x41,0xc1,0x8a,0x84,0x80,0x00,0x10,
    0xac,0x80,0x80,0x80,0x00,0x20,0x01,0x20,0x02,0x41,0x24,0x6a,0x10,0x8f,0x82,0x80,
    0x80,0x00,0x20,0x00,0x41,0xbd,0x97,0x84,0x80,0x00,0x10,0x8a,0x80,0x80,0x80,0x00,
    0x1a,0x20,0x02,0x41,0x24,0x6a,0x10,0x95,0x80,0x80,0x80,0x00,0x1a,0x20,0x02,0x41,
    0x18,0x6a,0x10,0x95,0x80,0x80,0x80,0x00,0x1a,0x20,0x02,0x41,0x0c,0x6a,0x10,0x95,
    0x80,0x80,0x80,0x00,0x1a,0x0c,0x05,0x0b,0x02,0x40,0x20,0x06,0x41,0xdc,0x00,0x46,
    0x0d,0x00,0x20,0x03,0x20,0x02,0x41,0x30,0x6a,0x10,0x90,0x82,0x80,0x80,0x00,0x20,
    0x02,0x41,0x30,0x6a,0x20,0x06,0x10,0x90,0x80,0x80,0x80,0x00,0x0c,0x02,0x0b,0x02,
    0x40,0x20,0x07,0x20,0x05,0x28,0x02,0x04,0x20,0x08,0x20,0x09,0x1b,0x47,0x0d,0x00,
    0x20,0x01,0x20,0x02,0x41,0x24,0x6a,0x41,0xaa,0x8a,0x84,0x80,0x00,0x10,0x8a,0x80,
    0x80,0x80,0x00,0x22,0x05,0x10,0x8f,0x82,0x80,0x80,0x00,0x20,0x00,0x41,0xbd,0x97,
    0x84,0x80,0x00,0x10,0x8a,0x80,0x80,0x80,0x00,0x1a,0x20,0x05,0x10,0x95,0x80,0x80,
    0x80,0x00,0x1a,0x0c,0x05,0x0b,0x20,0x01,0x20,0x04,0x41,0x02,0x6a,0x22,0x06,0x36,
    0x02,0x04,0x02,0x40,0x20,0x05,0x28,0x02,0x00,0x20,0x05,0x20,0x05,0x2c,0x00,0x0b,
    0x41,0x00,0x48,0x1b,0x20,0x07,0x6a,0x2d,0x00,0x00,0x22,0x04,0x41,0xf5,0x00,0x47,
    0x0d,0x00,0x20,0x02,0x41,0x24,0x6a,0x20,0x05,0x20,0x06,0x41,0x04,0x10,0x8d,0x82,
    0x80,0x80,0x00,0x21,0x07,0x20,0x02,0x28,0x02,0x28,0x20,0x02,0x2c,0x00,0x2f,0x22,
    0x04,0x20,0x04,0x41,0x00,0x48,0x1b,0x41,0x04,0x49,0x0d,0x03,0x41,0x00,0x21,0x05,
    0x20,0x07,0x28,0x02,0x00,0x20,0x07,0x20,0x04,0x41,0x00,0x48,0x1b,0x21,0x06,0x02,
    0x40,0x03,0x40,0x20,0x05,0x41,0x04,0x46,0x0d,0x01,0x02,0x40,0x02,0x40,0x20,0x06,
    0x20,0x05,0x6a,0x2d,0x00,0x00,0x22,0x04,0x41,0x50,0x6a,0x41,0xff,0x01,0x71,0x41,
    0x0a,0x49,0x0d,0x00,0x20,0x04,0x41,0xff,0x01,0x71,0x22,0x04,0x41,0x9f,0x7f,0x6a,
    0x41,0x06,0x49,0x0d,0x00,0x20,0x04,0x41,0xbf,0x7f,0x6a,0x41,0x05,0x4b,0x0d,0x01,
    0x0b,0x20,0x05,0x41,0x01,0x6a,0x21,0x05,0x0c,0x01,0x0b,0x0b,0x20,0x02,0x41,0x18,
    0x6a,0x41,0xd7,0x95,0x84,0x80,0x00,0x20,0x07,0x10,0x97,0x80,0x80,0x80,0x00,0x20,
    0x01,0x20,0x02,0x41,0x18,0x6a,0x10,0x8f,0x82,0x80,0x80,0x00,0x20,0x00,0x41,0xbd,
    0x97,0x84,0x80,0x00,0x10,0x8a,0x80,0x80,0x80,0x00,0x1a,0x20,0x02,0x41,0x18,0x6a,
    0x10,0x95,0x80,0x80,0x80,0x00,0x1a,0x0c,0x05,0x0b,0x20,0x03,0x41,0x0a,0x74,0x20,
    0x06,0x10,0x91,0x82,0x80,0x80,0x00,0x22,0x05,0x6a,0x41,0x80,0xc8,0x80,0x65,0x6a,
    0x20,0x03,0x20,0x03,0x41,0x80,0x78,0x71,0x41,0x80,0xb0,0x03,0x46,0x20,0x05,0x41,
    0x80,0x78,0x71,0x41,0x80,0xb8,0x03,0x46,0x71,0x22,0x04,0x1b,0x20,0x02,0x41,0x30,
    0x6a,0x10,0x90,0x82,0x80,0x80,0x00,0x20,0x01,0x20,0x01,0x28,0x02,0x04,0x41,0x04,
    0x6a,0x36,0x02,0x04,0x20,0x07,0x10,0x95,0x80,0x80,0x80,0x00,0x1a,0x41,0x7f,0x20,
    0x05,0x20,0x04,0x1b,0x21,0x03,0x0c,0x01,0x0b,0x0b,0x20,0x03,0x20,0x02,0x41,0x30,
    0x6a,0x10,0x90,0x82,0x80,0x80,0x00,0x02,0x40,0x02,0x40,0x02,0x40,0x02,0x40,0x02,
    0x40,0x02,0x40,0x20,0x04,0xc0,0x22,0x06,0x41,0x9e,0x7f,0x6a,0x22,0x05,0x41,0x07,
    0x74,0x20,0x05,0x41,0xfe,0x01,0x71,0x41,0x01,0x76,0x72,0x41,0xff,0x01,0x71,0x0e,
    0x0a,0x00,0x05,0x01,0x05,0x05,0x05,0x02,0x05,0x03,0x04,0x05,0x0b,0x20,0x02,0x41,
    0x30,0x6a,0x41,0x08,0x10,0x90,0x80,0x80,0x80,0x00,0x0c,0x05,0x0b,0x20,0x02,0x41,
    0x30,0x6a,0x41,0x0c,0x10,0x90,0x80,0x80,0x80,0x00,0x0c,0x04,0x0b,0x20,0x02,0x41,
    0x30,0x6a,0x41,0x0a,0x10,0x90,0x80,0x80,0x80,0x00,0x0c,0x03,0x0b,0x20,0x02,0x41,
    0x30,0x6a,0x41,0x0d,0x10,0x90,0x80,0x80,0x80,0x00,0x0c,0x02,0x0b,0x20,0x02,0x41,
    0x30,0x6a,0x41,0x09,0x10,0x90,0x80,0x80,0x80,0x00,0x0c,0x01,0x0b,0x02,0x40,0x02,
    0x40,0x20,0x04,0x41,0x22,0x46,0x0d,0x00,0x20,0x04,0x41,0xdc,0x00,0x46,0x0d,0x00,
    0x20,0x04,0x41,0x2f,0x47,0x0d,0x01,0x0b,0x20,0x02,0x41,0x30,0x6a,0x20,0x06,0x10,
    0x90,0x80,0x80,0x80,0x00,0x0c,0x01,0x0b,0x0b,0x20,0x02,0x41,0x18,0x6a,0x20,0x06,
    0x10,0x84,0x82,0x80,0x80,0x00,0x20,0x02,0x41,0x24,0x6a,0x41,0xc5,0x94,0x84,0x80,
    0x00,0x20,0x02,0x41,0x18,0x6a,0x10,0x81,0x81,0x80,0x80,0x00,0x20,0x01,0x20,0x02,
    0x41,0x24,0x6a,0x10,0x8f,0x82,0x80,0x80,0x00,0x20,0x00,0x41,0xbd,0x97,0x84,0x80,
    0x00,0x10,0x8a,0x80,0x80,0x80,0x00,0x1a,0x20,0x02,0x41,0x24,0x6a,0x10,0x95,0x80,
    0x80,0x80,0x00,0x1a,0x20,0x02,0x41,0x18,0x6a,0x10,0x95,0x80,0x80,0x80,0x00,0x1a,
    0x0c,0x02,0x0b,0x20,0x02,0x41,0x18,0x6a,0x41,0xd7,0x95,0x84,0x80,0x00,0x20,0x07,
    0x10,0x97,0x80,0x80,0x80,0x00,0x20,0x01,0x20,0x02,0x41,0x18,0x6a,0x10,0x8f,0x82,
    0x80,0x80,0x00,0x20,0x00,0x41,0xbd,0x97,0x84,0x80,0x00,0x10,0x8a,0x80,0x80,0x80,
    0x00,0x1a,0x20,0x02,0x41,0x18,0x6a,0x10,0x95,0x80,0x80,0x80,0x00,0x1a,0x0b,0x20,
    0x07,0x10,0x95,0x80,0x80,0x80,0x00,0x1a,0x0b,0x20,0x02,0x41,0x30,0x6a,0x10,0x95,
    0x80,0x80,0x80,0x00,0x1a,0x20,0x02,0x41,0xc0,0x00,0x6a,0x24,0x80,0x80,0x80,0x80,
    0x00,0x0b,0x5b,0x01,0x03,0x7f,0x20,0x00,0x28,0x02,0x04,0x21,0x01,0x20,0x00,0x28,
    0x02,0x00,0x21,0x02,0x02,0x40,0x03,0x40,0x02,0x40,0x20,0x02,0x28,0x02,0x00,0x20,
    0x02,0x20,0x02,0x2c,0x00,0x0b,0x41,0x00,0x48,0x1b,0x20,0x01,0x6a,0x2d,0x00,0x00,
    0x22,0x03,0x41,0x0d,0x46,0x0d,0x00,0x20,0x03,0x41,0x20,0x46,0x0d,0x00,0x20,0x03,
    0x41,0x77,0x6a,0x41,0xff,0x01,0x71,0x41,0x01,0x4b,0x0d,0x02,0x0b,0x20,0x00,0x20,
    0x01,0x41,0x01,0x6a,0x22,0x01,0x36,0x02,0x04,0x0c,0x00,0x0b,0x0b,0x0b,0x20,0x00,
    0x02,0x40,0x20,0x00,0x2d,0x00,0x0c,0x0d,0x00,0x20,0x00,0x28,0x02,0x08,0x20,0x01,
    0x10,0x80,0x81,0x80,0x80,0x00,0x0b,0x20,0x00,0x41,0x01,0x3a,0x00,0x0c,0x0b,0xd9,
    0x01,0x01,0x04,0x7f,0x02,0x40,0x02,0x40,0x02,0x40,0x20,0x01,0x28,0x02,0x04,0x20,
    0x01,0x2c,0x00,0x0b,0x22,0x04,0x20,0x04,0x41,0x00,0x48,0x1b,0x22,0x05,0x20,0x02,
    0x49,0x0d,0x00,0x20,0x05,0x20,0x02,0x6b,0x22,0x05,0x20,0x03,0x20,0x05,0x20,0x03,
    0x49,0x1b,0x22,0x03,0x41,0xf7,0xff,0xff,0xff,0x07,0x4f,0x0d,0x01,0x20,0x01,0x28,
    0x02,0x00,0x21,0x06,0x02,0x40,0x02,0x40,0x20,0x03,0x41,0x0a,0x4b,0x0d,0x00,0x20,
    0x00,0x20,0x03,0x3a,0x00,0x0b,0x20,0x00,0x21,0x05,0x0c,0x01,0x0b,0x20,0x03,0x41,
    0xf8,0xff,0xff,0xff,0x07,0x71,0x41,0x08,0x6a,0x22,0x07,0x10,0x93,0x82,0x80,0x80,
    0x00,0x22,0x05,0x45,0x0d,0x03,0x20,0x00,0x20,0x03,0x36,0x02,0x04,0x20,0x00,0x20,
    0x05,0x36,0x02,0x00,0x20,0x00,0x20,0x07,0x41,0x80,0x80,0x80,0x80,0x78,0x72,0x36,
    0x02,0x08,0x0b,0x02,0x40,0x20,0x03,0x45,0x0d,0x00,0x20,0x05,0x20,0x06,0x20,0x01,
    0x20,0x04,0x41,0x00,0x48,0x1b,0x20,0x02,0x6a,0x20,0x03,0xfc,0x0a,0x00,0x00,0x0b,
    0x20,0x05,0x20,0x03,0x6a,0x41,0x00,0x3a,0x00,0x00,0x20,0x00,0x0f,0x0b,0x10,0xcb,
    0x80,0x80,0x80,0x00,0x00,0x0b,0x10,0xe4,0x80,0x80,0x80,0x00,0x00,0x0b,0x20,0x03,
    0x41,0x00,0x10,0x94,0x82,0x80,0x80,0x00,0x00,0x0b,0x4b,0x01,0x01,0x7f,0x23,0x80,
    0x80,0x80,0x80,0x00,0x41,0x10,0x6b,0x22,0x00,0x24,0x80,0x80,0x80,0x80,0x00,0x20,
    0x00,0x41,0xf7,0x04,0x36,0x02,0x0c,0x20,0x00,0x41,0xc6,0x83,0x84,0x80,0x00,0x36,
    0x02,0x08,0x20,0x00,0x41,0x9d,0x86,0x84,0x80,0x00,0x36,0x02,0x04,0x20,0x00,0x41,
    0x9d,0x92,0x84,0x80,0x00,0x36,0x02,0x00,0x20,0x00,0x20,0x00,0x20,0x00,0x10,0x9d,
    0x82,0x80,0x80,0x00,0x00,0x0b,0x20,0x00,0x02,0x40,0x20,0x00,0x2d,0x00,0x0c,0x0d,
    0x00,0x20,0x00,0x28,0x02,0x08,0x20,0x01,0x10,0x80,0x81,0x80,0x80,0x00,0x0b,0x20,
    0x00,0x41,0x01,0x3a,0x00,0x0c,0x0b,0xca,0x01,0x00,0x02,0x40,0x20,0x00,0x41,0x00,
    0x48,0x0d,0x00,0x02,0x40,0x20,0x00,0x41,0xff,0x00,0x4d,0x0d,0x00,0x02,0x40,0x20,
    0x00,0x41,0xff,0x0f,0x4b,0x0d,0x00,0x20,0x01,0x20,0x00,0x41,0x06,0x76,0x41,0x40,
    0x72,0x10,0x90,0x80,0x80,0x80,0x00,0x20,0x00,0x41,0x3f,0x71,0x41,0x80,0x7f,0x72,
    0x21,0x00,0x0c,0x01,0x0b,0x02,0x40,0x20,0x00,0x41,0xff,0xff,0x03,0x4b,0x0d,0x00,
    0x20,0x01,0x20,0x00,0x41,0x0c,0x76,0x41,0x60,0x72,0x10,0x90,0x80,0x80,0x80,0x00,
    0x20,0x01,0x20,0x00,0x41,0x06,0x76,0x41,0x3f,0x71,0x41,0x80,0x7f,0x72,0x10,0x90,
    0x80,0x80,0x80,0x00,0x20,0x00,0x41,0x3f,0x71,0x41,0x80,0x7f,0x72,0x21,0x00,0x0c,
    0x01,0x0b,0x20,0x01,0x20,0x00,0x41,0x12,0x76,0x41,0x70,0x72,0x10,0x90,0x80,0x80,
    0x80,0x00,0x20,0x01,0x20,0x00,0x41,0x0c,0x76,0x41,0x3f,0x71,0x41,0x80,0x7f,0x72,
    0x10,0x90,0x80,0x80,0x80,0x00,0x20,0x01,0x20,0x00,0x41,0x06,0x76,0x41,0x3f,0x71,
    0x41,0x80,0x7f,0x72,0x10,0x90,0x80,0x80,0x80,0x00,0x20,0x00,0x41,0x3f,0x71,0x41,
    0x80,0x7f,0x72,0x21,0x00,0x0b,0x20,0x01,0x20,0x00,0xc0,0x10,0x90,0x80,0x80,0x80,
    0x00,0x0b,0x0b,0x84,0x07,0x04,0x03,0x7f,0x01,0x7e,0x02,0x7f,0x02,0x7e,0x23,0x80,
    0x80,0x80,0x80,0x00,0x41,0xf0,0x00,0x6b,0x22,0x01,0x24,0x80,0x80,0x80,0x80,0x00,
    0x20,0x01,0x20,0x00,0x36,0x02,0x28,0x20,0x01,0x20,0x00,0x36,0x02,0x04,0x20,0x01,
    0x42,0x00,0x37,0x03,0x58,0x41,0x7f,0x21,0x02,0x20,0x01,0x41,0x7f,0x36,0x02,0x08,
    0x20,0x01,0x42,0x00,0x37,0x03,0x60,0x20,0x01,0x41,0x7f,0x36,0x02,0x54,0x02,0x40,
    0x02,0x40,0x03,0x40,0x02,0x40,0x02,0x40,0x20,0x00,0x20,0x02,0x46,0x0d,0x00,0x20,
    0x01,0x20,0x00,0x41,0x01,0x6a,0x36,0x02,0x04,0x20,0x00,0x2d,0x00,0x00,0x21,0x00,
    0x0c,0x01,0x0b,0x20,0x01,0x10,0xa3,0x82,0x80,0x80,0x00,0x21,0x00,0x0b,0x02,0x40,
    0x02,0x40,0x20,0x00,0x41,0x77,0x6a,0x41,0x05,0x49,0x0d,0x00,0x20,0x00,0x41,0x60,
    0x6a,0x0e,0x0e,0x00,0x03,0x03,0x03,0x03,0x03,0x03,0x03,0x03,0x03,0x03,0x01,0x03,
    0x01,0x03,0x0b,0x20,0x01,0x28,0x02,0x54,0x21,0x02,0x20,0x01,0x28,0x02,0x04,0x21,
    0x00,0x0c,0x01,0x0b,0x0b,0x41,0x7f,0x41,0x00,0x20,0x00,0x41,0x2d,0x46,0x1b,0x21,
    0x03,0x02,0x40,0x20,0x01,0x28,0x02,0x04,0x22,0x00,0x20,0x01,0x28,0x02,0x54,0x46,
    0x0d,0x00,0x20,0x01,0x20,0x00,0x41,0x01,0x6a,0x36,0x02,0x04,0x20,0x00,0x2d,0x00,
    0x00,0x21,0x00,0x0c,0x02,0x0b,0x20,0x01,0x10,0xa3,0x82,0x80,0x80,0x00,0x21,0x00,
    0x0c,0x01,0x0b,0x41,0x00,0x21,0x03,0x0b,0x02,0x40,0x02,0x40,0x02,0x40,0x02,0x40,
    0x02,0x40,0x20,0x00,0x41,0x30,0x47,0x0d,0x00,0x02,0x40,0x02,0x40,0x20,0x01,0x28,
    0x02,0x04,0x22,0x00,0x20,0x01,0x28,0x02,0x54,0x46,0x0d,0x00,0x20,0x01,0x20,0x00,
    0x41,0x01,0x6a,0x36,0x02,0x04,0x20,0x00,0x2d,0x00,0x00,0x21,0x00,0x0c,0x01,0x0b,
    0x20,0x01,0x10,0xa3,0x82,0x80,0x80,0x00,0x21,0x00,0x0b,0x20,0x00,0x41,0x5f,0x71,
    0x41,0xd8,0x00,0x47,0x0d,0x01,0x02,0x40,0x02,0x40,0x20,0x01,0x28,0x02,0x04,0x22,
    0x00,0x20,0x01,0x28,0x02,0x54,0x46,0x0d,0x00,0x20,0x01,0x20,0x00,0x41,0x01,0x6a,
    0x36,0x02,0x04,0x20,0x00,0x2d,0x00,0x00,0x21,0x00,0x0c,0x01,0x0b,0x20,0x01,0x10,
    0xa3,0x82,0x80,0x80,0x00,0x21,0x00,0x0b,0x41,0x00,0x21,0x02,0x20,0x00,0x41,0xd1,
    0xa2,0x84,0x80,0x00,0x6a,0x2d,0x00,0x00,0x22,0x00,0x41,0x0f,0x4b,0x0d,0x04,0x0c,
    0x02,0x0b,0x20,0x00,0x41,0xd1,0xa2,0x84,0x80,0x00,0x6a,0x2d,0x00,0x00,0x22,0x00,
    0x41,0x10,0x49,0x0d,0x01,0x41,0x00,0x21,0x02,0x41,0x00,0x41,0x1c,0x36,0x02,0xf0,
    0xbe,0x84,0x80,0x00,0x0c,0x03,0x0b,0x20,0x00,0x41,0xd1,0xa2,0x84,0x80,0x00,0x6a,
    0x2d,0x00,0x00,0x22,0x00,0x41,0x0f,0x4d,0x0d,0x00,0x42,0x00,0x21,0x04,0x0c,0x01,
    0x0b,0x41,0x00,0x21,0x05,0x03,0x40,0x02,0x40,0x02,0x40,0x20,0x01,0x28,0x02,0x04,
    0x22,0x02,0x20,0x01,0x28,0x02,0x54,0x46,0x0d,0x00,0x20,0x01,0x20,0x02,0x41,0x01,
    0x6a,0x36,0x02,0x04,0x20,0x02,0x2d,0x00,0x00,0x21,0x02,0x0c,0x01,0x0b,0x20,0x01,
    0x10,0xa3,0x82,0x80,0x80,0x00,0x21,0x02,0x0b,0x20,0x05,0x41,0x04,0x74,0x22,0x06,
    0x20,0x00,0x41,0xff,0x01,0x71,0x72,0x21,0x05,0x02,0x40,0x20,0x02,0x41,0xd1,0xa2,
    0x84,0x80,0x00,0x6a,0x2d,0x00,0x00,0x22,0x00,0x41,0x0f,0x4b,0x0d,0x00,0x20,0x06,
    0x41,0x80,0x80,0x80,0xc0,0x00,0x49,0x0d,0x01,0x0b,0x0b,0x20,0x05,0xad,0x21,0x04,
    0x02,0x40,0x02,0x40,0x02,0x40,0x20,0x00,0x41,0x0f,0x4b,0x0d,0x00,0x03,0x40,0x20,
    0x00,0xad,0x42,0xff,0x01,0x83,0x21,0x07,0x02,0x40,0x02,0x40,0x20,0x01,0x28,0x02,
    0x04,0x22,0x00,0x20,0x01,0x28,0x02,0x54,0x46,0x0d,0x00,0x20,0x01,0x20,0x00,0x41,
    0x01,0x6a,0x36,0x02,0x04,0x20,0x00,0x2d,0x00,0x00,0x21,0x00,0x0c,0x01,0x0b,0x20,
    0x01,0x10,0xa3,0x82,0x80,0x80,0x00,0x21,0x00,0x0b,0x20,0x04,0x42,0x04,0x86,0x22,
    0x08,0x20,0x07,0x84,0x21,0x04,0x02,0x40,0x20,0x00,0x41,0xd1,0xa2,0x84,0x80,0x00,
    0x6a,0x2d,0x00,0x00,0x22,0x00,0x41,0x0f,0x4b,0x0d,0x00,0x20,0x08,0x42,0x80,0x80,
    0x80,0x80,0x80,0x80,0x80,0x80,0x10,0x54,0x0d,0x01,0x0b,0x0b,0x20,0x00,0x41,0x0f,
    0x4b,0x0d,0x00,0x03,0x40,0x02,0x40,0x02,0x40,0x20,0x01,0x28,0x02,0x04,0x22,0x00,
    0x20,0x01,0x28,0x02,0x54,0x46,0x0d,0x00,0x20,0x01,0x20,0x00,0x41,0x01,0x6a,0x36,
    0x02,0x04,0x20,0x00,0x2d,0x00,0x00,0x21,0x00,0x0c,0x01,0x0b,0x20,0x01,0x10,0xa3,
    0x82,0x80,0x80,0x00,0x21,0x00,0x0b,0x20,0x00,0x41,0xd1,0xa2,0x84,0x80,0x00,0x6a,
    0x2d,0x00,0x00,0x41,0x10,0x49,0x0d,0x00,0x0b,0x41,0x00,0x41,0xc4,0x00,0x36,0x02,
    0xf0,0xbe,0x84,0x80,0x00,0x20,0x03,0x45,0x0d,0x01,0x42,0x80,0x80,0x80,0x80,0x08,
    0x21,0x04,0x0c,0x03,0x0b,0x20,0x04,0x42,0x80,0x80,0x80,0x80,0x08,0x54,0x0d,0x02,
    0x20,0x03,0x0d,0x01,0x0b,0x41,0x00,0x41,0xc4,0x00,0x36,0x02,0xf0,0xbe,0x84,0x80,
    0x00,0x41,0xff,0xff,0xff,0xff,0x07,0x21,0x02,0x0c,0x02,0x0b,0x20,0x04,0x42,0x80,
    0x80,0x80,0x80,0x08,0x51,0x0d,0x00,0x41,0x00,0x41,0xc4,0x00,0x36,0x02,0xf0,0xbe,
    0x84,0x80,0x00,0x41,0x80,0x80,0x80,0x80,0x78,0x21,0x02,0x0c,0x01,0x0b,0x20,0x03,
    0x20,0x04,0xa7,0x73,0x20,0x03,0x6b,0x21,0x02,0x0b,0x20,0x01,0x41,0xf0,0x00,0x6a,
    0x24,0x80,0x80,0x80,0x80,0x00,0x20,0x02,0x0b,0x04,0x00,0x41,0x00,0x0b,0x83,0x37,
    0x01,0x0b,0x7f,0x23,0x80,0x80,0x80,0x80,0x00,0x41,0x10,0x6b,0x22,0x01,0x24,0x80,
    0x80,0x80,0x80,0x00,0x02,0x40,0x02,0x40,0x02,0x40,0x02,0x40,0x02,0x40,0x02,0x40,
    0x02,0x40,0x02,0x40,0x02,0x40,0x41,0x00,0x28,0x02,0x98,0xbb,0x84,0x80,0x00,0x22,
    0x02,0x0d,0x00,0x02,0x40,0x41,0x00,0x28,0x02,0xd8,0xbe,0x84,0x80,0x00,0x22,0x03,
    0x0d,0x00,0x41,0x00,0x41,0x80,0x80,0x84,0x80,0x00,0x36,0x02,0xe0,0xbe,0x84,0x80,
    0x00,0x41,0x00,0x42,0x7f,0x37,0x02,0xe4,0xbe,0x84,0x80,0x00,0x41,0x00,0x41,0x80,
    0x80,0x84,0x80,0x00,0x36,0x02,0xdc,0xbe,0x84,0x80,0x00,0x41,0x00,0x20,0x01,0x41,
    0x08,0x6a,0x41,0x70,0x71,0x41,0xd8,0xaa,0xd5,0xaa,0x05,0x73,0x22,0x03,0x36,0x02,
    0xd8,0xbe,0x84,0x80,0x00,0x41,0x00,0x41,0x00,0x36,0x02,0xec,0xbe,0x84,0x80,0x00,
    0x41,0x00,0x41,0x00,0x36,0x02,0xbc,0xbe,0x84,0x80,0x00,0x0b,0x41,0x80,0x80,0x88,
    0x80,0x00,0x41,0x80,0xbf,0x84,0x80,0x00,0x49,0x0d,0x01,0x41,0x00,0x21,0x02,0x41,
    0x80,0x80,0x88,0x80,0x00,0x41,0x80,0xbf,0x84,0x80,0x00,0x6b,0x41,0xd9,0x00,0x49,
    0x0d,0x00,0x41,0x00,0x41,0x80,0xbf,0x84,0x80,0x00,0x36,0x02,0xc0,0xbe,0x84,0x80,
    0x00,0x41,0x00,0x41,0x80,0xbf,0x84,0x80,0x00,0x36,0x02,0x90,0xbb,0x84,0x80,0x00,
    0x41,0x00,0x20,0x03,0x36,0x02,0xa4,0xbb,0x84,0x80,0x00,0x41,0x00,0x41,0xa8,0xbb,
    0x84,0x80,0x00,0x36,0x02,0xb4,0xbb,0x84,0x80,0x00,0x41,0x00,0x41,0x7f,0x36,0x02,
    0xa0,0xbb,0x84,0x80,0x00,0x41,0x00,0x41,0xb0,0xbb,0x84,0x80,0x00,0x36,0x02,0xbc,
    0xbb,0x84,0x80,0x00,0x41,0x00,0x41,0xa8,0xbb,0x84,0x80,0x00,0x36,0x02,0xb0,0xbb,
    0x84,0x80,0x00,0x41,0x00,0x41,0xb8,0xbb,0x84,0x80,0x00,0x36,0x02,0xc4,0xbb,0x84,
    0x80,0x00,0x41,0x00,0x41,0xb0,0xbb,0x84,0x80,0x00,0x36,0x02,0xb8,0xbb,0x84,0x80,
    0x00,0x41,0x00,0x41,0xc0,0xbb,0x84,0x80,0x00,0x36,0x02,0xcc,0xbb,0x84,0x80,0x00,
    0x41,0x00,0x41,0xb8,0xbb,0x84,0x80,0x00,0x36,0x02,0xc0,0xbb,0x84,0x80,0x00,0x41,
    0x00,0x41,0xc8,0xbb,0x84,0x80,0x00,0x36,0x02,0xd4,0xbb,0x84,0x80,0x00,0x41,0x00,
    0x41,0xc0,0xbb,0x84,0x80,0x00,0x36,0x02,0xc8,0xbb,0x84,0x80,0x00,0x41,0x00,0x41,
    0xd0,0xbb,0x84,0x80,0x00,0x36,0x02,0xdc,0xbb,0x84,0x80,0x00,0x41,0x00,0x41,0xc8,
    0xbb,0x84,0x80,0x00,0x36,0x02,0xd0,0xbb,0x84,0x80,0x00,0x41,0x00,0x41,0xd8,0xbb,
    0x84,0x80,0x00,0x36,0x02,0xe4,0xbb,0x84,0x80,0x00,0x41,0x00,0x41,0xd0,0xbb,0x84,
    0x80,0x00,0x36,0x02,0xd8,0xbb,0x84,0x80,0x00,0x41,0x00,0x41,0x80,0x80,0x88,0x80,
    0x00,0x41,0x80,0xbf,0x84,0x80,0x00,0x6b,0x22,0x03,0x36,0x02,0xc4,0xbe,0x84,0x80,
    0x00,0x41,0x00,0x20,0x03,0x36,0x02,0xb4,0xbe,0x84,0x80,0x00,0x41,0x00,0x20,0x03,
    0x36,0x02,0xb0,0xbe,0x84,0x80,0x00,0x41,0x00,0x41,0xe0,0xbb,0x84,0x80,0x00,0x36,
    0x02,0xec,0xbb,0x84,0x80,0x00,0x41,0x00,0x41,0xd8,0xbb,0x84,0x80,0x00,0x36,0x02,
    0xe0,0xbb,0x84,0x80,0x00,0x41,0x00,0x41,0xe0,0xbb,0x84,0x80,0x00,0x36,0x02,0xe8,
    0xbb,0x84,0x80,0x00,0x41,0x00,0x41,0xe8,0xbb,0x84,0x80,0x00,0x36,0x02,0xf4,0xbb,
    0x84,0x80,0x00,0x41,0x00,0x41,0xe8,0xbb,0x84,0x80,0x00,0x36,0x02,0xf0,0xbb,0x84,
    0x80,0x00,0x41,0x00,0x41,0xf0,0xbb,0x84,0x80,0x00,0x36,0x02,0xfc,0xbb,0x84,0x80,
    0x00,0x41,0x00,0x41,0xf0,0xbb,0x84,0x80,0x00,0x36,0x02,0xf8,0xbb,0x84,0x80,0x00,
    0x41,0x00,0x41,0xf8,0xbb,0x84,0x80,0x00,0x36,0x02,0x84,0xbc,0x84,0x80,0x00,0x41,
    0x00,0x41,0xf8,0xbb,0x84,0x80,0x00,0x36,0x02,0x80,0xbc,0x84,0x80,0x00,0x41,0x00,
    0x41,0x80,0xbc,0x84,0x80,0x00,0x36,0x02,0x8c,0xbc,0x84,0x80,0x00,0x41,0x00,0x41,
    0x80,0xbc,0x84,0x80,0x00,0x36,0x02,0x88,0xbc,0x84,0x80,0x00,0x41,0x00,0x41,0x88,
    0xbc,0x84,0x80,0x00,0x36,0x02,0x94,0xbc,0x84,0x80,0x00,0x41,0x00,0x41,0x88,0xbc,
    0x84,0x80,0x00,0x36,0x02,0x90,0xbc,0x84,0x80,0x00,0x41,0x00,0x41,0x90,0xbc,0x84,
    0x80,0x00,0x36,0x02,0x9c,0xbc,0x84,0x80,0x00,0x41,0x00,0x41,0x90,0xbc,0x84,0x80,
    0x00,0x36,0x02,0x98,0xbc,0x84,0x80,0x00,0x41,0x00,0x41,0x98,0xbc,0x84,0x80,0x00,
    0x36,0x02,0xa4,0xbc,0x84,0x80,0x00,0x41,0x00,0x41,0x98,0xbc,0x84,0x80,0x00,0x36,
    0x02,0xa0,0xbc,0x84,0x80,0x00,0x41,0x00,0x41,0xa0,0xbc,0x84,0x80,0x00,0x36,0x02,
    0xac,0xbc,0x84,0x80,0x00,0x41,0x00,0x41,0xa8,0xbc,0x84,0x80,0x00,0x36,0x02,0xb4,
    0xbc,0x84,0x80,0x00,0x41,0x00,0x41,0xa0,0xbc,0x84,0x80,0x00,0x36,0x02,0xa8,0xbc,
    0x84,0x80,0x00,0x41,0x00,0x41,0xb0,0xbc,0x84,0x80,0x00,0x36,0x02,0xbc,0xbc,0x84,
    0x80,0x00,0x41,0x00,0x41,0xa8,0xbc,0x84,0x80,0x00,0x36,0x02,0xb0,0xbc,0x84,0x80,
    0x00,0x41,0x00,0x41,0xb8,0xbc,0x84,0x80,0x00,0x36,0x02,0xc4,0xbc,0x84,0x80,0x00,
    0x41,0x00,0x41,0xb0,0xbc,0x84,0x80,0x00,0x36,0x02,0xb8,0xbc,0x84,0x80,0x00,0x41,
    0x00,0x41,0xc0,0xbc,0x84,0x80,0x00,0x36,0x02,0xcc,0xbc,0x84,0x80,0x00,0x41,0x00,
    0x41,0xb8,0xbc,0x84,0x80,0x00,0x36,0x02,0xc0,0xbc,0x84,0x80,0x00,0x41,0x00,0x41,
    0xc8,0xbc,0x84,0x80,0x00,0x36,0x02,0xd4,0xbc,0x84,0x80,0x00,0x41,0x00,0x41,0xc0,
    0xbc,0x84,0x80,0x00,0x36,0x02,0xc8,0xbc,0x84,0x80,0x00,0x41,0x00,0x41,0xd0,0xbc,
    0x84,0x80,0x00,0x36,0x02,0xdc,0xbc,0x84,0x80,0x00,0x41,0x00,0x41,0xc8,0xbc,0x84,
    0x80,0x00,0x36,0x02,0xd0,0xbc,0x84,0x80,0x00,0x41,0x00,0x41,0xd8,0xbc,0x84,0x80,
    0x00,0x36,0x02,0xe4,0xbc,0x84,0x80,0x00,0x41,0x00,0x41,0xd0,0xbc,0x84,0x80,0x00,
    0x36,0x02,0xd8,0xbc,0x84,0x80,0x00,0x41,0x00,0x41,0xe0,0xbc,0x84,0x80,0x00,0x36,
    0x02,0xec,0xbc,0x84,0x80,0x00,0x41,0x00,0x41,0xd8,0xbc,0x84,0x80,0x00,0x36,0x02,
    0xe0,0xbc,0x84,0x80,0x00,0x41,0x00,0x41,0xe8,0xbc,0x84,0x80,0x00,0x36,0x02,0xf4,
    0xbc,0x84,0x80,0x00,0x41,0x00,0x41,0xe0,0xbc,0x84,0x80,0x00,0x36,0x02,0xe8,0xbc,
    0x84,0x80,0x00,0x41,0x00,0x41,0xf0,0xbc,0x84,0x80,0x00,0x36,0x02,0xfc,0xbc,0x84,
    0x80,0x00,0x41,0x00,0x41,0xe8,0xbc,0x84,0x80,0x00,0x36,0x02,0xf0,0xbc,0x84,0x80,
    0x00,0x41,0x00,0x41,0xf8,0xbc,0x84,0x80,0x00,0x36,0x02,0x84,0xbd,0x84,0x80,0x00,
    0x41,0x00,0x41,0xf0,0xbc,0x84,0x80,0x00,0x36,0x02,0xf8,0xbc,0x84,0x80,0x00,0x41,
    0x00,0x41,0x80,0xbd,0x84,0x80,0x00,0x36,0x02,0x8c,0xbd,0x84,0x80,0x00,0x41,0x00,
    0x41,0xf8,0xbc,0x84,0x80,0x00,0x36,0x02,0x80,0xbd,0x84,0x80,0x00,0x41,0x00,0x41,
    0x88,0xbd,0x84,0x80,0x00,0x36,0x02,0x94,0xbd,0x84,0x80,0x00,0x41,0x00,0x41,0x80,
    0xbd,0x84,0x80,0x00,0x36,0x02,0x88,0xbd,0x84,0x80,0x00,0x41,0x00,0x41,0x90,0xbd,
    0x84,0x80,0x00,0x36,0x02,0x9c,0xbd,0x84,0x80,0x00,0x41,0x00,0x41,0x88,0xbd,0x84,
    0x80,0x00,0x36,0x02,0x90,0xbd,0x84,0x80,0x00,0x41,0x00,0x41,0x98,0xbd,0x84,0x80,
    0x00,0x36,0x02,0xa4,0xbd,0x84,0x80,0x00,0x41,0x00,0x41,0x90,0xbd,0x84,0x80,0x00,
    0x36,0x02,0x98,0xbd,0x84,0x80,0x00,0x41,0x00,0x41,0xa0,0xbd,0x84,0x80,0x00,0x36,
    0x02,0xac,0xbd,0x84,0x80,0x00,0x41,0x00,0x41,0x98,0xbd,0x84,0x80,0x00,0x36,0x02,
    0xa0,0xbd,0x84,0x80,0x00,0x41,0x00,0x41,0xa0,0xbd,0x84,0x80,0x00,0x36,0x02,0xa8,
    0xbd,0x84,0x80,0x00,0x41,0x00,0x41,0x80,0xbf,0x84,0x80,0x00,0x41,0x78,0x41,0x80,
    0xbf,0x84,0x80,0x00,0x6b,0x41,0x0f,0x71,0x22,0x04,0x6a,0x22,0x02,0x36,0x02,0x98,
    0xbb,0x84,0x80,0x00,0x41,0x00,0x20,0x03,0x20,0x04,0x6b,0x41,0x48,0x6a,0x22,0x03,
    0x36,0x02,0x8c,0xbb,0x84,0x80,0x00,0x20,0x02,0x20,0x03,0x41,0x01,0x72,0x36,0x02,
    0x04,0x41,0x80,0x80,0x88,0x80,0x00,0x41,0x4c,0x6a,0x41,0x38,0x36,0x02,0x00,0x41,
    0x00,0x41,0x00,0x28,0x02,0xe8,0xbe,0x84,0x80,0x00,0x36,0x02,0x9c,0xbb,0x84,0x80,
    0x00,0x0b,0x02,0x40,0x02,0x40,0x02,0x40,0x02,0x40,0x02,0x40,0x02,0x40,0x02,0x40,
    0x02,0x40,0x20,0x00,0x41,0xec,0x01,0x4b,0x0d,0x00,0x02,0x40,0x41,0x00,0x28,0x02,
    0x80,0xbb,0x84,0x80,0x00,0x22,0x05,0x41,0x10,0x20,0x00,0x41,0x13,0x6a,0x41,0xf0,
    0x03,0x71,0x20,0x00,0x41,0x0b,0x49,0x1b,0x22,0x04,0x41,0x03,0x76,0x22,0x03,0x76,
    0x22,0x00,0x41,0x03,0x71,0x45,0x0d,0x00,0x02,0x40,0x02,0x40,0x20,0x00,0x41,0x01,
    0x71,0x20,0x03,0x72,0x41,0x01,0x73,0x22,0x06,0x41,0x03,0x74,0x22,0x03,0x41,0xa8,
    0xbb,0x84,0x80,0x00,0x6a,0x22,0x00,0x20,0x03,0x28,0x02,0xb0,0xbb,0x84,0x80,0x00,
    0x22,0x04,0x28,0x02,0x08,0x22,0x07,0x47,0x0d,0x00,0x41,0x00,0x20,0x05,0x41,0x7e,
    0x20,0x06,0x77,0x71,0x36,0x02,0x80,0xbb,0x84,0x80,0x00,0x0c,0x01,0x0b,0x20,0x00,
    0x20,0x07,0x36,0x02,0x08,0x20,0x07,0x20,0x00,0x36,0x02,0x0c,0x0b,0x20,0x04,0x41,
    0x08,0x6a,0x21,0x00,0x20,0x04,0x20,0x03,0x41,0x03,0x72,0x36,0x02,0x04,0x20,0x04,
    0x20,0x03,0x6a,0x22,0x03,0x20,0x03,0x28,0x02,0x04,0x41,0x01,0x72,0x36,0x02,0x04,
    0x0c,0x10,0x0b,0x20,0x04,0x41,0x00,0x28,0x02,0x88,0xbb,0x84,0x80,0x00,0x22,0x08,
    0x4d,0x0d,0x01,0x02,0x40,0x20,0x00,0x45,0x0d,0x00,0x02,0x40,0x02,0x40,0x20,0x00,
    0x20,0x03,0x74,0x41,0x02,0x20,0x03,0x74,0x22,0x00,0x41,0x00,0x20,0x00,0x6b,0x72,
    0x71,0x68,0x22,0x09,0x41,0x03,0x74,0x22,0x03,0x41,0xa8,0xbb,0x84,0x80,0x00,0x6a,
    0x22,0x07,0x20,0x03,0x28,0x02,0xb0,0xbb,0x84,0x80,0x00,0x22,0x00,0x28,0x02,0x08,
    0x22,0x06,0x47,0x0d,0x00,0x41,0x00,0x20,0x05,0x41,0x7e,0x20,0x09,0x77,0x71,0x22,
    0x05,0x36,0x02,0x80,0xbb,0x84,0x80,0x00,0x0c,0x01,0x0b,0x20,0x07,0x20,0x06,0x36,
    0x02,0x08,0x20,0x06,0x20,0x07,0x36,0x02,0x0c,0x0b,0x20,0x00,0x20,0x04,0x41,0x03,
    0x72,0x36,0x02,0x04,0x20,0x00,0x20,0x03,0x6a,0x20,0x03,0x20,0x04,0x6b,0x22,0x07,
    0x36,0x02,0x00,0x20,0x00,0x20,0x04,0x6a,0x22,0x06,0x20,0x07,0x41,0x01,0x72,0x36,
    0x02,0x04,0x02,0x40,0x20,0x08,0x45,0x0d,0x00,0x20,0x08,0x41,0x78,0x71,0x41,0xa8,
    0xbb,0x84,0x80,0x00,0x6a,0x21,0x04,0x41,0x00,0x28,0x02,0x94,0xbb,0x84,0x80,0x00,
    0x21,0x03,0x02,0x40,0x02,0x40,0x20,0x05,0x41,0x01,0x20,0x08,0x41,0x03,0x76,0x74,
    0x22,0x09,0x71,0x0d,0x00,0x41,0x00,0x20,0x05,0x20,0x09,0x72,0x36,0x02,0x80,0xbb,
    0x84,0x80,0x00,0x20,0x04,0x21,0x09,0x0c,0x01,0x0b,0x20,0x04,0x28,0x02,0x08,0x21,
    0x09,0x0b,0x20,0x09,0x20,0x03,0x36,0x02,0x0c,0x20,0x04,0x20,0x03,0x36,0x02,0x08,
    0x20,0x03,0x20,0x04,0x36,0x02,0x0c,0x20,0x03,0x20,0x09,0x36,0x02,0x08,0x0b,0x20,
    0x00,0x41,0x08,0x6a,0x21,0x00,0x41,0x00,0x20,0x06,0x36,0x02,0x94,0xbb,0x84,0x80,
    0x00,0x41,0x00,0x20,0x07,0x36,0x02,0x88,0xbb,0x84,0x80,0x00,0x0c,0x10,0x0b,0x41,
    0x00,0x28,0x02,0x84,0xbb,0x84,0x80,0x00,0x22,0x0a,0x45,0x0d,0x01,0x20,0x0a,0x68,
    0x41,0x02,0x74,0x28,0x02,0xb0,0xbd,0x84,0x80,0x00,0x22,0x07,0x28,0x02,0x04,0x41,
    0x78,0x71,0x20,0x04,0x6b,0x21,0x03,0x20,0x07,0x21,0x06,0x02,0x40,0x03,0x40,0x02,
    0x40,0x20,0x07,0x28,0x02,0x10,0x22,0x00,0x0d,0x00,0x20,0x07,0x28,0x02,0x14,0x22,
    0x00,0x45,0x0d,0x02,0x0b,0x20,0x00,0x28,0x02,0x04,0x41,0x78,0x71,0x20,0x04,0x6b,
    0x22,0x07,0x20,0x03,0x20,0x07,0x20,0x03,0x49,0x22,0x07,0x1b,0x21,0x03,0x20,0x00,
    0x20,0x06,0x20,0x07,0x1b,0x21,0x06,0x20,0x00,0x21,0x07,0x0c,0x00,0x0b,0x0b,0x20,
    0x06,0x28,0x02,0x18,0x21,0x02,0x02,0x40,0x20,0x06,0x28,0x02,0x0c,0x22,0x00,0x20,
    0x06,0x46,0x0d,0x00,0x20,0x06,0x28,0x02,0x08,0x22,0x07,0x20,0x00,0x36,0x02,0x0c,
    0x20,0x00,0x20,0x07,0x36,0x02,0x08,0x0c,0x0f,0x0b,0x02,0x40,0x02,0x40,0x20,0x06,
    0x28,0x02,0x14,0x22,0x07,0x45,0x0d,0x00,0x20,0x06,0x41,0x14,0x6a,0x21,0x09,0x0c,
    0x01,0x0b,0x20,0x06,0x28,0x02,0x10,0x22,0x07,0x45,0x0d,0x03,0x20,0x06,0x41,0x10,
    0x6a,0x21,0x09,0x0b,0x03,0x40,0x20,0x09,0x21,0x0b,0x20,0x07,0x22,0x00,0x41,0x14,
    0x6a,0x21,0x09,0x20,0x00,0x28,0x02,0x14,0x22,0x07,0x0d,0x00,0x20,0x00,0x41,0x10,
    0x6a,0x21,0x09,0x20,0x00,0x28,0x02,0x10,0x22,0x07,0x0d,0x00,0x0b,0x20,0x0b,0x41,
    0x00,0x36,0x02,0x00,0x0c,0x0e,0x0b,0x41,0x7f,0x21,0x04,0x20,0x00,0x41,0xbf,0x7f,
    0x4b,0x0d,0x00,0x20,0x00,0x41,0x13,0x6a,0x22,0x03,0x41,0x70,0x71,0x21,0x04,0x41,
    0x00,0x28,0x02,0x84,0xbb,0x84,0x80,0x00,0x22,0x0a,0x45,0x0d,0x00,0x41,0x1f,0x21,
    0x08,0x02,0x40,0x20,0x00,0x41,0xec,0xff,0xff,0x07,0x4b,0x0d,0x00,0x20,0x04,0x41,
    0x26,0x20,0x03,0x41,0x08,0x76,0x67,0x22,0x00,0x6b,0x76,0x41,0x01,0x71,0x20,0x00,
    0x41,0x01,0x74,0x6b,0x41,0x3e,0x6a,0x21,0x08,0x0b,0x41,0x00,0x20,0x04,0x6b,0x21,
    0x03,0x02,0x40,0x02,0x40,0x02,0x40,0x02,0x40,0x20,0x08,0x41,0x02,0x74,0x28,0x02,
    0xb0,0xbd,0x84,0x80,0x00,0x22,0x07,0x0d,0x00,0x41,0x00,0x21,0x00,0x41,0x00,0x21,
    0x09,0x0c,0x01,0x0b,0x41,0x00,0x21,0x00,0x20,0x04,0x41,0x00,0x41,0x19,0x20,0x08,
    0x41,0x01,0x76,0x6b,0x20,0x08,0x41,0x1f,0x46,0x1b,0x74,0x21,0x06,0x41,0x00,0x21,
    0x09,0x03,0x40,0x02,0x40,0x20,0x07,0x28,0x02,0x04,0x41,0x78,0x71,0x20,0x04,0x6b,
    0x22,0x05,0x20,0x03,0x4f,0x0d,0x00,0x20,0x05,0x21,0x03,0x20,0x07,0x21,0x09,0x20,
    0x05,0x0d,0x00,0x41,0x00,0x21,0x03,0x20,0x07,0x21,0x09,0x20,0x07,0x21,0x00,0x0c,
    0x03,0x0b,0x20,0x00,0x20,0x07,0x28,0x02,0x14,0x22,0x05,0x20,0x05,0x20,0x07,0x20,
    0x06,0x41,0x1d,0x76,0x41,0x04,0x71,0x6a,0x28,0x02,0x10,0x22,0x0b,0x46,0x1b,0x20,
    0x00,0x20,0x05,0x1b,0x21,0x00,0x20,0x06,0x41,0x01,0x74,0x21,0x06,0x20,0x0b,0x21,
    0x07,0x20,0x0b,0x0d,0x00,0x0b,0x0b,0x02,0x40,0x20,0x00,0x20,0x09,0x72,0x0d,0x00,
    0x41,0x00,0x21,0x09,0x41,0x02,0x20,0x08,0x74,0x22,0x00,0x41,0x00,0x20,0x00,0x6b,
    0x72,0x20,0x0a,0x71,0x22,0x00,0x45,0x0d,0x03,0x20,0x00,0x68,0x41,0x02,0x74,0x28,
    0x02,0xb0,0xbd,0x84,0x80,0x00,0x21,0x00,0x0b,0x20,0x00,0x45,0x0d,0x01,0x0b,0x03,
    0x40,0x20,0x00,0x28,0x02,0x04,0x41,0x78,0x71,0x20,0x04,0x6b,0x22,0x05,0x20,0x03,
    0x49,0x21,0x06,0x02,0x40,0x20,0x00,0x28,0x02,0x10,0x22,0x07,0x0d,0x00,0x20,0x00,
    0x28,0x02,0x14,0x21,0x07,0x0b,0x20,0x05,0x20,0x03,0x20,0x06,0x1b,0x21,0x03,0x20,
    0x00,0x20,0x09,0x20,0x06,0x1b,0x21,0x09,0x20,0x07,0x21,0x00,0x20,0x07,0x0d,0x00,
    0x0b,0x0b,0x20,0x09,0x45,0x0d,0x00,0x20,0x03,0x41,0x00,0x28,0x02,0x88,0xbb,0x84,
    0x80,0x00,0x20,0x04,0x6b,0x4f,0x0d,0x00,0x20,0x09,0x28,0x02,0x18,0x21,0x0b,0x02,
    0x40,0x20,0x09,0x28,0x02,0x0c,0x22,0x00,0x20,0x09,0x46,0x0d,0x00,0x20,0x09,0x28,
    0x02,0x08,0x22,0x07,0x20,0x00,0x36,0x02,0x0c,0x20,0x00,0x20,0x07,0x36,0x02,0x08,
    0x0c,0x0d,0x0b,0x02,0x40,0x02,0x40,0x20,0x09,0x28,0x02,0x14,0x22,0x07,0x45,0x0d,
    0x00,0x20,0x09,0x41,0x14,0x6a,0x21,0x06,0x0c,0x01,0x0b,0x20,0x09,0x28,0x02,0x10,
    0x22,0x07,0x45,0x0d,0x03,0x20,0x09,0x41,0x10,0x6a,0x21,0x06,0x0b,0x03,0x40,0x20,
    0x06,0x21,0x05,0x20,0x07,0x22,0x00,0x41,0x14,0x6a,0x21,0x06,0x20,0x00,0x28,0x02,
    0x14,0x22,0x07,0x0d,0x00,0x20,0x00,0x41,0x10,0x6a,0x21,0x06,0x20,0x00,0x28,0x02,
    0x10,0x22,0x07,0x0d,0x00,0x0b,0x20,0x05,0x41,0x00,0x36,0x02,0x00,0x0c,0x0c,0x0b,
    0x02,0x40,0x41,0x00,0x28,0x02,0x88,0xbb,0x84,0x80,0x00,0x22,0x00,0x20,0x04,0x49,
    0x0d,0x00,0x41,0x00,0x28,0x02,0x94,0xbb,0x84,0x80,0x00,0x21,0x03,0x02,0x40,0x02,
    0x40,0x20,0x00,0x20,0x04,0x6b,0x22,0x07,0x41,0x10,0x49,0x0d,0x00,0x20,0x03,0x20,
    0x04,0x6a,0x22,0x06,0x20,0x07,0x41,0x01,0x72,0x36,0x02,0x04,0x20,0x03,0x20,0x00,
    0x6a,0x20,0x07,0x36,0x02,0x00,0x20,0x03,0x20,0x04,0x41,0x03,0x72,0x36,0x02,0x04,
    0x0c,0x01,0x0b,0x20,0x03,0x20,0x00,0x41,0x03,0x72,0x36,0x02,0x04,0x20,0x03,0x20,
    0x00,0x6a,0x22,0x00,0x20,0x00,0x28,0x02,0x04,0x41,0x01,0x72,0x36,0x02,0x04,0x41,
    0x00,0x21,0x07,0x41,0x00,0x21,0x06,0x0b,0x41,0x00,0x20,0x07,0x36,0x02,0x88,0xbb,
    0x84,0x80,0x00,0x41,0x00,0x20,0x06,0x36,0x02,0x94,0xbb,0x84,0x80,0x00,0x20,0x03,
    0x41,0x08,0x6a,0x21,0x00,0x0c,0x0e,0x0b,0x02,0x40,0x41,0x00,0x28,0x02,0x8c,0xbb,
    0x84,0x80,0x00,0x22,0x07,0x20,0x04,0x4d,0x0d,0x00,0x20,0x02,0x20,0x04,0x6a,0x22,
    0x00,0x20,0x07,0x20,0x04,0x6b,0x22,0x03,0x41,0x01,0x72,0x36,0x02,0x04,0x41,0x00,
    0x20,0x00,0x36,0x02,0x98,0xbb,0x84,0x80,0x00,0x41,0x00,0x20,0x03,0x36,0x02,0x8c,
    0xbb,0x84,0x80,0x00,0x20,0x02,0x20,0x04,0x41,0x03,0x72,0x36,0x02,0x04,0x20,0x02,
    0x41,0x08,0x6a,0x21,0x00,0x0c,0x0e,0x0b,0x02,0x40,0x02,0x40,0x41,0x00,0x28,0x02,
    0xd8,0xbe,0x84,0x80,0x00,0x45,0x0d,0x00,0x41,0x00,0x28,0x02,0xe0,0xbe,0x84,0x80,
    0x00,0x21,0x03,0x0c,0x01,0x0b,0x41,0x80,0x80,0x84,0x80,0x00,0x21,0x03,0x41,0x00,
    0x41,0x80,0x80,0x84,0x80,0x00,0x36,0x02,0xe0,0xbe,0x84,0x80,0x00,0x41,0x00,0x42,
    0x7f,0x37,0x02,0xe4,0xbe,0x84,0x80,0x00,0x41,0x00,0x41,0x80,0x80,0x84,0x80,0x00,
    0x36,0x02,0xdc,0xbe,0x84,0x80,0x00,0x41,0x00,0x20,0x01,0x41,0x0c,0x6a,0x41,0x70,
    0x71,0x41,0xd8,0xaa,0xd5,0xaa,0x05,0x73,0x36,0x02,0xd8,0xbe,0x84,0x80,0x00,0x41,
    0x00,0x41,0x00,0x36,0x02,0xec,0xbe,0x84,0x80,0x00,0x41,0x00,0x41,0x00,0x36,0x02,
    0xbc,0xbe,0x84,0x80,0x00,0x0b,0x41,0x00,0x21,0x00,0x02,0x40,0x20,0x03,0x20,0x04,
    0x41,0xc7,0x00,0x6a,0x22,0x0b,0x6a,0x22,0x06,0x41,0x00,0x20,0x03,0x6b,0x22,0x05,
    0x71,0x22,0x09,0x20,0x04,0x4b,0x0d,0x00,0x41,0x00,0x41,0x30,0x36,0x02,0xf0,0xbe,
    0x84,0x80,0x00,0x0c,0x0e,0x0b,0x02,0x40,0x41,0x00,0x28,0x02,0xb8,0xbe,0x84,0x80,
    0x00,0x22,0x08,0x45,0x0d,0x00,0x02,0x40,0x41,0x00,0x28,0x02,0xb0,0xbe,0x84,0x80,
    0x00,0x22,0x00,0x20,0x09,0x6a,0x22,0x03,0x20,0x00,0x4d,0x0d,0x00,0x20,0x03,0x20,
    0x08,0x4d,0x0d,0x01,0x0b,0x41,0x00,0x21,0x00,0x41,0x00,0x41,0x30,0x36,0x02,0xf0,
    0xbe,0x84,0x80,0x00,0x0c,0x0e,0x0b,0x41,0x00,0x2d,0x00,0xbc,0xbe,0x84,0x80,0x00,
    0x41,0x04,0x71,0x0d,0x04,0x02,0x40,0x02,0x40,0x20,0x02,0x45,0x0d,0x00,0x41,0xc0,
    0xbe,0x84,0x80,0x00,0x21,0x00,0x03,0x40,0x02,0x40,0x20,0x02,0x20,0x00,0x28,0x02,
    0x00,0x22,0x03,0x49,0x0d,0x00,0x20,0x02,0x20,0x03,0x20,0x00,0x28,0x02,0x04,0x6a,
    0x49,0x0d,0x03,0x0b,0x20,0x00,0x28,0x02,0x08,0x22,0x00,0x0d,0x00,0x0b,0x0b,0x3f,
    0x00,0x41,0x80,0x80,0x84,0x80,0x00,0x6c,0x22,0x06,0x41,0x7f,0x46,0x0d,0x04,0x20,
    0x09,0x21,0x05,0x02,0x40,0x41,0x00,0x28,0x02,0xdc,0xbe,0x84,0x80,0x00,0x22,0x00,
    0x41,0x7f,0x6a,0x22,0x03,0x20,0x06,0x71,0x45,0x0d,0x00,0x20,0x09,0x20,0x06,0x6b,
    0x20,0x03,0x20,0x06,0x6a,0x41,0x00,0x20,0x00,0x6b,0x71,0x6a,0x21,0x05,0x0b,0x20,
    0x05,0x20,0x04,0x4d,0x0d,0x04,0x20,0x05,0x41,0xfe,0xff,0xff,0xff,0x07,0x4b,0x0d,
    0x04,0x02,0x40,0x20,0x08,0x45,0x0d,0x00,0x41,0x00,0x28,0x02,0xb0,0xbe,0x84,0x80,
    0x00,0x22,0x00,0x20,0x05,0x6a,0x22,0x03,0x20,0x00,0x4d,0x0d,0x05,0x20,0x03,0x20,
    0x08,0x4b,0x0d,0x05,0x0b,0x20,0x05,0x10,0xae,0x82,0x80,0x80,0x00,0x22,0x00,0x20,
    0x06,0x46,0x0d,0x06,0x20,0x00,0x21,0x06,0x0c,0x03,0x0b,0x20,0x06,0x20,0x07,0x6b,
    0x20,0x05,0x71,0x22,0x05,0x41,0xfe,0xff,0xff,0xff,0x07,0x4b,0x0d,0x03,0x20,0x05,
    0x10,0xae,0x82,0x80,0x80,0x00,0x22,0x06,0x20,0x00,0x28,0x02,0x00,0x20,0x00,0x28,
    0x02,0x04,0x6a,0x47,0x0d,0x02,0x20,0x06,0x41,0x7f,0x46,0x0d,0x03,0x0c,0x05,0x0b,
    0x41,0x00,0x21,0x00,0x0c,0x0b,0x0b,0x41,0x00,0x21,0x00,0x0c,0x09,0x0b,0x02,0x40,
    0x20,0x05,0x20,0x04,0x41,0xc8,0x00,0x6a,0x4f,0x0d,0x00,0x20,0x06,0x41,0x7f,0x46,
    0x0d,0x00,0x20,0x0b,0x20,0x05,0x6b,0x41,0x00,0x28,0x02,0xe0,0xbe,0x84,0x80,0x00,
    0x22,0x00,0x6a,0x41,0x00,0x20,0x00,0x6b,0x71,0x22,0x00,0x41,0xfe,0xff,0xff,0xff,
    0x07,0x4b,0x0d,0x03,0x02,0x40,0x20,0x00,0x10,0xae,0x82,0x80,0x80,0x00,0x41,0x7f,
    0x46,0x0d,0x00,0x20,0x00,0x20,0x05,0x6a,0x21,0x05,0x0c,0x04,0x0b,0x41,0x00,0x20,
    0x05,0x6b,0x10,0xae,0x82,0x80,0x80,0x00,0x1a,0x0c,0x01,0x0b,0x20,0x06,0x41,0x7f,
    0x47,0x0d,0x02,0x0b,0x41,0x00,0x41,0x00,0x28,0x02,0xbc,0xbe,0x84,0x80,0x00,0x41,
    0x04,0x72,0x36,0x02,0xbc,0xbe,0x84,0x80,0x00,0x0b,0x20,0x09,0x41,0xfe,0xff,0xff,
    0xff,0x07,0x4b,0x0d,0x04,0x20,0x09,0x20,0x09,0x41,0x80,0x80,0x84,0x80,0x00,0x6e,
    0x22,0x00,0x41,0x80,0x80,0x84,0x80,0x00,0x6c,0x47,0x0d,0x01,0x41,0x7f,0x21,0x06,
    0x02,0x40,0x02,0x40,0x20,0x00,0x40,0x00,0x22,0x00,0x41,0x7f,0x47,0x0d,0x00,0x41,
    0x00,0x41,0x30,0x36,0x02,0xf0,0xbe,0x84,0x80,0x00,0x0c,0x01,0x0b,0x20,0x00,0x41,
    0x80,0x80,0x84,0x80,0x00,0x6c,0x21,0x06,0x0b,0x3f,0x00,0x21,0x00,0x20,0x06,0x41,
    0x7f,0x46,0x0d,0x04,0x20,0x00,0x41,0x80,0x80,0x84,0x80,0x00,0x6c,0x22,0x00,0x41,
    0x7f,0x46,0x0d,0x04,0x20,0x06,0x20,0x00,0x4f,0x0d,0x04,0x20,0x00,0x20,0x06,0x6b,
    0x22,0x05,0x20,0x04,0x41,0x38,0x6a,0x4d,0x0d,0x04,0x0b,0x41,0x00,0x41,0x00,0x28,
    0x02,0xb0,0xbe,0x84,0x80,0x00,0x20,0x05,0x6a,0x22,0x00,0x36,0x02,0xb0,0xbe,0x84,
    0x80,0x00,0x02,0x40,0x20,0x00,0x41,0x00,0x28,0x02,0xb4,0xbe,0x84,0x80,0x00,0x4d,
    0x0d,0x00,0x41,0x00,0x20,0x00,0x36,0x02,0xb4,0xbe,0x84,0x80,0x00,0x0b,0x02,0x40,
    0x02,0x40,0x41,0x00,0x28,0x02,0x98,0xbb,0x84,0x80,0x00,0x22,0x03,0x45,0x0d,0x00,
    0x41,0xc0,0xbe,0x84,0x80,0x00,0x21,0x00,0x03,0x40,0x20,0x06,0x20,0x00,0x28,0x02,
    0x00,0x22,0x07,0x20,0x00,0x28,0x02,0x04,0x22,0x09,0x6a,0x46,0x0d,0x02,0x20,0x00,
    0x28,0x02,0x08,0x22,0x00,0x0d,0x00,0x0c,0x04,0x0b,0x0b,0x02,0x40,0x02,0x40,0x41,
    0x00,0x28,0x02,0x90,0xbb,0x84,0x80,0x00,0x22,0x00,0x45,0x0d,0x00,0x20,0x06,0x20,
    0x00,0x4f,0x0d,0x01,0x0b,0x41,0x00,0x20,0x06,0x36,0x02,0x90,0xbb,0x84,0x80,0x00,
    0x0b,0x41,0x00,0x20,0x05,0x36,0x02,0xc4,0xbe,0x84,0x80,0x00,0x41,0x00,0x20,0x06,
    0x36,0x02,0xc0,0xbe,0x84,0x80,0x00,0x41,0x00,0x41,0xa8,0xbb,0x84,0x80,0x00,0x36,
    0x02,0xb4,0xbb,0x84,0x80,0x00,0x41,0x00,0x41,0x7f,0x36,0x02,0xa0,0xbb,0x84,0x80,
    0x00,0x41,0x00,0x41,0xb0,0xbb,0x84,0x80,0x00,0x36,0x02,0xbc,0xbb,0x84,0x80,0x00,
    0x41,0x00,0x41,0xa8,0xbb,0x84,0x80,0x00,0x36,0x02,0xb0,0xbb,0x84,0x80,0x00,0x41,
    0x00,0x41,0xb8,0xbb,0x84,0x80,0x00,0x36,0x02,0xc4,0xbb,0x84,0x80,0x00,0x41,0x00,
    0x41,0xb0,0xbb,0x84,0x80,0x00,0x36,0x02,0xb8,0xbb,0x84,0x80,0x00,0x41,0x00,0x41,
    0xc0,0xbb,0x84,0x80,0x00,0x36,0x02,0xcc,0xbb,0x84,0x80,0x00,0x41,0x00,0x41,0xb8,
    0xbb,0x84,0x80,0x00,0x36,0x02,0xc0,0xbb,0x84,0x80,0x00,0x41,0x00,0x41,0xc8,0xbb,
    0x84,0x80,0x00,0x36,0x02,0xd4,0xbb,0x84,0x80,0x00,0x41,0x00,0x41,0xc0,0xbb,0x84,
    0x80,0x00,0x36,0x02,0xc8,0xbb,0x84,0x80,0x00,0x41,0x00,0x41,0xd0,0xbb,0x84,0x80,
    0x00,0x36,0x02,0xdc,0xbb,0x84,0x80,0x00,0x41,0x00,0x41,0xc8,0xbb,0x84,0x80,0x00,
    0x36,0x02,0xd0,0xbb,0x84,0x80,0x00,0x41,0x00,0x41,0xd8,0xbb,0x84,0x80,0x00,0x36,
    0x02,0xe4,0xbb,0x84,0x80,0x00,0x41,0x00,0x41,0xd0,0xbb,0x84,0x80,0x00,0x36,0x02,
    0xd8,0xbb,0x84,0x80,0x00,0x41,0x00,0x41,0x00,0x28,0x02,0xd8,0xbe,0x84,0x80,0x00,
    0x36,0x02,0xa4,0xbb,0x84,0x80,0x00,0x41,0x00,0x41,0x00,0x36,0x02,0xcc,0xbe,0x84,
    0x80,0x00,0x41,0x00,0x41,0xe0,0xbb,0x84,0x80,0x00,0x36,0x02,0xec,0xbb,0x84,0x80,
    0x00,0x41,0x00,0x41,0xd8,0xbb,0x84,0x80,0x00,0x36,0x02,0xe0,0xbb,0x84,0x80,0x00,
    0x41,0x00,0x41,0xe0,0xbb,0x84,0x80,0x00,0x36,0x02,0xe8,0xbb,0x84,0x80,0x00,0x41,
    0x00,0x41,0xe8,0xbb,0x84,0x80,0x00,0x36,0x02,0xf4,0xbb,0x84,0x80,0x00,0x41,0x00,
    0x41,0xe8,0xbb,0x84,0x80,0x00,0x36,0x02,0xf0,0xbb,0x84,0x80,0x00,0x41,0x00,0x41,
    0xf0,0xbb,0x84,0x80,0x00,0x36,0x02,0xfc,0xbb,0x84,0x80,0x00,0x41,0x00,0x41,0xf0,
    0xbb,0x84,0x80,0x00,0x36,0x02,0xf8,0xbb,0x84,0x80,0x00,0x41,0x00,0x41,0xf8,0xbb,
    0x84,0x80,0x00,0x36,0x02,0x84,0xbc,0x84,0x80,0x00,0x41,0x00,0x41,0xf8,0xbb,0x84,
    0x80,0x00,0x36,0x02,0x80,0xbc,0x84,0x80,0x00,0x41,0x00,0x41,0x80,0xbc,0x84,0x80,
    0x00,0x36,0x02,0x8c,0xbc,0x84,0x80,0x00,0x41,0x00,0x41,0x80,0xbc,0x84,0x80,0x00,
    0x36,0x02,0x88,0xbc,0x84,0x80,0x00,0x41,0x00,0x41,0x88,0xbc,0x84,0x80,0x00,0x36,
    0x02,0x94,0xbc,0x84,0x80,0x00,0x41,0x00,0x41,0x88,0xbc,0x84,0x80,0x00,0x36,0x02,
    0x90,0xbc,0x84,0x80,0x00,0x41,0x00,0x41,0x90,0xbc,0x84,0x80,0x00,0x36,0x02,0x9c,
    0xbc,0x84,0x80,0x00,0x41,0x00,0x41,0x90,0xbc,0x84,0x80,0x00,0x36,0x02,0x98,0xbc,
    0x84,0x80,0x00,0x41,0x00,0x41,0x98,0xbc,0x84,0x80,0x00,0x36,0x02,0xa4,0xbc,0x84,
    0x80,0x00,0x41,0x00,0x41,0x98,0xbc,0x84,0x80,0x00,0x36,0x02,0xa0,0xbc,0x84,0x80,
    0x00,0x41,0x00,0x41,0xa0,0xbc,0x84,0x80,0x00,0x36,0x02,0xac,0xbc,0x84,0x80,0x00,
    0x41,0x00,0x41,0xa8,0xbc,0x84,0x80,0x00,0x36,0x02,0xb4,0xbc,0x84,0x80,0x00,0x41,
    0x00,0x41,0xa0,0xbc,0x84,0x80,0x00,0x36,0x02,0xa8,0xbc,0x84,0x80,0x00,0x41,0x00,
    0x41,0xb0,0xbc,0x84,0x80,0x00,0x36,0x02,0xbc,0xbc,0x84,0x80,0x00,0x41,0x00,0x41,
    0xa8,0xbc,0x84,0x80,0x00,0x36,0x02,0xb0,0xbc,0x84,0x80,0x00,0x41,0x00,0x41,0xb8,
    0xbc,0x84,0x80,0x00,0x36,0x02,0xc4,0xbc,0x84,0x80,0x00,0x41,0x00,0x41,0xb0,0xbc,
    0x84,0x80,0x00,0x36,0x02,0xb8,0xbc,0x84,0x80,0x00,0x41,0x00,0x41,0xc0,0xbc,0x84,
    0x80,0x00,0x36,0x02,0xcc,0xbc,0x84,0x80,0x00,0x41,0x00,0x41,0xb8,0xbc,0x84,0x80,
    0x00,0x36,0x02,0xc0,0xbc,0x84,0x80,0x00,0x41,0x00,0x41,0xc8,0xbc,0x84,0x80,0x00,
    0x36,0x02,0xd4,0xbc,0x84,0x80,0x00,0x41,0x00,0x41,0xc0,0xbc,0x84,0x80,0x00,0x36,
    0x02,0xc8,0xbc,0x84,0x80,0x00,0x41,0x00,0x41,0xd0,0xbc,0x84,0x80,0x00,0x36,0x02,
    0xdc,0xbc,0x84,0x80,0x00,0x41,0x00,0x41,0xc8,0xbc,0x84,0x80,0x00,0x36,0x02,0xd0,
    0xbc,0x84,0x80,0x00,0x41,0x00,0x41,0xd8,0xbc,0x84,0x80,0x00,0x36,0x02,0xe4,0xbc,
    0x84,0x80,0x00,0x41,0x00,0x41,0xd0,0xbc,0x84,0x80,0x00,0x36,0x02,0xd8,0xbc,0x84,
    0x80,0x00,0x41,0x00,0x41,0xe0,0xbc,0x84,0x80,0x00,0x36,0x02,0xec,0xbc,0x84,0x80,
    0x00,0x41,0x00,0x41,0xd8,0xbc,0x84,0x80,0x00,0x36,0x02,0xe0,0xbc,0x84,0x80,0x00,
    0x41,0x00,0x41,0xe8,0xbc,0x84,0x80,0x00,0x36,0x02,0xf4,0xbc,0x84,0x80,0x00,0x41,
    0x00,0x41,0xe0,0xbc,0x84,0x80,0x00,0x36,0x02,0xe8,0xbc,0x84,0x80,0x00,0x41,0x00,
    0x41,0xf0,0xbc,0x84,0x80,0x00,0x36,0x02,0xfc,0xbc,0x84,0x80,0x00,0x41,0x00,0x41,
    0xe8,0xbc,0x84,0x80,0x00,0x36,0x02,0xf0,0xbc,0x84,0x80,0x00,0x41,0x00,0x41,0xf8,
    0xbc,0x84,0x80,0x00,0x36,0x02,0x84,0xbd,0x84,0x80,0x00,0x41,0x00,0x41,0xf0,0xbc,
    0x84,0x80,0x00,0x36,0x02,0xf8,0xbc,0x84,0x80,0x00,0x41,0x00,0x41,0x80,0xbd,0x84,
    0x80,0x00,0x36,0x02,0x8c,0xbd,0x84,0x80,0x00,0x41,0x00,0x41,0xf8,0xbc,0x84,0x80,
    0x00,0x36,0x02,0x80,0xbd,0x84,0x80,0x00,0x41,0x00,0x41,0x88,0xbd,0x84,0x80,0x00,
    0x36,0x02,0x94,0xbd,0x84,0x80,0x00,0x41,0x00,0x41,0x80,0xbd,0x84,0x80,0x00,0x36,
    0x02,0x88,0xbd,0x84,0x80,0x00,0x41,0x00,0x41,0x90,0xbd,0x84,0x80,0x00,0x36,0x02,
    0x9c,0xbd,0x84,0x80,0x00,0x41,0x00,0x41,0x88,0xbd,0x84,0x80,0x00,0x36,0x02,0x90,
    0xbd,0x84,0x80,0x00,0x41,0x00,0x41,0x98,0xbd,0x84,0x80,0x00,0x36,0x02,0xa4,0xbd,
    0x84,0x80,0x00,0x41,0x00,0x41,0x90,0xbd,0x84,0x80,0x00,0x36,0x02,0x98,0xbd,0x84,
    0x80,0x00,0x41,0x00,0x41,0xa0,0xbd,0x84,0x80,0x00,0x36,0x02,0xac,0xbd,0x84,0x80,
    0x00,0x41,0x00,0x41,0x98,0xbd,0x84,0x80,0x00,0x36,0x02,0xa0,0xbd,0x84,0x80,0x00,
    0x41,0x00,0x41,0xa0,0xbd,0x84,0x80,0x00,0x36,0x02,0xa8,0xbd,0x84,0x80,0x00,0x41,
    0x00,0x20,0x06,0x41,0x78,0x20,0x06,0x6b,0x41,0x0f,0x71,0x22,0x00,0x6a,0x22,0x03,
    0x36,0x02,0x98,0xbb,0x84,0x80,0x00,0x41,0x00,0x20,0x05,0x41,0x48,0x6a,0x22,0x07,
    0x20,0x00,0x6b,0x22,0x00,0x36,0x02,0x8c,0xbb,0x84,0x80,0x00,0x20,0x03,0x20,0x00,
    0x41,0x01,0x72,0x36,0x02,0x04,0x20,0x06,0x20,0x07,0x6a,0x41,0x38,0x36,0x02,0x04,
    0x41,0x00,0x41,0x00,0x28,0x02,0xe8,0xbe,0x84,0x80,0x00,0x36,0x02,0x9c,0xbb,0x84,
    0x80,0x00,0x0c,0x03,0x0b,0x20,0x03,0x20,0x06,0x4f,0x0d,0x01,0x20,0x03,0x20,0x07,
    0x49,0x0d,0x01,0x20,0x00,0x28,0x02,0x0c,0x41,0x08,0x71,0x0d,0x01,0x20,0x03,0x41,
    0x78,0x20,0x03,0x6b,0x41,0x0f,0x71,0x22,0x07,0x6a,0x22,0x06,0x41,0x00,0x28,0x02,
    0x8c,0xbb,0x84,0x80,0x00,0x20,0x05,0x6a,0x22,0x0b,0x20,0x07,0x6b,0x22,0x07,0x41,
    0x01,0x72,0x36,0x02,0x04,0x20,0x00,0x20,0x09,0x20,0x05,0x6a,0x36,0x02,0x04,0x41,
    0x00,0x41,0x00,0x28,0x02,0xe8,0xbe,0x84,0x80,0x00,0x36,0x02,0x9c,0xbb,0x84,0x80,
    0x00,0x41,0x00,0x20,0x07,0x36,0x02,0x8c,0xbb,0x84,0x80,0x00,0x41,0x00,0x20,0x06,
    0x36,0x02,0x98,0xbb,0x84,0x80,0x00,0x20,0x03,0x20,0x0b,0x6a,0x41,0x38,0x36,0x02,
    0x04,0x0c,0x02,0x0b,0x00,0x0b,0x02,0x40,0x20,0x06,0x41,0x00,0x28,0x02,0x90,0xbb,
    0x84,0x80,0x00,0x4f,0x0d,0x00,0x41,0x00,0x20,0x06,0x36,0x02,0x90,0xbb,0x84,0x80,
    0x00,0x0b,0x20,0x06,0x20,0x05,0x6a,0x21,0x07,0x41,0xc0,0xbe,0x84,0x80,0x00,0x21,
    0x00,0x02,0x40,0x02,0x40,0x03,0x40,0x20,0x00,0x28,0x02,0x00,0x22,0x09,0x20,0x07,
    0x46,0x0d,0x01,0x20,0x00,0x28,0x02,0x08,0x22,0x00,0x0d,0x00,0x0c,0x02,0x0b,0x0b,
    0x20,0x00,0x2d,0x00,0x0c,0x41,0x08,0x71,0x45,0x0d,0x03,0x0b,0x41,0xc0,0xbe,0x84,
    0x80,0x00,0x21,0x00,0x02,0x40,0x03,0x40,0x02,0x40,0x20,0x03,0x20,0x00,0x28,0x02,
    0x00,0x22,0x07,0x49,0x0d,0x00,0x20,0x03,0x20,0x07,0x20,0x00,0x28,0x02,0x04,0x6a,
    0x22,0x07,0x49,0x0d,0x02,0x0b,0x20,0x00,0x28,0x02,0x08,0x21,0x00,0x0c,0x00,0x0b,
    0x0b,0x20,0x06,0x41,0x78,0x20,0x06,0x6b,0x41,0x0f,0x71,0x22,0x00,0x6a,0x22,0x0b,
    0x20,0x05,0x41,0x48,0x6a,0x22,0x09,0x20,0x00,0x6b,0x22,0x00,0x41,0x01,0x72,0x36,
    0x02,0x04,0x20,0x06,0x20,0x09,0x6a,0x41,0x38,0x36,0x02,0x04,0x20,0x03,0x20,0x07,
    0x41,0x37,0x20,0x07,0x6b,0x41,0x0f,0x71,0x6a,0x41,0x41,0x6a,0x22,0x09,0x20,0x09,
    0x20,0x03,0x41,0x10,0x6a,0x49,0x1b,0x22,0x09,0x41,0x23,0x36,0x02,0x04,0x41,0x00,
    0x41,0x00,0x28,0x02,0xe8,0xbe,0x84,0x80,0x00,0x36,0x02,0x9c,0xbb,0x84,0x80,0x00,
    0x41,0x00,0x20,0x00,0x36,0x02,0x8c,0xbb,0x84,0x80,0x00,0x41,0x00,0x20,0x0b,0x36,
    0x02,0x98,0xbb,0x84,0x80,0x00,0x20,0x09,0x41,0x00,0x29,0x02,0xc8,0xbe,0x84,0x80,
    0x00,0x37,0x02,0x10,0x20,0x09,0x41,0x00,0x29,0x02,0xc0,0xbe,0x84,0x80,0x00,0x37,
    0x02,0x08,0x41,0x00,0x20,0x09,0x41,0x08,0x6a,0x36,0x02,0xc8,0xbe,0x84,0x80,0x00,
    0x41,0x00,0x20,0x05,0x36,0x02,0xc4,0xbe,0x84,0x80,0x00,0x41,0x00,0x20,0x06,0x36,
    0x02,0xc0,0xbe,0x84,0x80,0x00,0x41,0x00,0x41,0x00,0x36,0x02,0xcc,0xbe,0x84,0x80,
    0x00,0x20,0x09,0x41,0x24,0x6a,0x21,0x00,0x03,0x40,0x20,0x00,0x41,0x07,0x36,0x02,
    0x00,0x20,0x00,0x41,0x04,0x6a,0x22,0x00,0x20,0x07,0x49,0x0d,0x00,0x0b,0x20,0x09,
    0x20,0x03,0x46,0x0d,0x00,0x20,0x09,0x20,0x09,0x28,0x02,0x04,0x41,0x7e,0x71,0x36,
    0x02,0x04,0x20,0x09,0x20,0x09,0x20,0x03,0x6b,0x22,0x06,0x36,0x02,0x00,0x20,0x03,
    0x20,0x06,0x41,0x01,0x72,0x36,0x02,0x04,0x02,0x40,0x02,0x40,0x20,0x06,0x41,0xff,
    0x01,0x4b,0x0d,0x00,0x20,0x06,0x41,0xf8,0x01,0x71,0x41,0xa8,0xbb,0x84,0x80,0x00,
    0x6a,0x21,0x00,0x02,0x40,0x02,0x40,0x41,0x00,0x28,0x02,0x80,0xbb,0x84,0x80,0x00,
    0x22,0x07,0x41,0x01,0x20,0x06,0x41,0x03,0x76,0x74,0x22,0x06,0x71,0x0d,0x00,0x41,
    0x00,0x20,0x07,0x20,0x06,0x72,0x36,0x02,0x80,0xbb,0x84,0x80,0x00,0x20,0x00,0x21,
    0x07,0x0c,0x01,0x0b,0x20,0x00,0x28,0x02,0x08,0x21,0x07,0x0b,0x20,0x07,0x20,0x03,
    0x36,0x02,0x0c,0x20,0x00,0x20,0x03,0x36,0x02,0x08,0x41,0x0c,0x21,0x06,0x41,0x08,
    0x21,0x09,0x0c,0x01,0x0b,0x41,0x1f,0x21,0x00,0x02,0x40,0x20,0x06,0x41,0xff,0xff,
    0xff,0x07,0x4b,0x0d,0x00,0x20,0x06,0x41,0x26,0x20,0x06,0x41,0x08,0x76,0x67,0x22,
    0x00,0x6b,0x76,0x41,0x01,0x71,0x20,0x00,0x41,0x01,0x74,0x72,0x41,0x3e,0x73,0x21,
    0x00,0x0b,0x20,0x03,0x20,0x00,0x36,0x02,0x1c,0x20,0x03,0x42,0x00,0x37,0x02,0x10,
    0x20,0x00,0x41,0x02,0x74,0x41,0xb0,0xbd,0x84,0x80,0x00,0x6a,0x21,0x07,0x02,0x40,
    0x02,0x40,0x02,0x40,0x41,0x00,0x28,0x02,0x84,0xbb,0x84,0x80,0x00,0x22,0x09,0x41,
    0x01,0x20,0x00,0x74,0x22,0x05,0x71,0x0d,0x00,0x20,0x07,0x20,0x03,0x36,0x02,0x00,
    0x41,0x00,0x20,0x09,0x20,0x05,0x72,0x36,0x02,0x84,0xbb,0x84,0x80,0x00,0x20,0x03,
    0x20,0x07,0x36,0x02,0x18,0x0c,0x01,0x0b,0x20,0x06,0x41,0x00,0x41,0x19,0x20,0x00,
    0x41,0x01,0x76,0x6b,0x20,0x00,0x41,0x1f,0x46,0x1b,0x74,0x21,0x00,0x20,0x07,0x28,
    0x02,0x00,0x21,0x09,0x03,0x40,0x20,0x09,0x22,0x07,0x28,0x02,0x04,0x41,0x78,0x71,
    0x20,0x06,0x46,0x0d,0x02,0x20,0x00,0x41,0x1d,0x76,0x21,0x09,0x20,0x00,0x41,0x01,
    0x74,0x21,0x00,0x20,0x07,0x20,0x09,0x41,0x04,0x71,0x6a,0x22,0x05,0x28,0x02,0x10,
    0x22,0x09,0x0d,0x00,0x0b,0x20,0x05,0x41,0x10,0x6a,0x20,0x03,0x36,0x02,0x00,0x20,
    0x03,0x20,0x07,0x36,0x02,0x18,0x0b,0x41,0x08,0x21,0x06,0x41,0x0c,0x21,0x09,0x20,
    0x03,0x21,0x07,0x20,0x03,0x21,0x00,0x0c,0x01,0x0b,0x20,0x07,0x28,0x02,0x08,0x21,
    0x00,0x20,0x07,0x20,0x03,0x36,0x02,0x08,0x20,0x00,0x20,0x03,0x36,0x02,0x0c,0x20,
    0x03,0x20,0x00,0x36,0x02,0x08,0x41,0x00,0x21,0x00,0x41,0x18,0x21,0x06,0x41,0x0c,
    0x21,0x09,0x0b,0x20,0x03,0x20,0x09,0x6a,0x20,0x07,0x36,0x02,0x00,0x20,0x03,0x20,
    0x06,0x6a,0x20,0x00,0x36,0x02,0x00,0x0b,0x41,0x00,0x28,0x02,0x8c,0xbb,0x84,0x80,
    0x00,0x22,0x00,0x20,0x04,0x4d,0x0d,0x00,0x41,0x00,0x28,0x02,0x98,0xbb,0x84,0x80,
    0x00,0x22,0x03,0x20,0x04,0x6a,0x22,0x07,0x20,0x00,0x20,0x04,0x6b,0x22,0x00,0x41,
    0x01,0x72,0x36,0x02,0x04,0x41,0x00,0x20,0x00,0x36,0x02,0x8c,0xbb,0x84,0x80,0x00,
    0x41,0x00,0x20,0x07,0x36,0x02,0x98,0xbb,0x84,0x80,0x00,0x20,0x03,0x20,0x04,0x41,
    0x03,0x72,0x36,0x02,0x04,0x20,0x03,0x41,0x08,0x6a,0x21,0x00,0x0c,0x04,0x0b,0x41,
    0x00,0x21,0x00,0x41,0x00,0x41,0x30,0x36,0x02,0xf0,0xbe,0x84,0x80,0x00,0x0c,0x03,
    0x0b,0x20,0x00,0x20,0x06,0x36,0x02,0x00,0x20,0x00,0x20,0x00,0x28,0x02,0x04,0x20,
    0x05,0x6a,0x36,0x02,0x04,0x20,0x06,0x20,0x09,0x20,0x04,0x10,0xaf,0x82,0x80,0x80,
    0x00,0x21,0x00,0x0c,0x02,0x0b,0x02,0x40,0x20,0x0b,0x45,0x0d,0x00,0x02,0x40,0x02,
    0x40,0x20,0x09,0x20,0x09,0x28,0x02,0x1c,0x22,0x06,0x41,0x02,0x74,0x22,0x07,0x28,
    0x02,0xb0,0xbd,0x84,0x80,0x00,0x47,0x0d,0x00,0x20,0x07,0x41,0xb0,0xbd,0x84,0x80,
    0x00,0x6a,0x20,0x00,0x36,0x02,0x00,0x20,0x00,0x0d,0x01,0x41,0x00,0x20,0x0a,0x41,
    0x7e,0x20,0x06,0x77,0x71,0x22,0x0a,0x36,0x02,0x84,0xbb,0x84,0x80,0x00,0x0c,0x02,
    0x0b,0x02,0x40,0x02,0x40,0x20,0x0b,0x28,0x02,0x10,0x20,0x09,0x47,0x0d,0x00,0x20,
    0x0b,0x20,0x00,0x36,0x02,0x10,0x0c,0x01,0x0b,0x20,0x0b,0x20,0x00,0x36,0x02,0x14,
    0x0b,0x20,0x00,0x45,0x0d,0x01,0x0b,0x20,0x00,0x20,0x0b,0x36,0x02,0x18,0x02,0x40,
    0x20,0x09,0x28,0x02,0x10,0x22,0x07,0x45,0x0d,0x00,0x20,0x00,0x20,0x07,0x36,0x02,
    0x10,0x20,0x07,0x20,0x00,0x36,0x02,0x18,0x0b,0x20,0x09,0x28,0x02,0x14,0x22,0x07,
    0x45,0x0d,0x00,0x20,0x00,0x20,0x07,0x36,0x02,0x14,0x20,0x07,0x20,0x00,0x36,0x02,
    0x18,0x0b,0x02,0x40,0x02,0x40,0x20,0x03,0x41,0x0f,0x4b,0x0d,0x00,0x20,0x09,0x20,
    0x03,0x20,0x04,0x72,0x22,0x00,0x41,0x03,0x72,0x36,0x02,0x04,0x20,0x09,0x20,0x00,
    0x6a,0x22,0x00,0x20,0x00,0x28,0x02,0x04,0x41,0x01,0x72,0x36,0x02,0x04,0x0c,0x01,
    0x0b,0x20,0x09,0x20,0x04,0x6a,0x22,0x06,0x20,0x03,0x41,0x01,0x72,0x36,0x02,0x04,
    0x20,0x09,0x20,0x04,0x41,0x03,0x72,0x36,0x02,0x04,0x20,0x06,0x20,0x03,0x6a,0x20,
    0x03,0x36,0x02,0x00,0x02,0x40,0x20,0x03,0x41,0xff,0x01,0x4b,0x0d,0x00,0x20,0x03,
    0x41,0xf8,0x01,0x71,0x41,0xa8,0xbb,0x84,0x80,0x00,0x6a,0x21,0x00,0x02,0x40,0x02,
    0x40,0x41,0x00,0x28,0x02,0x80,0xbb,0x84,0x80,0x00,0x22,0x04,0x41,0x01,0x20,0x03,
    0x41,0x03,0x76,0x74,0x22,0x03,0x71,0x0d,0x00,0x41,0x00,0x20,0x04,0x20,0x03,0x72,
    0x36,0x02,0x80,0xbb,0x84,0x80,0x00,0x20,0x00,0x21,0x03,0x0c,0x01,0x0b,0x20,0x00,
    0x28,0x02,0x08,0x21,0x03,0x0b,0x20,0x03,0x20,0x06,0x36,0x02,0x0c,0x20,0x00,0x20,
    0x06,0x36,0x02,0x08,0x20,0x06,0x20,0x00,0x36,0x02,0x0c,0x20,0x06,0x20,0x03,0x36,
    0x02,0x08,0x0c,0x01,0x0b,0x41,0x1f,0x21,0x00,0x02,0x40,0x20,0x03,0x41,0xff,0xff,
    0xff,0x07,0x4b,0x0d,0x00,0x20,0x03,0x41,0x26,0x20,0x03,0x41,0x08,0x76,0x67,0x22,
    0x00,0x6b,0x76,0x41,0x01,0x71,0x20,0x00,0x41,0x01,0x74,0x72,0x41,0x3e,0x73,0x21,
    0x00,0x0b,0x20,0x06,0x20,0x00,0x36,0x02,0x1c,0x20,0x06,0x42,0x00,0x37,0x02,0x10,
    0x20,0x00,0x41,0x02,0x74,0x41,0xb0,0xbd,0x84,0x80,0x00,0x6a,0x21,0x04,0x02,0x40,
    0x20,0x0a,0x41,0x01,0x20,0x00,0x74,0x22,0x07,0x71,0x0d,0x00,0x20,0x04,0x20,0x06,
    0x36,0x02,0x00,0x41,0x00,0x20,0x0a,0x20,0x07,0x72,0x36,0x02,0x84,0xbb,0x84,0x80,
    0x00,0x20,0x06,0x20,0x04,0x36,0x02,0x18,0x20,0x06,0x20,0x06,0x36,0x02,0x08,0x20,
    0x06,0x20,0x06,0x36,0x02,0x0c,0x0c,0x01,0x0b,0x20,0x03,0x41,0x00,0x41,0x19,0x20,
    0x00,0x41,0x01,0x76,0x6b,0x20,0x00,0x41,0x1f,0x46,0x1b,0x74,0x21,0x00,0x20,0x04,
    0x28,0x02,0x00,0x21,0x07,0x02,0x40,0x03,0x40,0x20,0x07,0x22,0x04,0x28,0x02,0x04,
    0x41,0x78,0x71,0x20,0x03,0x46,0x0d,0x01,0x20,0x00,0x41,0x1d,0x76,0x21,0x07,0x20,
    0x00,0x41,0x01,0x74,0x21,0x00,0x20,0x04,0x20,0x07,0x41,0x04,0x71,0x6a,0x22,0x05,
    0x28,0x02,0x10,0x22,0x07,0x0d,0x00,0x0b,0x20,0x05,0x41,0x10,0x6a,0x20,0x06,0x36,
    0x02,0x00,0x20,0x06,0x20,0x04,0x36,0x02,0x18,0x20,0x06,0x20,0x06,0x36,0x02,0x0c,
    0x20,0x06,0x20,0x06,0x36,0x02,0x08,0x0c,0x01,0x0b,0x20,0x04,0x28,0x02,0x08,0x22,
    0x00,0x20,0x06,0x36,0x02,0x0c,0x20,0x04,0x20,0x06,0x36,0x02,0x08,0x20,0x06,0x41,
    0x00,0x36,0x02,0x18,0x20,0x06,0x20,0x04,0x36,0x02,0x0c,0x20,0x06,0x20,0x00,0x36,
    0x02,0x08,0x0b,0x20,0x09,0x41,0x08,0x6a,0x21,0x00,0x0c,0x01,0x0b,0x02,0x40,0x20,
    0x02,0x45,0x0d,0x00,0x02,0x40,0x02,0x40,0x20,0x06,0x20,0x06,0x28,0x02,0x1c,0x22,
    0x09,0x41,0x02,0x74,0x22,0x07,0x28,0x02,0xb0,0xbd,0x84,0x80,0x00,0x47,0x0d,0x00,
    0x20,0x07,0x41,0xb0,0xbd,0x84,0x80,0x00,0x6a,0x20,0x00,0x36,0x02,0x00,0x20,0x00,
    0x0d,0x01,0x41,0x00,0x20,0x0a,0x41,0x7e,0x20,0x09,0x77,0x71,0x36,0x02,0x84,0xbb,
    0x84,0x80,0x00,0x0c,0x02,0x0b,0x02,0x40,0x02,0x40,0x20,0x02,0x28,0x02,0x10,0x20,
    0x06,0x47,0x0d,0x00,0x20,0x02,0x20,0x00,0x36,0x02,0x10,0x0c,0x01,0x0b,0x20,0x02,
    0x20,0x00,0x36,0x02,0x14,0x0b,0x20,0x00,0x45,0x0d,0x01,0x0b,0x20,0x00,0x20,0x02,
    0x36,0x02,0x18,0x02,0x40,0x20,0x06,0x28,0x02,0x10,0x22,0x07,0x45,0x0d,0x00,0x20,
    0x00,0x20,0x07,0x36,0x02,0x10,0x20,0x07,0x20,0x00,0x36,0x02,0x18,0x0b,0x20,0x06,
    0x28,0x02,0x14,0x22,0x07,0x45,0x0d,0x00,0x20,0x00,0x20,0x07,0x36,0x02,0x14,0x20,
    0x07,0x20,0x00,0x36,0x02,0x18,0x0b,0x02,0x40,0x02,0x40,0x20,0x03,0x41,0x0f,0x4b,
    0x0d,0x00,0x20,0x06,0x20,0x03,0x20,0x04,0x72,0x22,0x00,0x41,0x03,0x72,0x36,0x02,
    0x04,0x20,0x06,0x20,0x00,0x6a,0x22,0x00,0x20,0x00,0x28,0x02,0x04,0x41,0x01,0x72,
    0x36,0x02,0x04,0x0c,0x01,0x0b,0x20,0x06,0x20,0x04,0x6a,0x22,0x07,0x20,0x03,0x41,
    0x01,0x72,0x36,0x02,0x04,0x20,0x06,0x20,0x04,0x41,0x03,0x72,0x36,0x02,0x04,0x20,
    0x07,0x20,0x03,0x6a,0x20,0x03,0x36,0x02,0x00,0x02,0x40,0x20,0x08,0x45,0x0d,0x00,
    0x20,0x08,0x41,0x78,0x71,0x41,0xa8,0xbb,0x84,0x80,0x00,0x6a,0x21,0x04,0x41,0x00,
    0x28,0x02,0x94,0xbb,0x84,0x80,0x00,0x21,0x00,0x02,0x40,0x02,0x40,0x41,0x01,0x20,
    0x08,0x41,0x03,0x76,0x74,0x22,0x09,0x20,0x05,0x71,0x0d,0x00,0x41,0x00,0x20,0x09,
    0x20,0x05,0x72,0x36,0x02,0x80,0xbb,0x84,0x80,0x00,0x20,0x04,0x21,0x09,0x0c,0x01,
    0x0b,0x20,0x04,0x28,0x02,0x08,0x21,0x09,0x0b,0x20,0x09,0x20,0x00,0x36,0x02,0x0c,
    0x20,0x04,0x20,0x00,0x36,0x02,0x08,0x20,0x00,0x20,0x04,0x36,0x02,0x0c,0x20,0x00,
    0x20,0x09,0x36,0x02,0x08,0x0b,0x41,0x00,0x20,0x07,0x36,0x02,0x94,0xbb,0x84,0x80,
    0x00,0x41,0x00,0x20,0x03,0x36,0x02,0x88,0xbb,0x84,0x80,0x00,0x0b,0x20,0x06,0x41,
    0x08,0x6a,0x21,0x00,0x0b,0x20,0x01,0x41,0x10,0x6a,0x24,0x80,0x80,0x80,0x80,0x00,
    0x20,0x00,0x0b,0x48,0x01,0x01,0x7f,0x23,0x80,0x80,0x80,0x80,0x00,0x41,0x10,0x6b,
    0x22,0x02,0x24,0x80,0x80,0x80,0x80,0x00,0x41,0xcb,0x95,0x84,0x80,0x00,0x41,0x0b,
    0x41,0x01,0x10,0x9a,0x82,0x80,0x80,0x00,0x1a,0x20,0x02,0x20,0x01,0x36,0x02,0x0c,
    0x41,0xa0,0xb6,0x84,0x80,0x00,0x41,0xcc,0x8e,0x84,0x80,0x00,0x20,0x01,0x10,0x99,
    0x82,0x80,0x80,0x00,0x10,0x9b,0x82,0x80,0x80,0x00,0x00,0x0b,0xa4,0x02,0x01,0x04,
    0x7f,0x02,0x40,0x02,0x40,0x20,0x02,0x20,0x01,0x6a,0x22,0x01,0x41,0xf7,0xff,0xff,
    0xff,0x07,0x4f,0x0d,0x00,0x41,0xf8,0xff,0xff,0xff,0x07,0x20,0x01,0x20,0x00,0x28,
    0x02,0x08,0x41,0xff,0xff,0xff,0xff,0x07,0x71,0x41,0x7f,0x6a,0x41,0x0a,0x20,0x00,
    0x2c,0x00,0x0b,0x22,0x07,0x41,0x00,0x48,0x22,0x08,0x1b,0x22,0x02,0x41,0x01,0x74,
    0x22,0x09,0x20,0x01,0x20,0x09,0x4b,0x1b,0x41,0xf8,0xff,0xff,0xff,0x07,0x71,0x41,
    0x08,0x6a,0x20,0x02,0x41,0xf3,0xff,0xff,0xff,0x03,0x4b,0x1b,0x22,0x02,0x10,0x93,
    0x82,0x80,0x80,0x00,0x22,0x01,0x45,0x0d,0x01,0x20,0x00,0x28,0x02,0x00,0x22,0x0a,
    0x20,0x00,0x20,0x08,0x1b,0x21,0x09,0x02,0x40,0x20,0x04,0x45,0x0d,0x00,0x20,0x04,
    0x45,0x0d,0x00,0x20,0x01,0x20,0x09,0x20,0x04,0xfc,0x0a,0x00,0x00,0x0b,0x02,0x40,
    0x20,0x05,0x45,0x0d,0x00,0x20,0x05,0x45,0x0d,0x00,0x20,0x01,0x20,0x04,0x6a,0x20,
    0x06,0x20,0x05,0xfc,0x0a,0x00,0x00,0x0b,0x02,0x40,0x20,0x03,0x20,0x04,0x46,0x0d,
    0x00,0x20,0x03,0x20,0x04,0x6b,0x22,0x08,0x45,0x0d,0x00,0x20,0x01,0x20,0x04,0x6a,
    0x20,0x05,0x6a,0x20,0x09,0x20,0x04,0x6a,0x20,0x08,0xfc,0x0a,0x00,0x00,0x0b,0x20,
    0x01,0x20,0x05,0x20,0x03,0x6a,0x22,0x04,0x6a,0x41,0x00,0x3a,0x00,0x00,0x02,0x40,
    0x20,0x07,0x41,0x7f,0x4a,0x0d,0x00,0x20,0x0a,0x10,0x9b,0x81,0x80,0x80,0x00,0x0b,
    0x20,0x00,0x20,0x04,0x36,0x02,0x04,0x20,0x00,0x20,0x01,0x36,0x02,0x00,0x20,0x00,
    0x20,0x02,0x41,0x80,0x80,0x80,0x80,0x78,0x72,0x36,0x02,0x08,0x0f,0x0b,0x10,0xe4,
    0x80,0x80,0x80,0x00,0x00,0x0b,0x20,0x00,0x41,0x00,0x10,0x94,0x82,0x80,0x80,0x00,
    0x00,0x0b,0xf9,0x02,0x01,0x03,0x7f,0x20,0x02,0x41,0x00,0x47,0x21,0x03,0x02,0x40,
    0x02,0x40,0x02,0x40,0x02,0x40,0x02,0x40,0x20,0x00,0x41,0x03,0x71,0x45,0x0d,0x00,
    0x20,0x02,0x45,0x0d,0x00,0x02,0x40,0x20,0x00,0x2d,0x00,0x00,0x20,0x01,0x41,0xff,
    0x01,0x71,0x47,0x0d,0x00,0x20,0x00,0x21,0x04,0x20,0x02,0x21,0x05,0x0c,0x04,0x0b,
    0x20,0x02,0x41,0x7f,0x6a,0x22,0x05,0x41,0x00,0x47,0x21,0x03,0x20,0x00,0x41,0x01,
    0x6a,0x22,0x04,0x41,0x03,0x71,0x45,0x0d,0x01,0x20,0x05,0x45,0x0d,0x01,0x20,0x04,
    0x2d,0x00,0x00,0x20,0x01,0x41,0xff,0x01,0x71,0x46,0x0d,0x03,0x20,0x02,0x41,0x7e,
    0x6a,0x22,0x05,0x41,0x00,0x47,0x21,0x03,0x20,0x00,0x41,0x02,0x6a,0x22,0x04,0x41,
    0x03,0x71,0x45,0x0d,0x01,0x20,0x05,0x45,0x0d,0x01,0x20,0x04,0x2d,0x00,0x00,0x20,
    0x01,0x41,0xff,0x01,0x71,0x46,0x0d,0x03,0x20,0x02,0x41,0x7d,0x6a,0x22,0x05,0x41,
    0x00,0x47,0x21,0x03,0x20,0x00,0x41,0x03,0x6a,0x22,0x04,0x41,0x03,0x71,0x45,0x0d,
    0x01,0x20,0x05,0x45,0x0d,0x01,0x20,0x04,0x2d,0x00,0x00,0x20,0x01,0x41,0xff,0x01,
    0x71,0x46,0x0d,0x03,0x02,0x40,0x20,0x02,0x41,0x7c,0x6a,0x22,0x05,0x45,0x0d,0x00,
    0x20,0x00,0x41,0x04,0x6a,0x21,0x04,0x0c,0x03,0x0b,0x41,0x00,0x0f,0x0b,0x20,0x02,
    0x21,0x05,0x20,0x00,0x21,0x04,0x0b,0x20,0x03,0x45,0x0d,0x02,0x0b,0x02,0x40,0x20,
    0x04,0x2d,0x00,0x00,0x20,0x01,0x41,0xff,0x01,0x71,0x46,0x0d,0x00,0x20,0x05,0x41,
    0x04,0x49,0x0d,0x00,0x20,0x01,0x41,0x81,0x82,0x84,0x08,0x6c,0x21,0x00,0x03,0x40,
    0x41,0x80,0x82,0x84,0x08,0x20,0x04,0x28,0x02,0x00,0x20,0x00,0x73,0x22,0x02,0x6b,
    0x20,0x02,0x72,0x41,0x80,0x81,0x82,0x84,0x78,0x71,0x41,0x80,0x81,0x82,0x84,0x78,
    0x47,0x0d,0x02,0x20,0x04,0x41,0x04,0x6a,0x21,0x04,0x20,0x05,0x41,0x7c,0x6a,0x22,
    0x05,0x41,0x03,0x4b,0x0d,0x00,0x0b,0x0b,0x20,0x05,0x45,0x0d,0x01,0x0b,0x20,0x01,
    0x41,0xff,0x01,0x71,0x21,0x02,0x03,0x40,0x02,0x40,0x20,0x04,0x2d,0x00,0x00,0x20,
    0x02,0x47,0x0d,0x00,0x20,0x04,0x0f,0x0b,0x20,0x04,0x41,0x01,0x6a,0x21,0x04,0x20,
    0x05,0x41,0x7f,0x6a,0x22,0x05,0x0d,0x00,0x0b,0x0b,0x41,0x00,0x0b,0xa8,0x02,0x01,
    0x04,0x7f,0x02,0x40,0x20,0x00,0x28,0x02,0x08,0x41,0xff,0xff,0xff,0xff,0x07,0x71,
    0x41,0x7f,0x6a,0x41,0x0a,0x20,0x00,0x2c,0x00,0x0b,0x22,0x03,0x41,0x00,0x48,0x22,
    0x04,0x1b,0x22,0x05,0x20,0x02,0x49,0x0d,0x00,0x20,0x00,0x28,0x02,0x00,0x20,0x00,
    0x20,0x04,0x1b,0x21,0x05,0x02,0x40,0x20,0x02,0x45,0x0d,0x00,0x20,0x05,0x20,0x01,
    0x20,0x02,0xfc,0x0a,0x00,0x00,0x0b,0x02,0x40,0x02,0x40,0x20,0x00,0x2c,0x00,0x0b,
    0x41,0x7f,0x4a,0x0d,0x00,0x20,0x00,0x20,0x02,0x36,0x02,0x04,0x0c,0x01,0x0b,0x20,
    0x00,0x20,0x02,0x41,0xff,0x00,0x71,0x3a,0x00,0x0b,0x0b,0x20,0x05,0x20,0x02,0x6a,
    0x41,0x00,0x3a,0x00,0x00,0x20,0x00,0x0f,0x0b,0x02,0x40,0x02,0x40,0x20,0x02,0x41,
    0xf7,0xff,0xff,0xff,0x07,0x4f,0x0d,0x00,0x41,0xf8,0xff,0xff,0xff,0x07,0x20,0x02,
    0x20,0x05,0x41,0x01,0x74,0x22,0x04,0x20,0x02,0x20,0x04,0x4b,0x1b,0x41,0xf8,0xff,
    0xff,0xff,0x07,0x71,0x41,0x08,0x6a,0x20,0x05,0x41,0xf3,0xff,0xff,0xff,0x03,0x4b,
    0x1b,0x22,0x04,0x10,0x93,0x82,0x80,0x80,0x00,0x22,0x05,0x45,0x0d,0x01,0x20,0x00,
    0x28,0x02,0x00,0x21,0x06,0x02,0x40,0x20,0x02,0x45,0x0d,0x00,0x20,0x05,0x20,0x01,
    0x20,0x02,0xfc,0x0a,0x00,0x00,0x0b,0x20,0x05,0x20,0x02,0x6a,0x41,0x00,0x3a,0x00,
    0x00,0x02,0x40,0x20,0x03,0x41,0x7f,0x4a,0x0d,0x00,0x20,0x06,0x10,0x9b,0x81,0x80,
    0x80,0x00,0x0b,0x20,0x00,0x20,0x02,0x36,0x02,0x04,0x20,0x00,0x20,0x05,0x36,0x02,
    0x00,0x20,0x00,0x20,0x04,0x41,0x80,0x80,0x80,0x80,0x78,0x72,0x36,0x02,0x08,0x20,
    0x00,0x0f,0x0b,0x10,0xe4,0x80,0x80,0x80,0x00,0x00,0x0b,0x20,0x00,0x41,0x00,0x10,
    0x94,0x82,0x80,0x80,0x00,0x00,0x0b,0xf5,0x07,0x01,0x01,0x7f,0x02,0x40,0x20,0x01,
    0x41,0xbf,0x84,0x3d,0x4b,0x0d,0x00,0x02,0x40,0x20,0x01,0x41,0x8f,0xce,0x00,0x4b,
    0x0d,0x00,0x02,0x40,0x20,0x01,0x41,0xe3,0x00,0x4b,0x0d,0x00,0x02,0x40,0x20,0x01,
    0x41,0x09,0x4b,0x0d,0x00,0x20,0x00,0x20,0x01,0x41,0x30,0x72,0x3a,0x00,0x00,0x20,
    0x00,0x41,0x01,0x6a,0x0f,0x0b,0x20,0x00,0x20,0x01,0x41,0x01,0x74,0x2f,0x01,0xe0,
    0x9f,0x84,0x80,0x00,0x3b,0x00,0x00,0x20,0x00,0x41,0x02,0x6a,0x0f,0x0b,0x20,0x01,
    0x41,0xff,0xff,0x03,0x71,0x41,0xe4,0x00,0x6e,0x21,0x02,0x02,0x40,0x20,0x01,0x41,
    0xe7,0x07,0x4b,0x0d,0x00,0x20,0x00,0x20,0x02,0x41,0x30,0x72,0x3a,0x00,0x00,0x20,
    0x00,0x20,0x01,0x20,0x02,0x41,0xe4,0x00,0x6c,0x6b,0x41,0xff,0xff,0x03,0x71,0x41,
    0x01,0x74,0x2f,0x01,0xe0,0x9f,0x84,0x80,0x00,0x3b,0x00,0x01,0x20,0x00,0x41,0x03,
    0x6a,0x0f,0x0b,0x20,0x00,0x20,0x02,0x41,0x01,0x74,0x2f,0x01,0xe0,0x9f,0x84,0x80,
    0x00,0x3b,0x00,0x00,0x20,0x00,0x20,0x02,0x41,0x9c,0x7f,0x6c,0x20,0x01,0x6a,0x41,
    0xff,0xff,0x03,0x71,0x41,0x01,0x74,0x2f,0x01,0xe0,0x9f,0x84,0x80,0x00,0x3b,0x00,
    0x02,0x20,0x00,0x41,0x04,0x6a,0x0f,0x0b,0x20,0x01,0x41,0x90,0xce,0x00,0x6e,0x21,
    0x02,0x02,0x40,0x20,0x01,0x41,0x9f,0x8d,0x06,0x4b,0x0d,0x00,0x20,0x00,0x20,0x02,
    0x41,0x30,0x72,0x3a,0x00,0x00,0x20,0x00,0x20,0x01,0x20,0x02,0x41,0x90,0xce,0x00,
    0x6c,0x6b,0x22,0x01,0x41,0xff,0xff,0x03,0x71,0x41,0xe4,0x00,0x6e,0x22,0x02,0x41,
    0x01,0x74,0x2f,0x01,0xe0,0x9f,0x84,0x80,0x00,0x3b,0x00,0x01,0x20,0x00,0x20,0x02,
    0x41,0x9c,0x7f,0x6c,0x20,0x01,0x6a,0x41,0xff,0xff,0x03,0x71,0x41,0x01,0x74,0x2f,
    0x01,0xe0,0x9f,0x84,0x80,0x00,0x3b,0x00,0x03,0x20,0x00,0x41,0x05,0x6a,0x0f,0x0b,
    0x20,0x00,0x20,0x02,0x41,0x01,0x74,0x2f,0x01,0xe0,0x9f,0x84,0x80,0x00,0x3b,0x00,
    0x00,0x20,0x00,0x20,0x02,0x41,0xf0,0xb1,0x03,0x6c,0x20,0x01,0x6a,0x22,0x01,0x41,
    0xff,0xff,0x03,0x71,0x41,0xe4,0x00,0x6e,0x22,0x02,0x41,0x01,0x74,0x2f,0x01,0xe0,
    0x9f,0x84,0x80,0x00,0x3b,0x00,0x02,0x20,0x00,0x20,0x02,0x41,0x9c,0x7f,0x6c,0x20,
    0x01,0x6a,0x41,0xff,0xff,0x03,0x71,0x41,0x01,0x74,0x2f,0x01,0xe0,0x9f,0x84,0x80,
    0x00,0x3b,0x00,0x04,0x20,0x00,0x41,0x06,0x6a,0x0f,0x0b,0x02,0x40,0x20,0x01,0x41,
    0xff,0xc1,0xd7,0x2f,0x4b,0x0d,0x00,0x20,0x01,0x41,0xc0,0x84,0x3d,0x6e,0x21,0x02,
    0x02,0x40,0x20,0x01,0x41,0xff,0xac,0xe2,0x04,0x4b,0x0d,0x00,0x20,0x00,0x20,0x02,
    0x41,0x30,0x6a,0x3a,0x00,0x00,0x20,0x00,0x20,0x01,0x20,0x02,0x41,0xc0,0x84,0x3d,
    0x6c,0x6b,0x22,0x01,0x41,0x90,0xce,0x00,0x6e,0x22,0x02,0x41,0x01,0x74,0x2f,0x01,
    0xe0,0x9f,0x84,0x80,0x00,0x3b,0x00,0x01,0x20,0x00,0x20,0x02,0x41,0xf0,0xb1,0x03,
    0x6c,0x20,0x01,0x6a,0x22,0x01,0x41,0xff,0xff,0x03,0x71,0x41,0xe4,0x00,0x6e,0x22,
    0x02,0x41,0x01,0x74,0x2f,0x01,0xe0,0x9f,0x84,0x80,0x00,0x3b,0x00,0x03,0x20,0x00,
    0x20,0x02,0x41,0x9c,0x7f,0x6c,0x20,0x01,0x6a,0x41,0xff,0xff,0x03,0x71,0x41,0x01,
    0x74,0x2f,0x01,0xe0,0x9f,0x84,0x80,0x00,0x3b,0x00,0x05,0x20,0x00,0x41,0x07,0x6a,
    0x0f,0x0b,0x20,0x00,0x20,0x02,0x41,0x01,0x74,0x2f,0x01,0xe0,0x9f,0x84,0x80,0x00,
    0x3b,0x00,0x00,0x20,0x00,0x20,0x02,0x41,0xc0,0xfb,0x42,0x6c,0x20,0x01,0x6a,0x22,
    0x01,0x41,0x90,0xce,0x00,0x6e,0x22,0x02,0x41,0x01,0x74,0x2f,0x01,0xe0,0x9f,0x84,
    0x80,0x00,0x3b,0x00,0x02,0x20,0x00,0x20,0x02,0x41,0xf0,0xb1,0x03,0x6c,0x20,0x01,
    0x6a,0x22,0x01,0x41,0xff,0xff,0x03,0x71,0x41,0xe4,0x00,0x6e,0x22,0x02,0x41,0x01,
    0x74,0x2f,0x01,0xe0,0x9f,0x84,0x80,0x00,0x3b,0x00,0x04,0x20,0x00,0x20,0x02,0x41,
    0x9c,0x7f,0x6c,0x20,0x01,0x6a,0x41,0xff,0xff,0x03,0x71,0x41,0x01,0x74,0x2f,0x01,
    0xe0,0x9f,0x84,0x80,0x00,0x3b,0x00,0x06,0x20,0x00,0x41,0x08,0x6a,0x0f,0x0b,0x20,
    0x01,0x41,0x80,0xc2,0xd7,0x2f,0x6e,0x21,0x02,0x02,0x40,0x20,0x01,0x41,0xff,0x93,
    0xeb,0xdc,0x03,0x4b,0x0d,0x00,0x20,0x00,0x20,0x02,0x41,0x30,0x72,0x3a,0x00,0x00,
    0x20,0x00,0x20,0x01,0x20,0x02,0x41,0x80,0xc2,0xd7,0x2f,0x6c,0x6b,0x22,0x01,0x41,
    0xc0,0x84,0x3d,0x6e,0x22,0x02,0x41,0x01,0x74,0x2f,0x01,0xe0,0x9f,0x84,0x80,0x00,
    0x3b,0x00,0x01,0x20,0x00,0x20,0x02,0x41,0xc0,0xfb,0x42,0x6c,0x20,0x01,0x6a,0x22,
    0x01,0x41,0x90,0xce,0x00,0x6e,0x22,0x02,0x41,0x01,0x74,0x2f,0x01,0xe0,0x9f,0x84,
    0x80,0x00,0x3b,0x00,0x03,0x20,0x00,0x20,0x02,0x41,0xf0,0xb1,0x03,0x6c,0x20,0x01,
    0x6a,0x22,0x01,0x41,0xff,0xff,0x03,0x71,0x41,0xe4,0x00,0x6e,0x22,0x02,0x41,0x01,
    0x74,0x2f,0x01,0xe0,0x9f,0x84,0x80,0x00,0x3b,0x00,0x05,0x20,0x00,0x20,0x02,0x41,
    0x9c,0x7f,0x6c,0x20,0x01,0x6a,0x41,0xff,0xff,0x03,0x71,0x41,0x01,0x74,0x2f,0x01,
    0xe0,0x9f,0x84,0x80,0x00,0x3b,0x00,0x07,0x20,0x00,0x41,0x09,0x6a,0x0f,0x0b,0x20,
    0x00,0x20,0x02,0x41,0x01,0x74,0x2f,0x01,0xe0,0x9f,0x84,0x80,0x00,0x3b,0x00,0x00,
    0x20,0x00,0x20,0x02,0x41,0x80,0xbe,0xa8,0x50,0x6c,0x20,0x01,0x6a,0x22,0x01,0x41,
    0xc0,0x84,0x3d,0x6e,0x22,0x02,0x41,0x01,0x74,0x2f,0x01,0xe0,0x9f,0x84,0x80,0x00,
    0x3b,0x00,0x02,0x20,0x00,0x20,0x02,0x41,0xc0,0xfb,0x42,0x6c,0x20,0x01,0x6a,0x22,
    0x01,0x41,0x90,0xce,0x00,0x6e,0x22,0x02,0x41,0x01,0x74,0x2f,0x01,0xe0,0x9f,0x84,
    0x80,0x00,0x3b,0x00,0x04,0x20,0x00,0x20,0x02,0x41,0xf0,0xb1,0x03,0x6c,0x20,0x01,
    0x6a,0x22,0x01,0x41,0xff,0xff,0x03,0x71,0x41,0xe4,0x00,0x6e,0x22,0x02,0x41,0x01,
    0x74,0x2f,0x01,0xe0,0x9f,0x84,0x80,0x00,0x3b,0x00,0x06,0x20,0x00,0x20,0x02,0x41,
    0x9c,0x7f,0x6c,0x20,0x01,0x6a,0x41,0xff,0xff,0x03,0x71,0x41,0x01,0x74,0x2f,0x01,
    0xe0,0x9f,0x84,0x80,0x00,0x3b,0x00,0x08,0x20,0x00,0x41,0x0a,0x6a,0x0b,0x90,0x03,
    0x01,0x04,0x7f,0x23,0x80,0x80,0x80,0x80,0x00,0x41,0xd0,0x01,0x6b,0x22,0x03,0x24,
    0x80,0x80,0x80,0x80,0x00,0x20,0x03,0x20,0x02,0x36,0x02,0xcc,0x01,0x20,0x03,0x42,
    0x00,0x37,0x03,0xc0,0x01,0x20,0x03,0x42,0x00,0x37,0x03,0xb8,0x01,0x20,0x03,0x42,
    0x00,0x37,0x03,0xb0,0x01,0x20,0x03,0x42,0x00,0x37,0x03,0xa8,0x01,0x20,0x03,0x42,
    0x00,0x37,0x03,0xa0,0x01,0x20,0x03,0x20,0x02,0x36,0x02,0xc8,0x01,0x02,0x40,0x41,
    0x00,0x20,0x01,0x20,0x03,0x41,0xc8,0x01,0x6a,0x20,0x03,0x41,0xd0,0x00,0x6a,0x20,
    0x03,0x41,0xa0,0x01,0x6a,0x10,0xa4,0x82,0x80,0x80,0x00,0x41,0x00,0x48,0x0d,0x00,
    0x20,0x00,0x20,0x00,0x28,0x02,0x00,0x22,0x02,0x41,0x5f,0x71,0x36,0x02,0x00,0x02,
    0x40,0x02,0x40,0x02,0x40,0x02,0x40,0x02,0x40,0x20,0x00,0x28,0x02,0x2c,0x22,0x04,
    0x0d,0x00,0x41,0xd0,0x00,0x21,0x04,0x20,0x00,0x41,0xd0,0x00,0x36,0x02,0x2c,0x20,
    0x00,0x41,0x00,0x36,0x02,0x18,0x20,0x00,0x42,0x00,0x37,0x03,0x10,0x20,0x00,0x28,
    0x02,0x28,0x21,0x05,0x20,0x00,0x20,0x03,0x36,0x02,0x28,0x0c,0x01,0x0b,0x41,0x00,
    0x21,0x05,0x20,0x00,0x28,0x02,0x10,0x0d,0x01,0x0b,0x20,0x00,0x20,0x00,0x28,0x02,
    0x3c,0x22,0x06,0x41,0x7f,0x6a,0x20,0x06,0x72,0x36,0x02,0x3c,0x20,0x02,0x41,0x08,
    0x71,0x0d,0x01,0x20,0x00,0x42,0x00,0x37,0x02,0x04,0x20,0x00,0x20,0x00,0x28,0x02,
    0x28,0x22,0x06,0x36,0x02,0x18,0x20,0x00,0x20,0x06,0x36,0x02,0x14,0x20,0x00,0x20,
    0x06,0x20,0x04,0x6a,0x36,0x02,0x10,0x0b,0x20,0x00,0x20,0x01,0x20,0x03,0x41,0xc8,
    0x01,0x6a,0x20,0x03,0x41,0xd0,0x00,0x6a,0x20,0x03,0x41,0xa0,0x01,0x6a,0x10,0xa4,
    0x82,0x80,0x80,0x00,0x1a,0x0c,0x01,0x0b,0x20,0x00,0x20,0x02,0x41,0x20,0x72,0x36,
    0x02,0x00,0x0b,0x20,0x02,0x41,0x20,0x71,0x21,0x02,0x02,0x40,0x20,0x05,0x45,0x0d,
    0x00,0x20,0x00,0x41,0x00,0x41,0x00,0x20,0x00,0x28,0x02,0x20,0x11,0x86,0x80,0x80,
    0x80,0x00,0x80,0x80,0x80,0x80,0x00,0x1a,0x20,0x00,0x41,0x00,0x36,0x02,0x2c,0x20,
    0x00,0x20,0x05,0x36,0x02,0x28,0x20,0x00,0x41,0x00,0x36,0x02,0x18,0x20,0x00,0x42,
    0x00,0x37,0x03,0x10,0x0b,0x20,0x00,0x20,0x00,0x28,0x02,0x00,0x20,0x02,0x72,0x36,
    0x02,0x00,0x0b,0x20,0x03,0x41,0xd0,0x01,0x6a,0x24,0x80,0x80,0x80,0x80,0x00,0x0b,
    0xb7,0x03,0x01,0x05,0x7f,0x20,0x02,0x20,0x01,0x6c,0x21,0x03,0x02,0x40,0x02,0x40,
    0x02,0x40,0x41,0x00,0x28,0x02,0xb0,0xb6,0x84,0x80,0x00,0x22,0x04,0x45,0x0d,0x00,
    0x41,0x00,0x28,0x02,0xb4,0xb6,0x84,0x80,0x00,0x21,0x05,0x0c,0x01,0x0b,0x41,0x00,
    0x41,0x00,0x28,0x02,0xdc,0xb6,0x84,0x80,0x00,0x22,0x04,0x41,0x7f,0x6a,0x20,0x04,
    0x72,0x36,0x02,0xdc,0xb6,0x84,0x80,0x00,0x02,0x40,0x41,0x00,0x28,0x02,0xa0,0xb6,
    0x84,0x80,0x00,0x22,0x04,0x41,0x08,0x71,0x45,0x0d,0x00,0x41,0x00,0x21,0x00,0x41,
    0x00,0x20,0x04,0x41,0x20,0x72,0x36,0x02,0xa0,0xb6,0x84,0x80,0x00,0x0c,0x02,0x0b,
    0x41,0x00,0x42,0x00,0x37,0x02,0xa4,0xb6,0x84,0x80,0x00,0x41,0x00,0x41,0x00,0x28,
    0x02,0xc8,0xb6,0x84,0x80,0x00,0x22,0x05,0x36,0x02,0xb8,0xb6,0x84,0x80,0x00,0x41,
    0x00,0x20,0x05,0x36,0x02,0xb4,0xb6,0x84,0x80,0x00,0x41,0x00,0x20,0x05,0x41,0x00,
    0x28,0x02,0xcc,0xb6,0x84,0x80,0x00,0x6a,0x22,0x04,0x36,0x02,0xb0,0xb6,0x84,0x80,
    0x00,0x0b,0x02,0x40,0x20,0x03,0x20,0x04,0x20,0x05,0x6b,0x4d,0x0d,0x00,0x41,0xa0,
    0xb6,0x84,0x80,0x00,0x20,0x00,0x20,0x03,0x41,0x00,0x28,0x02,0xc0,0xb6,0x84,0x80,
    0x00,0x11,0x86,0x80,0x80,0x80,0x00,0x80,0x80,0x80,0x80,0x00,0x21,0x00,0x0c,0x01,
    0x0b,0x41,0x00,0x21,0x04,0x02,0x40,0x02,0x40,0x20,0x03,0x0d,0x00,0x20,0x03,0x21,
    0x06,0x0c,0x01,0x0b,0x02,0x40,0x41,0x00,0x28,0x02,0xe0,0xb6,0x84,0x80,0x00,0x41,
    0x00,0x4e,0x0d,0x00,0x20,0x03,0x21,0x06,0x0c,0x01,0x0b,0x20,0x03,0x21,0x04,0x02,
    0x40,0x03,0x40,0x20,0x00,0x20,0x04,0x6a,0x22,0x07,0x41,0x7f,0x6a,0x2d,0x00,0x00,
    0x41,0x0a,0x46,0x0d,0x01,0x20,0x04,0x41,0x7f,0x6a,0x22,0x04,0x0d,0x00,0x0b,0x41,
    0x00,0x21,0x04,0x20,0x03,0x21,0x06,0x0c,0x01,0x0b,0x41,0xa0,0xb6,0x84,0x80,0x00,
    0x20,0x00,0x20,0x04,0x41,0x00,0x28,0x02,0xc0,0xb6,0x84,0x80,0x00,0x11,0x86,0x80,
    0x80,0x80,0x00,0x80,0x80,0x80,0x80,0x00,0x22,0x00,0x20,0x04,0x49,0x0d,0x01,0x20,
    0x03,0x20,0x04,0x6b,0x21,0x06,0x41,0x00,0x28,0x02,0xb4,0xb6,0x84,0x80,0x00,0x21,
    0x05,0x20,0x07,0x21,0x00,0x0b,0x02,0x40,0x20,0x06,0x45,0x0d,0x00,0x20,0x05,0x20,
    0x00,0x20,0x06,0xfc,0x0a,0x00,0x00,0x0b,0x41,0x00,0x41,0x00,0x28,0x02,0xb4,0xb6,
    0x84,0x80,0x00,0x20,0x06,0x6a,0x36,0x02,0xb4,0xb6,0x84,0x80,0x00,0x20,0x04,0x20,
    0x06,0x6a,0x21,0x00,0x0b,0x02,0x40,0x20,0x00,0x20,0x03,0x46,0x0d,0x00,0x20,0x00,
    0x20,0x01,0x6e,0x21,0x02,0x0b,0x20,0x02,0x0b,0xda,0x02,0x01,0x04,0x7f,0x23,0x80,
    0x80,0x80,0x80,0x00,0x41,0x10,0x6b,0x22,0x00,0x24,0x80,0x80,0x80,0x80,0x00,0x02,
    0x40,0x02,0x40,0x02,0x40,0x41,0x00,0x28,0x02,0xe0,0xb6,0x84,0x80,0x00,0x22,0x01,
    0x41,0x0a,0x46,0x0d,0x00,0x41,0x00,0x28,0x02,0xb4,0xb6,0x84,0x80,0x00,0x22,0x02,
    0x41,0x00,0x28,0x02,0xb0,0xb6,0x84,0x80,0x00,0x46,0x0d,0x01,0x41,0x00,0x20,0x02,
    0x41,0x01,0x6a,0x36,0x02,0xb4,0xb6,0x84,0x80,0x00,0x20,0x02,0x41,0x0a,0x3a,0x00,
    0x00,0x0c,0x02,0x0b,0x41,0x00,0x28,0x02,0xb0,0xb6,0x84,0x80,0x00,0x21,0x02,0x0b,
    0x20,0x00,0x41,0x0a,0x3a,0x00,0x0f,0x02,0x40,0x02,0x40,0x20,0x02,0x45,0x0d,0x00,
    0x41,0x00,0x28,0x02,0xb4,0xb6,0x84,0x80,0x00,0x21,0x03,0x0c,0x01,0x0b,0x41,0x00,
    0x41,0x00,0x28,0x02,0xdc,0xb6,0x84,0x80,0x00,0x22,0x02,0x41,0x7f,0x6a,0x20,0x02,
    0x72,0x36,0x02,0xdc,0xb6,0x84,0x80,0x00,0x02,0x40,0x41,0x00,0x28,0x02,0xa0,0xb6,
    0x84,0x80,0x00,0x22,0x02,0x41,0x08,0x71,0x45,0x0d,0x00,0x41,0x00,0x20,0x02,0x41,
    0x20,0x72,0x36,0x02,0xa0,0xb6,0x84,0x80,0x00,0x0c,0x02,0x0b,0x41,0x00,0x42,0x00,
    0x37,0x02,0xa4,0xb6,0x84,0x80,0x00,0x41,0x00,0x41,0x00,0x28,0x02,0xc8,0xb6,0x84,
    0x80,0x00,0x22,0x03,0x36,0x02,0xb8,0xb6,0x84,0x80,0x00,0x41,0x00,0x20,0x03,0x36,
    0x02,0xb4,0xb6,0x84,0x80,0x00,0x41,0x00,0x20,0x03,0x41,0x00,0x28,0x02,0xcc,0xb6,
    0x84,0x80,0x00,0x6a,0x22,0x02,0x36,0x02,0xb0,0xb6,0x84,0x80,0x00,0x0b,0x02,0x40,
    0x20,0x03,0x20,0x02,0x46,0x0d,0x00,0x20,0x01,0x41,0x0a,0x46,0x0d,0x00,0x41,0x00,
    0x20,0x03,0x41,0x01,0x6a,0x36,0x02,0xb4,0xb6,0x84,0x80,0x00,0x20,0x03,0x41,0x0a,
    0x3a,0x00,0x00,0x0c,0x01,0x0b,0x41,0xa0,0xb6,0x84,0x80,0x00,0x20,0x00,0x41,0x0f,
    0x6a,0x41,0x01,0x41,0x00,0x28,0x02,0xc0,0xb6,0x84,0x80,0x00,0x11,0x86,0x80,0x80,
    0x80,0x00,0x80,0x80,0x80,0x80,0x00,0x1a,0x0b,0x20,0x00,0x41,0x10,0x6a,0x24,0x80,
    0x80,0x80,0x80,0x00,0x0b,0xbf,0x01,0x01,0x02,0x7f,0x41,0x00,0x41,0xf0,0xb9,0x84,
    0x80,0x00,0x36,0x02,0xf0,0xb9,0x84,0x80,0x00,0x41,0x80,0x80,0x84,0x80,0x00,0x21,
    0x00,0x02,0x40,0x02,0x40,0x41,0x80,0x80,0x84,0x80,0x00,0x45,0x0d,0x00,0x41,0x80,
    0x80,0x84,0x80,0x00,0x41,0x80,0x80,0x80,0x80,0x00,0x6b,0x21,0x01,0x0c,0x01,0x0b,
    0x23,0x80,0x80,0x80,0x80,0x00,0x21,0x00,0x41,0x80,0xbf,0x84,0x80,0x00,0x41,0xf8,
    0xbe,0x84,0x80,0x00,0x6b,0x41,0x80,0x80,0x84,0x80,0x00,0x20,0x00,0x41,0x80,0x80,
    0x84,0x80,0x00,0x4b,0x22,0x00,0x1b,0x21,0x01,0x41,0x80,0xbf,0x84,0x80,0x00,0x41,
    0x80,0x80,0x84,0x80,0x00,0x20,0x00,0x1b,0x21,0x00,0x0b,0x41,0x00,0x20,0x01,0x36,
    0x02,0xa4,0xba,0x84,0x80,0x00,0x41,0x00,0x20,0x00,0x36,0x02,0xa0,0xba,0x84,0x80,
    0x00,0x41,0x00,0x41,0xf0,0xb9,0x84,0x80,0x00,0x36,0x02,0xf8,0xb9,0x84,0x80,0x00,
    0x41,0x00,0x41,0xf0,0xb9,0x84,0x80,0x00,0x36,0x02,0xf4,0xb9,0x84,0x80,0x00,0x41,
    0x00,0x41,0x00,0x36,0x02,0xa8,0xba,0x84,0x80,0x00,0x41,0x00,0x41,0x00,0x36,0x02,
    0xfc,0xb9,0x84,0x80,0x00,0x0b,0x3b,0x01,0x01,0x7f,0x23,0x80,0x80,0x80,0x80,0x00,
    0x41,0x10,0x6b,0x22,0x03,0x24,0x80,0x80,0x80,0x80,0x00,0x20,0x03,0x20,0x02,0x36,
    0x02,0x0c,0x41,0xa0,0xb6,0x84,0x80,0x00,0x41,0x9b,0x97,0x84,0x80,0x00,0x20,0x02,
    0x10,0x99,0x82,0x80,0x80,0x00,0x20,0x03,0x41,0x10,0x6a,0x24,0x80,0x80,0x80,0x80,
    0x00,0x0b,0xb1,0x02,0x01,0x03,0x7f,0x02,0x40,0x02,0x40,0x20,0x02,0x28,0x02,0x10,
    0x22,0x03,0x45,0x0d,0x00,0x20,0x02,0x28,0x02,0x14,0x21,0x04,0x0c,0x01,0x0b,0x20,
    0x02,0x20,0x02,0x28,0x02,0x3c,0x22,0x03,0x41,0x7f,0x6a,0x20,0x03,0x72,0x36,0x02,
    0x3c,0x02,0x40,0x20,0x02,0x28,0x02,0x00,0x22,0x03,0x41,0x08,0x71,0x45,0x0d,0x00,
    0x20,0x02,0x20,0x03,0x41,0x20,0x72,0x36,0x02,0x00,0x0f,0x0b,0x20,0x02,0x42,0x00,
    0x37,0x02,0x04,0x20,0x02,0x20,0x02,0x28,0x02,0x28,0x22,0x04,0x36,0x02,0x18,0x20,
    0x02,0x20,0x04,0x36,0x02,0x14,0x20,0x02,0x20,0x04,0x20,0x02,0x28,0x02,0x2c,0x6a,
    0x22,0x03,0x36,0x02,0x10,0x0b,0x02,0x40,0x20,0x01,0x20,0x03,0x20,0x04,0x6b,0x4d,
    0x0d,0x00,0x20,0x02,0x20,0x00,0x20,0x01,0x20,0x02,0x28,0x02,0x20,0x11,0x86,0x80,
    0x80,0x80,0x00,0x80,0x80,0x80,0x80,0x00,0x1a,0x0f,0x0b,0x02,0x40,0x02,0x40,0x02,
    0x40,0x20,0x02,0x28,0x02,0x40,0x41,0x00,0x4e,0x0d,0x00,0x20,0x00,0x21,0x05,0x0c,
    0x01,0x0b,0x02,0x40,0x20,0x01,0x0d,0x00,0x20,0x00,0x21,0x05,0x0c,0x01,0x0b,0x20,
    0x01,0x21,0x03,0x02,0x40,0x03,0x40,0x20,0x00,0x20,0x03,0x6a,0x22,0x05,0x41,0x7f,
    0x6a,0x2d,0x00,0x00,0x41,0x0a,0x46,0x0d,0x01,0x20,0x03,0x41,0x7f,0x6a,0x22,0x03,
    0x0d,0x00,0x0b,0x20,0x00,0x21,0x05,0x0c,0x01,0x0b,0x20,0x02,0x20,0x00,0x20,0x03,
    0x20,0x02,0x28,0x02,0x20,0x11,0x86,0x80,0x80,0x80,0x00,0x80,0x80,0x80,0x80,0x00,
    0x20,0x03,0x49,0x0d,0x01,0x20,0x01,0x20,0x03,0x6b,0x21,0x01,0x20,0x02,0x28,0x02,
    0x14,0x21,0x04,0x0b,0x02,0x40,0x20,0x01,0x45,0x0d,0x00,0x20,0x04,0x20,0x05,0x20,
    0x01,0xfc,0x0a,0x00,0x00,0x0b,0x20,0x02,0x20,0x02,0x28,0x02,0x14,0x20,0x01,0x6a,
    0x36,0x02,0x14,0x0b,0x0b,0xc0,0x01,0x01,0x05,0x7f,0x20,0x00,0x28,0x02,0x44,0x22,
    0x03,0x28,0x02,0x00,0x21,0x04,0x02,0x40,0x20,0x03,0x28,0x02,0x04,0x22,0x05,0x20,
    0x00,0x28,0x02,0x14,0x20,0x00,0x28,0x02,0x18,0x22,0x06,0x6b,0x22,0x07,0x20,0x05,
    0x20,0x07,0x49,0x1b,0x22,0x07,0x45,0x0d,0x00,0x02,0x40,0x20,0x07,0x45,0x0d,0x00,
    0x20,0x04,0x20,0x06,0x20,0x07,0xfc,0x0a,0x00,0x00,0x0b,0x20,0x03,0x20,0x03,0x28,
    0x02,0x00,0x20,0x07,0x6a,0x22,0x04,0x36,0x02,0x00,0x20,0x03,0x20,0x03,0x28,0x02,
    0x04,0x20,0x07,0x6b,0x22,0x05,0x36,0x02,0x04,0x0b,0x02,0x40,0x20,0x05,0x20,0x02,
    0x20,0x05,0x20,0x02,0x49,0x1b,0x22,0x05,0x45,0x0d,0x00,0x02,0x40,0x20,0x05,0x45,
    0x0d,0x00,0x20,0x04,0x20,0x01,0x20,0x05,0xfc,0x0a,0x00,0x00,0x0b,0x20,0x03,0x20,
    0x03,0x28,0x02,0x00,0x20,0x05,0x6a,0x22,0x04,0x36,0x02,0x00,0x20,0x03,0x20,0x03,
    0x28,0x02,0x04,0x20,0x05,0x6b,0x36,0x02,0x04,0x0b,0x20,0x04,0x41,0x00,0x3a,0x00,
    0x00,0x20,0x00,0x20,0x00,0x28,0x02,0x28,0x22,0x03,0x36,0x02,0x18,0x20,0x00,0x20,
    0x03,0x36,0x02,0x14,0x20,0x02,0x0b,0x29,0x00,0x02,0x40,0x20,0x00,0x28,0x02,0x38,
    0x10,0x83,0x80,0x80,0x80,0x00,0x41,0xff,0xff,0x03,0x71,0x22,0x00,0x0d,0x00,0x41,
    0x00,0x0f,0x0b,0x41,0x00,0x20,0x00,0x36,0x02,0xf0,0xbe,0x84,0x80,0x00,0x41,0x7f,
    0x0b,0x80,0x03,0x01,0x07,0x7f,0x23,0x80,0x80,0x80,0x80,0x00,0x41,0x20,0x6b,0x22,
    0x03,0x24,0x80,0x80,0x80,0x80,0x00,0x20,0x03,0x20,0x02,0x36,0x02,0x0c,0x20,0x03,
    0x20,0x01,0x36,0x02,0x08,0x20,0x03,0x20,0x00,0x28,0x02,0x18,0x22,0x01,0x36,0x02,
    0x00,0x20,0x03,0x20,0x00,0x28,0x02,0x14,0x20,0x01,0x6b,0x22,0x01,0x36,0x02,0x04,
    0x20,0x01,0x20,0x02,0x6a,0x21,0x04,0x41,0x02,0x21,0x05,0x20,0x03,0x21,0x01,0x02,
    0x40,0x02,0x40,0x02,0x40,0x02,0x40,0x03,0x40,0x20,0x05,0x41,0x00,0x48,0x0d,0x01,
    0x20,0x00,0x28,0x02,0x38,0x21,0x06,0x20,0x03,0x41,0x00,0x36,0x02,0x1c,0x02,0x40,
    0x20,0x06,0x20,0x01,0x20,0x05,0x20,0x03,0x41,0x1c,0x6a,0x10,0x85,0x80,0x80,0x80,
    0x00,0x41,0xff,0xff,0x03,0x71,0x22,0x06,0x0d,0x00,0x20,0x04,0x20,0x03,0x28,0x02,
    0x1c,0x22,0x06,0x46,0x0d,0x03,0x20,0x06,0x41,0x7f,0x4c,0x0d,0x04,0x20,0x01,0x41,
    0x08,0x41,0x00,0x20,0x06,0x20,0x01,0x28,0x02,0x04,0x22,0x07,0x4b,0x22,0x08,0x1b,
    0x6a,0x22,0x09,0x20,0x09,0x28,0x02,0x00,0x20,0x06,0x20,0x07,0x41,0x00,0x20,0x08,
    0x1b,0x6b,0x22,0x07,0x6a,0x36,0x02,0x00,0x20,0x01,0x41,0x0c,0x41,0x04,0x20,0x08,
    0x1b,0x6a,0x22,0x01,0x20,0x01,0x28,0x02,0x00,0x20,0x07,0x6b,0x36,0x02,0x00,0x20,
    0x04,0x20,0x06,0x6b,0x21,0x04,0x20,0x05,0x20,0x08,0x6b,0x21,0x05,0x20,0x09,0x21,
    0x01,0x0c,0x01,0x0b,0x0b,0x41,0x00,0x20,0x06,0x36,0x02,0xf0,0xbe,0x84,0x80,0x00,
    0x20,0x04,0x41,0x7f,0x46,0x0d,0x01,0x0c,0x02,0x0b,0x41,0x00,0x41,0x1c,0x36,0x02,
    0xf0,0xbe,0x84,0x80,0x00,0x20,0x04,0x41,0x7f,0x47,0x0d,0x01,0x0b,0x20,0x00,0x20,
    0x00,0x28,0x02,0x28,0x22,0x01,0x36,0x02,0x18,0x20,0x00,0x20,0x01,0x36,0x02,0x14,
    0x20,0x00,0x20,0x01,0x20,0x00,0x28,0x02,0x2c,0x6a,0x36,0x02,0x10,0x20,0x02,0x21,
    0x06,0x0c,0x01,0x0b,0x41,0x00,0x21,0x06,0x20,0x00,0x41,0x00,0x36,0x02,0x18,0x20,
    0x00,0x42,0x00,0x37,0x03,0x10,0x20,0x00,0x20,0x00,0x28,0x02,0x00,0x41,0x20,0x72,
    0x36,0x02,0x00,0x20,0x05,0x41,0x02,0x46,0x0d,0x00,0x20,0x02,0x20,0x01,0x28,0x02,
    0x04,0x6b,0x21,0x06,0x0b,0x20,0x03,0x41,0x20,0x6a,0x24,0x80,0x80,0x80,0x80,0x00,
    0x20,0x06,0x0b,0x6c,0x01,0x01,0x7f,0x23,0x80,0x80,0x80,0x80,0x00,0x41,0x10,0x6b,
    0x22,0x03,0x24,0x80,0x80,0x80,0x80,0x00,0x02,0x40,0x02,0x40,0x20,0x00,0x28,0x02,
    0x38,0x20,0x01,0x20,0x02,0x41,0xff,0x01,0x71,0x20,0x03,0x41,0x08,0x6a,0x10,0x84,
    0x80,0x80,0x80,0x00,0x41,0xff,0xff,0x03,0x71,0x22,0x02,0x45,0x0d,0x00,0x41,0x00,
    0x41,0xc6,0x00,0x20,0x02,0x20,0x02,0x41,0xcc,0x00,0x46,0x1b,0x36,0x02,0xf0,0xbe,
    0x84,0x80,0x00,0x42,0x7f,0x21,0x01,0x0c,0x01,0x0b,0x20,0x03,0x29,0x03,0x08,0x21,
    0x01,0x0b,0x20,0x03,0x41,0x10,0x6a,0x24,0x80,0x80,0x80,0x80,0x00,0x20,0x01,0x0b,
    0x9b,0x03,0x03,0x03,0x7f,0x02,0x7e,0x01,0x7f,0x23,0x80,0x80,0x80,0x80,0x00,0x41,
    0x10,0x6b,0x22,0x01,0x24,0x80,0x80,0x80,0x80,0x00,0x20,0x00,0x29,0x03,0x60,0x20,
    0x00,0x28,0x02,0x04,0x22,0x02,0x20,0x00,0x28,0x02,0x28,0x22,0x03,0x6b,0xac,0x7c,
    0x21,0x04,0x02,0x40,0x02,0x40,0x02,0x40,0x02,0x40,0x20,0x00,0x29,0x03,0x58,0x22,
    0x05,0x50,0x0d,0x00,0x20,0x04,0x20,0x05,0x59,0x0d,0x01,0x0b,0x20,0x00,0x20,0x00,
    0x28,0x02,0x3c,0x22,0x02,0x41,0x7f,0x6a,0x20,0x02,0x72,0x36,0x02,0x3c,0x02,0x40,
    0x20,0x00,0x28,0x02,0x14,0x20,0x00,0x28,0x02,0x18,0x46,0x0d,0x00,0x20,0x00,0x41,
    0x00,0x41,0x00,0x20,0x00,0x28,0x02,0x20,0x11,0x86,0x80,0x80,0x80,0x00,0x80,0x80,
    0x80,0x80,0x00,0x1a,0x0b,0x20,0x00,0x41,0x00,0x36,0x02,0x18,0x20,0x00,0x42,0x00,
    0x37,0x03,0x10,0x02,0x40,0x02,0x40,0x20,0x00,0x28,0x02,0x00,0x22,0x02,0x41,0x04,
    0x71,0x45,0x0d,0x00,0x20,0x00,0x20,0x02,0x41,0x20,0x72,0x36,0x02,0x00,0x0c,0x01,
    0x0b,0x20,0x00,0x20,0x00,0x28,0x02,0x28,0x20,0x00,0x28,0x02,0x2c,0x6a,0x22,0x03,
    0x36,0x02,0x08,0x20,0x00,0x20,0x03,0x36,0x02,0x04,0x20,0x02,0x41,0x10,0x71,0x0d,
    0x00,0x20,0x00,0x20,0x01,0x41,0x0f,0x6a,0x41,0x01,0x20,0x00,0x28,0x02,0x1c,0x11,
    0x86,0x80,0x80,0x80,0x00,0x80,0x80,0x80,0x80,0x00,0x41,0x01,0x46,0x0d,0x02,0x0b,
    0x20,0x00,0x28,0x02,0x04,0x21,0x02,0x20,0x00,0x28,0x02,0x28,0x21,0x03,0x0b,0x20,
    0x00,0x42,0x7f,0x37,0x03,0x58,0x20,0x00,0x20,0x02,0x36,0x02,0x54,0x20,0x00,0x20,
    0x04,0x20,0x03,0x20,0x02,0x6b,0xac,0x7c,0x37,0x03,0x60,0x41,0x7f,0x21,0x02,0x0c,
    0x01,0x0b,0x20,0x04,0x42,0x01,0x7c,0x21,0x04,0x20,0x01,0x2d,0x00,0x0f,0x21,0x02,
    0x20,0x00,0x28,0x02,0x04,0x21,0x03,0x20,0x00,0x28,0x02,0x08,0x21,0x06,0x02,0x40,
    0x20,0x00,0x29,0x03,0x58,0x22,0x05,0x50,0x0d,0x00,0x20,0x05,0x20,0x04,0x7d,0x22,
    0x05,0x20,0x06,0x20,0x03,0x6b,0xac,0x59,0x0d,0x00,0x20,0x03,0x20,0x05,0xa7,0x6a,
    0x21,0x06,0x0b,0x20,0x00,0x20,0x06,0x36,0x02,0x54,0x20,0x00,0x20,0x04,0x20,0x00,
    0x28,0x02,0x28,0x22,0x06,0x20,0x03,0x6b,0xac,0x7c,0x37,0x03,0x60,0x20,0x03,0x20,
    0x06,0x4b,0x0d,0x00,0x20,0x03,0x41,0x7f,0x6a,0x20,0x02,0x3a,0x00,0x00,0x0b,0x20,
    0x01,0x41,0x10,0x6a,0x24,0x80,0x80,0x80,0x80,0x00,0x20,0x02,0x0b,0xbd,0x49,0x07,
    0x1b,0x7f,0x02,0x7e,0x01,0x7c,0x05,0x7f,0x01,0x7e,0x01,0x7f,0x01,0x7c,0x23,0x80,
    0x80,0x80,0x80,0x00,0x41,0xe0,0x06,0x6b,0x22,0x05,0x24,0x80,0x80,0x80,0x80,0x00,
    0x20,0x05,0x41,0xe0,0x00,0x6a,0x41,0x7c,0x6a,0x21,0x06,0x20,0x05,0x41,0x10,0x6a,
    0x41,0x19,0x6a,0x21,0x07,0x20,0x05,0x41,0x27,0x6a,0x21,0x08,0x20,0x05,0x41,0x34,
    0x6a,0x41,0x0b,0x6a,0x21,0x09,0x20,0x05,0x41,0xc0,0x00,0x6a,0x41,0x7f,0x6a,0x21,
    0x0a,0x20,0x05,0x41,0xc0,0x00,0x6a,0x41,0x08,0x72,0x21,0x0b,0x20,0x05,0x41,0xc0,
    0x00,0x6a,0x41,0x09,0x72,0x21,0x0c,0x20,0x05,0x41,0x34,0x6a,0x41,0x0a,0x6a,0x21,
    0x0d,0x20,0x05,0x41,0x34,0x6a,0x41,0x0c,0x6a,0x21,0x0e,0x20,0x05,0x41,0x28,0x6a,
    0x21,0x0f,0x41,0x00,0x21,0x10,0x41,0x00,0x21,0x11,0x02,0x40,0x02,0x40,0x03,0x40,
    0x41,0x00,0x21,0x12,0x02,0x40,0x03,0x40,0x20,0x01,0x21,0x13,0x20,0x12,0x20,0x11,
    0x41,0xff,0xff,0xff,0xff,0x07,0x73,0x4a,0x0d,0x01,0x20,0x12,0x20,0x11,0x6a,0x21,
    0x11,0x02,0x40,0x02,0x40,0x02,0x40,0x02,0x40,0x02,0x40,0x02,0x40,0x02,0x40,0x02,
    0x40,0x20,0x13,0x2d,0x00,0x00,0x22,0x12,0x45,0x0d,0x00,0x20,0x13,0x21,0x01,0x03,
    0x40,0x02,0x40,0x02,0x40,0x02,0x40,0x20,0x12,0x41,0xff,0x01,0x71,0x22,0x12,0x45,
    0x0d,0x00,0x20,0x12,0x41,0x25,0x47,0x0d,0x02,0x20,0x01,0x21,0x12,0x03,0x40,0x20,
    0x01,0x41,0x01,0x6a,0x2d,0x00,0x00,0x41,0x25,0x47,0x0d,0x02,0x20,0x12,0x41,0x01,
    0x6a,0x21,0x12,0x20,0x01,0x41,0x02,0x6a,0x22,0x01,0x2d,0x00,0x00,0x41,0x25,0x46,
    0x0d,0x00,0x0c,0x02,0x0b,0x0b,0x20,0x01,0x21,0x12,0x0b,0x20,0x12,0x20,0x13,0x6b,
    0x22,0x12,0x20,0x11,0x41,0xff,0xff,0xff,0xff,0x07,0x73,0x22,0x14,0x4a,0x0d,0x0b,
    0x02,0x40,0x20,0x00,0x45,0x0d,0x00,0x20,0x00,0x2d,0x00,0x00,0x41,0x20,0x71,0x0d,
    0x00,0x20,0x13,0x20,0x12,0x20,0x00,0x10,0x9e,0x82,0x80,0x80,0x00,0x0b,0x20,0x12,
    0x0d,0x0a,0x20,0x01,0x41,0x01,0x6a,0x21,0x15,0x41,0x7f,0x21,0x16,0x02,0x40,0x20,
    0x01,0x2c,0x00,0x01,0x22,0x17,0x41,0x50,0x6a,0x22,0x12,0x41,0x09,0x4b,0x0d,0x00,
    0x20,0x01,0x2d,0x00,0x02,0x41,0x24,0x47,0x0d,0x00,0x20,0x01,0x41,0x03,0x6a,0x21,
    0x15,0x20,0x01,0x2c,0x00,0x03,0x21,0x17,0x41,0x01,0x21,0x10,0x20,0x12,0x21,0x16,
    0x0b,0x41,0x00,0x21,0x18,0x02,0x40,0x02,0x40,0x20,0x17,0x41,0x60,0x6a,0x22,0x01,
    0x41,0x1f,0x4d,0x0d,0x00,0x20,0x15,0x21,0x01,0x0c,0x01,0x0b,0x02,0x40,0x41,0x01,
    0x20,0x01,0x74,0x22,0x12,0x41,0x89,0xd1,0x04,0x71,0x0d,0x00,0x20,0x15,0x21,0x01,
    0x0c,0x01,0x0b,0x20,0x15,0x41,0x01,0x6a,0x21,0x01,0x41,0x00,0x21,0x18,0x03,0x40,
    0x20,0x12,0x20,0x18,0x72,0x21,0x18,0x20,0x01,0x2c,0x00,0x00,0x22,0x17,0x41,0x60,
    0x6a,0x22,0x12,0x41,0x20,0x4f,0x0d,0x01,0x20,0x01,0x41,0x01,0x6a,0x21,0x01,0x41,
    0x01,0x20,0x12,0x74,0x22,0x12,0x41,0x89,0xd1,0x04,0x71,0x0d,0x00,0x0b,0x20,0x01,
    0x41,0x7f,0x6a,0x21,0x01,0x0b,0x02,0x40,0x20,0x17,0x41,0x2a,0x47,0x0d,0x00,0x02,
    0x40,0x02,0x40,0x20,0x01,0x2c,0x00,0x01,0x41,0x50,0x6a,0x22,0x12,0x41,0x09,0x4b,
    0x0d,0x00,0x20,0x01,0x2d,0x00,0x02,0x41,0x24,0x47,0x0d,0x00,0x02,0x40,0x02,0x40,
    0x20,0x00,0x0d,0x00,0x20,0x04,0x20,0x12,0x41,0x02,0x74,0x6a,0x41,0x0a,0x36,0x02,
    0x00,0x41,0x00,0x21,0x19,0x0c,0x01,0x0b,0x20,0x03,0x20,0x12,0x41,0x03,0x74,0x6a,
    0x28,0x02,0x00,0x21,0x19,0x0b,0x20,0x01,0x41,0x03,0x6a,0x21,0x01,0x41,0x01,0x21,
    0x10,0x0c,0x01,0x0b,0x20,0x10,0x0d,0x07,0x20,0x01,0x41,0x01,0x6a,0x21,0x01,0x02,
    0x40,0x20,0x00,0x0d,0x00,0x41,0x00,0x21,0x10,0x41,0x00,0x21,0x19,0x20,0x01,0x2d,
    0x00,0x00,0x21,0x15,0x0c,0x07,0x0b,0x20,0x02,0x20,0x02,0x28,0x02,0x00,0x22,0x12,
    0x41,0x04,0x6a,0x36,0x02,0x00,0x20,0x12,0x28,0x02,0x00,0x21,0x19,0x41,0x00,0x21,
    0x10,0x0b,0x20,0x19,0x41,0x7f,0x4a,0x0d,0x04,0x41,0x00,0x20,0x19,0x6b,0x21,0x19,
    0x20,0x18,0x41,0x80,0xc0,0x00,0x72,0x21,0x18,0x0c,0x04,0x0b,0x41,0x00,0x21,0x19,
    0x20,0x17,0x41,0x50,0x6a,0x22,0x17,0x41,0x09,0x4b,0x0d,0x03,0x20,0x01,0x21,0x12,
    0x03,0x40,0x02,0x40,0x20,0x19,0x41,0xcc,0x99,0xb3,0xe6,0x00,0x4b,0x0d,0x00,0x41,
    0x7f,0x20,0x19,0x41,0x0a,0x6c,0x22,0x01,0x20,0x17,0x6a,0x20,0x17,0x20,0x01,0x41,
    0xff,0xff,0xff,0xff,0x07,0x73,0x4b,0x22,0x1a,0x1b,0x21,0x19,0x20,0x12,0x2c,0x00,
    0x01,0x21,0x15,0x20,0x12,0x41,0x01,0x6a,0x22,0x01,0x21,0x12,0x20,0x15,0x41,0x50,
    0x6a,0x22,0x17,0x41,0x0a,0x49,0x0d,0x01,0x20,0x1a,0x0d,0x0d,0x0c,0x06,0x0b,0x20,
    0x12,0x2c,0x00,0x01,0x21,0x01,0x41,0x7f,0x21,0x19,0x20,0x12,0x41,0x01,0x6a,0x21,
    0x12,0x20,0x01,0x41,0x50,0x6a,0x22,0x17,0x41,0x0a,0x49,0x0d,0x00,0x0c,0x0c,0x0b,
    0x0b,0x20,0x01,0x41,0x01,0x6a,0x22,0x01,0x2d,0x00,0x00,0x21,0x12,0x0c,0x00,0x0b,
    0x0b,0x20,0x00,0x0d,0x0b,0x02,0x40,0x20,0x10,0x0d,0x00,0x41,0x00,0x21,0x11,0x0c,
    0x0c,0x0b,0x02,0x40,0x02,0x40,0x20,0x04,0x28,0x02,0x04,0x22,0x01,0x0d,0x00,0x41,
    0x01,0x21,0x01,0x0c,0x01,0x0b,0x20,0x03,0x41,0x08,0x6a,0x20,0x01,0x20,0x02,0x10,
    0xa5,0x82,0x80,0x80,0x00,0x02,0x40,0x20,0x04,0x28,0x02,0x08,0x22,0x01,0x0d,0x00,
    0x41,0x02,0x21,0x01,0x0c,0x01,0x0b,0x20,0x03,0x41,0x10,0x6a,0x20,0x01,0x20,0x02,
    0x10,0xa5,0x82,0x80,0x80,0x00,0x02,0x40,0x20,0x04,0x28,0x02,0x0c,0x22,0x01,0x0d,
    0x00,0x41,0x03,0x21,0x01,0x0c,0x01,0x0b,0x20,0x03,0x41,0x18,0x6a,0x20,0x01,0x20,
    0x02,0x10,0xa5,0x82,0x80,0x80,0x00,0x02,0x40,0x20,0x04,0x28,0x02,0x10,0x22,0x01,
    0x0d,0x00,0x41,0x04,0x21,0x01,0x0c,0x01,0x0b,0x20,0x03,0x41,0x20,0x6a,0x20,0x01,
    0x20,0x02,0x10,0xa5,0x82,0x80,0x80,0x00,0x02,0x40,0x20,0x04,0x28,0x02,0x14,0x22,
    0x01,0x0d,0x00,0x41,0x05,0x21,0x01,0x0c,0x01,0x0b,0x20,0x03,0x41,0x28,0x6a,0x20,
    0x01,0x20,0x02,0x10,0xa5,0x82,0x80,0x80,0x00,0x02,0x40,0x20,0x04,0x28,0x02,0x18,
    0x22,0x01,0x0d,0x00,0x41,0x06,0x21,0x01,0x0c,0x01,0x0b,0x20,0x03,0x41,0x30,0x6a,
    0x20,0x01,0x20,0x02,0x10,0xa5,0x82,0x80,0x80,0x00,0x02,0x40,0x20,0x04,0x28,0x02,
    0x1c,0x22,0x01,0x0d,0x00,0x41,0x07,0x21,0x01,0x0c,0x01,0x0b,0x20,0x03,0x41,0x38,
    0x6a,0x20,0x01,0x20,0x02,0x10,0xa5,0x82,0x80,0x80,0x00,0x02,0x40,0x20,0x04,0x28,
    0x02,0x20,0x22,0x01,0x0d,0x00,0x41,0x08,0x21,0x01,0x0c,0x01,0x0b,0x20,0x03,0x41,
    0xc0,0x00,0x6a,0x20,0x01,0x20,0x02,0x10,0xa5,0x82,0x80,0x80,0x00,0x02,0x40,0x20,
    0x04,0x28,0x02,0x24,0x22,0x01,0x0d,0x00,0x41,0x09,0x21,0x01,0x0c,0x01,0x0b,0x20,
    0x03,0x41,0xc8,0x00,0x6a,0x20,0x01,0x20,0x02,0x10,0xa5,0x82,0x80,0x80,0x00,0x41,
    0x01,0x21,0x11,0x0c,0x0c,0x0b,0x20,0x01,0x41,0x02,0x74,0x21,0x01,0x03,0x40,0x20,
    0x04,0x20,0x01,0x6a,0x28,0x02,0x00,0x0d,0x03,0x20,0x01,0x41,0x04,0x6a,0x22,0x01,
    0x41,0x28,0x47,0x0d,0x00,0x0b,0x41,0x01,0x21,0x11,0x0c,0x0b,0x0b,0x20,0x01,0x2d,
    0x00,0x00,0x21,0x15,0x0b,0x41,0x00,0x21,0x12,0x02,0x40,0x02,0x40,0x20,0x15,0x41,
    0xff,0x01,0x71,0x41,0x2e,0x46,0x0d,0x00,0x41,0x7f,0x21,0x1a,0x41,0x00,0x21,0x1b,
    0x0c,0x01,0x0b,0x02,0x40,0x20,0x01,0x2c,0x00,0x01,0x22,0x17,0x41,0x2a,0x47,0x0d,
    0x00,0x02,0x40,0x20,0x01,0x2c,0x00,0x02,0x41,0x50,0x6a,0x22,0x17,0x41,0x09,0x4b,
    0x0d,0x00,0x20,0x01,0x2d,0x00,0x03,0x41,0x24,0x47,0x0d,0x00,0x02,0x40,0x20,0x00,
    0x0d,0x00,0x20,0x04,0x20,0x17,0x41,0x02,0x74,0x6a,0x41,0x0a,0x36,0x02,0x00,0x41,
    0x00,0x21,0x1a,0x20,0x01,0x41,0x04,0x6a,0x21,0x01,0x41,0x00,0x41,0x7f,0x4a,0x21,
    0x1b,0x0c,0x03,0x0b,0x20,0x01,0x41,0x04,0x6a,0x21,0x01,0x20,0x03,0x20,0x17,0x41,
    0x03,0x74,0x6a,0x28,0x02,0x00,0x22,0x1a,0x41,0x7f,0x4a,0x21,0x1b,0x0c,0x02,0x0b,
    0x20,0x10,0x0d,0x02,0x20,0x01,0x41,0x02,0x6a,0x21,0x01,0x02,0x40,0x20,0x00,0x0d,
    0x00,0x41,0x00,0x21,0x1a,0x41,0x00,0x41,0x7f,0x4a,0x21,0x1b,0x0c,0x02,0x0b,0x20,
    0x02,0x20,0x02,0x28,0x02,0x00,0x22,0x17,0x41,0x04,0x6a,0x36,0x02,0x00,0x20,0x17,
    0x28,0x02,0x00,0x22,0x1a,0x41,0x7f,0x4a,0x21,0x1b,0x0c,0x01,0x0b,0x20,0x01,0x41,
    0x01,0x6a,0x21,0x01,0x02,0x40,0x20,0x17,0x41,0x50,0x6a,0x22,0x15,0x41,0x09,0x4d,
    0x0d,0x00,0x41,0x01,0x21,0x1b,0x41,0x00,0x21,0x1a,0x0c,0x01,0x0b,0x41,0x00,0x21,
    0x17,0x03,0x40,0x41,0x7f,0x21,0x1a,0x02,0x40,0x20,0x17,0x41,0xcc,0x99,0xb3,0xe6,
    0x00,0x4b,0x0d,0x00,0x41,0x7f,0x20,0x17,0x41,0x0a,0x6c,0x22,0x17,0x20,0x15,0x6a,
    0x20,0x15,0x20,0x17,0x41,0xff,0xff,0xff,0xff,0x07,0x73,0x4b,0x1b,0x21,0x1a,0x0b,
    0x41,0x01,0x21,0x1b,0x20,0x1a,0x21,0x17,0x20,0x01,0x41,0x01,0x6a,0x22,0x01,0x2c,
    0x00,0x00,0x41,0x50,0x6a,0x22,0x15,0x41,0x0a,0x49,0x0d,0x00,0x0b,0x0b,0x03,0x40,
    0x20,0x12,0x21,0x17,0x20,0x01,0x22,0x15,0x2c,0x00,0x00,0x22,0x12,0x41,0x85,0x7f,
    0x6a,0x41,0x46,0x49,0x0d,0x01,0x20,0x15,0x41,0x01,0x6a,0x21,0x01,0x20,0x17,0x41,
    0x3a,0x6c,0x20,0x12,0x6a,0x41,0x9f,0xa4,0x84,0x80,0x00,0x6a,0x2d,0x00,0x00,0x22,
    0x12,0x41,0x7f,0x6a,0x41,0xff,0x01,0x71,0x41,0x08,0x49,0x0d,0x00,0x0b,0x02,0x40,
    0x02,0x40,0x20,0x12,0x41,0x1b,0x46,0x0d,0x00,0x20,0x12,0x45,0x0d,0x02,0x02,0x40,
    0x20,0x16,0x41,0x00,0x48,0x0d,0x00,0x02,0x40,0x20,0x00,0x0d,0x00,0x20,0x04,0x20,
    0x16,0x41,0x02,0x74,0x6a,0x20,0x12,0x36,0x02,0x00,0x0c,0x0b,0x0b,0x20,0x05,0x20,
    0x03,0x20,0x16,0x41,0x03,0x74,0x6a,0x29,0x03,0x00,0x37,0x03,0x28,0x0c,0x02,0x0b,
    0x02,0x40,0x20,0x00,0x0d,0x00,0x41,0x00,0x21,0x11,0x0c,0x0c,0x0b,0x20,0x05,0x41,
    0x28,0x6a,0x20,0x12,0x20,0x02,0x10,0xa5,0x82,0x80,0x80,0x00,0x0c,0x01,0x0b,0x20,
    0x16,0x41,0x7f,0x4a,0x0d,0x01,0x41,0x00,0x21,0x12,0x20,0x00,0x45,0x0d,0x06,0x0b,
    0x20,0x00,0x28,0x02,0x00,0x22,0x1c,0x41,0x20,0x71,0x0d,0x08,0x20,0x18,0x41,0xff,
    0xff,0x7b,0x71,0x22,0x16,0x20,0x18,0x20,0x18,0x41,0x80,0xc0,0x00,0x71,0x1b,0x21,
    0x1d,0x02,0x40,0x02,0x40,0x02,0x40,0x02,0x40,0x02,0x40,0x02,0x40,0x02,0x40,0x02,
    0x40,0x02,0x40,0x02,0x40,0x02,0x40,0x02,0x40,0x02,0x40,0x02,0x40,0x02,0x40,0x02,
    0x40,0x02,0x40,0x20,0x15,0x2d,0x00,0x00,0x22,0x15,0xc0,0x22,0x12,0x41,0x53,0x71,
    0x20,0x12,0x20,0x15,0x41,0x0f,0x71,0x41,0x03,0x46,0x1b,0x20,0x12,0x20,0x17,0x1b,
    0x22,0x1e,0x41,0xbf,0x7f,0x6a,0x0e,0x38,0x13,0x12,0x0c,0x12,0x13,0x13,0x13,0x12,
    0x12,0x12,0x12,0x12,0x12,0x12,0x12,0x12,0x12,0x12,0x0d,0x12,0x12,0x12,0x12,0x03,
    0x12,0x12,0x12,0x12,0x12,0x12,0x12,0x12,0x13,0x12,0x08,0x05,0x13,0x13,0x13,0x12,
    0x05,0x12,0x12,0x12,0x09,0x01,0x04,0x02,0x12,0x12,0x0a,0x12,0x00,0x12,0x12,0x03,
    0x12,0x0b,0x41,0x00,0x21,0x18,0x41,0xcb,0x80,0x84,0x80,0x00,0x21,0x1f,0x20,0x05,
    0x29,0x03,0x28,0x21,0x20,0x0c,0x05,0x0b,0x41,0x00,0x21,0x12,0x02,0x40,0x02,0x40,
    0x02,0x40,0x02,0x40,0x02,0x40,0x02,0x40,0x02,0x40,0x20,0x17,0x0e,0x08,0x00,0x01,
    0x02,0x03,0x04,0x1b,0x05,0x06,0x1b,0x0b,0x20,0x05,0x28,0x02,0x28,0x20,0x11,0x36,
    0x02,0x00,0x0c,0x1a,0x0b,0x20,0x05,0x28,0x02,0x28,0x20,0x11,0x36,0x02,0x00,0x0c,
    0x19,0x0b,0x20,0x05,0x28,0x02,0x28,0x20,0x11,0xac,0x37,0x03,0x00,0x0c,0x18,0x0b,
    0x20,0x05,0x28,0x02,0x28,0x20,0x11,0x3b,0x01,0x00,0x0c,0x17,0x0b,0x20,0x05,0x28,
    0x02,0x28,0x20,0x11,0x3a,0x00,0x00,0x0c,0x16,0x0b,0x20,0x05,0x28,0x02,0x28,0x20,
    0x11,0x36,0x02,0x00,0x0c,0x15,0x0b,0x20,0x05,0x28,0x02,0x28,0x20,0x11,0xac,0x37,
    0x03,0x00,0x0c,0x14,0x0b,0x20,0x1a,0x41,0x08,0x20,0x1a,0x41,0x08,0x4b,0x1b,0x21,
    0x1a,0x20,0x1d,0x41,0x08,0x72,0x21,0x1d,0x41,0xf8,0x00,0x21,0x1e,0x0b,0x41,0x00,
    0x21,0x18,0x41,0xcb,0x80,0x84,0x80,0x00,0x21,0x1f,0x02,0x40,0x20,0x05,0x29,0x03,
    0x28,0x22,0x21,0x50,0x45,0x0d,0x00,0x20,0x0f,0x21,0x13,0x0c,0x04,0x0b,0x20,0x1e,
    0x41,0x20,0x71,0x21,0x12,0x20,0x0f,0x21,0x13,0x03,0x40,0x20,0x13,0x41,0x7f,0x6a,
    0x22,0x13,0x20,0x21,0xa7,0x41,0x0f,0x71,0x2d,0x00,0xb0,0xa8,0x84,0x80,0x00,0x20,
    0x12,0x72,0x3a,0x00,0x00,0x20,0x21,0x42,0x04,0x88,0x22,0x21,0x42,0x00,0x52,0x0d,
    0x00,0x0b,0x20,0x1d,0x41,0x08,0x71,0x45,0x0d,0x03,0x20,0x1e,0x41,0x04,0x76,0x41,
    0xcb,0x80,0x84,0x80,0x00,0x6a,0x21,0x1f,0x41,0x02,0x21,0x18,0x0c,0x03,0x0b,0x20,
    0x0f,0x21,0x13,0x02,0x40,0x20,0x05,0x29,0x03,0x28,0x22,0x21,0x50,0x0d,0x00,0x20,
    0x0f,0x21,0x13,0x03,0x40,0x20,0x13,0x41,0x7f,0x6a,0x22,0x13,0x20,0x21,0xa7,0x41,
    0x07,0x71,0x41,0x30,0x72,0x3a,0x00,0x00,0x20,0x21,0x42,0x03,0x88,0x22,0x21,0x42,
    0x00,0x52,0x0d,0x00,0x0b,0x0b,0x41,0x00,0x21,0x18,0x41,0xcb,0x80,0x84,0x80,0x00,
    0x21,0x1f,0x20,0x1d,0x41,0x08,0x71,0x45,0x0d,0x02,0x20,0x1a,0x20,0x07,0x20,0x13,
    0x6b,0x22,0x12,0x20,0x1a,0x20,0x12,0x4a,0x1b,0x21,0x1a,0x0c,0x02,0x0b,0x02,0x40,
    0x20,0x05,0x29,0x03,0x28,0x22,0x20,0x42,0x7f,0x55,0x0d,0x00,0x20,0x05,0x42,0x00,
    0x20,0x20,0x7d,0x22,0x20,0x37,0x03,0x28,0x41,0x01,0x21,0x18,0x41,0xcb,0x80,0x84,
    0x80,0x00,0x21,0x1f,0x0c,0x01,0x0b,0x02,0x40,0x20,0x1d,0x41,0x80,0x10,0x71,0x45,
    0x0d,0x00,0x41,0x01,0x21,0x18,0x41,0xcc,0x80,0x84,0x80,0x00,0x21,0x1f,0x0c,0x01,
    0x0b,0x41,0xcd,0x80,0x84,0x80,0x00,0x41,0xcb,0x80,0x84,0x80,0x00,0x20,0x1d,0x41,
    0x01,0x71,0x22,0x18,0x1b,0x21,0x1f,0x0b,0x02,0x40,0x02,0x40,0x20,0x20,0x42,0x80,
    0x80,0x80,0x80,0x10,0x5a,0x0d,0x00,0x20,0x0f,0x21,0x13,0x0c,0x01,0x0b,0x20,0x0f,
    0x21,0x13,0x03,0x40,0x20,0x13,0x41,0x7f,0x6a,0x22,0x13,0x20,0x20,0x22,0x21,0x20,
    0x21,0x42,0x0a,0x80,0x22,0x20,0x42,0xf6,0x01,0x7e,0x7c,0xa7,0x41,0x30,0x72,0x3a,
    0x00,0x00,0x20,0x21,0x42,0xff,0xff,0xff,0xff,0x9f,0x01,0x56,0x0d,0x00,0x0b,0x0b,
    0x20,0x20,0x50,0x0d,0x00,0x20,0x20,0xa7,0x21,0x12,0x03,0x40,0x20,0x13,0x41,0x7f,
    0x6a,0x22,0x13,0x20,0x12,0x41,0x0a,0x6e,0x22,0x17,0x41,0xf6,0x01,0x6c,0x20,0x12,
    0x6a,0x41,0x30,0x72,0x3a,0x00,0x00,0x20,0x12,0x41,0x09,0x4b,0x21,0x15,0x20,0x17,
    0x21,0x12,0x20,0x15,0x0d,0x00,0x0b,0x0b,0x20,0x1b,0x20,0x1a,0x41,0x00,0x48,0x71,
    0x0d,0x0f,0x20,0x1d,0x41,0xff,0xff,0x7b,0x71,0x20,0x1d,0x20,0x1b,0x1b,0x21,0x16,
    0x02,0x40,0x20,0x05,0x29,0x03,0x28,0x22,0x21,0x42,0x00,0x52,0x0d,0x00,0x20,0x1a,
    0x0d,0x00,0x41,0x00,0x21,0x1a,0x20,0x0f,0x21,0x13,0x20,0x0f,0x21,0x12,0x0c,0x0e,
    0x0b,0x20,0x1a,0x20,0x0f,0x20,0x13,0x6b,0x20,0x21,0x50,0x6a,0x22,0x12,0x20,0x1a,
    0x20,0x12,0x4a,0x1b,0x21,0x1a,0x20,0x0f,0x21,0x12,0x0c,0x0d,0x0b,0x20,0x05,0x2d,
    0x00,0x28,0x21,0x12,0x0c,0x0b,0x0b,0x02,0x40,0x41,0x00,0x28,0x02,0xfc,0xba,0x84,
    0x80,0x00,0x0d,0x00,0x41,0x00,0x41,0xe4,0xba,0x84,0x80,0x00,0x36,0x02,0xfc,0xba,
    0x84,0x80,0x00,0x0b,0x41,0x00,0x41,0x00,0x28,0x02,0xf0,0xbe,0x84,0x80,0x00,0x22,
    0x12,0x20,0x12,0x41,0xcc,0x00,0x4b,0x1b,0x41,0x01,0x74,0x2f,0x01,0xe0,0xb4,0x84,
    0x80,0x00,0x41,0xc1,0xa8,0x84,0x80,0x00,0x6a,0x21,0x13,0x0c,0x01,0x0b,0x20,0x05,
    0x28,0x02,0x28,0x22,0x12,0x41,0xa6,0x92,0x84,0x80,0x00,0x20,0x12,0x1b,0x21,0x13,
    0x0b,0x41,0x00,0x21,0x18,0x20,0x13,0x20,0x13,0x41,0x00,0x20,0x1a,0x41,0xff,0xff,
    0xff,0xff,0x07,0x20,0x1a,0x41,0xff,0xff,0xff,0xff,0x07,0x49,0x1b,0x22,0x12,0x10,
    0x96,0x82,0x80,0x80,0x00,0x22,0x17,0x20,0x13,0x6b,0x20,0x12,0x20,0x17,0x1b,0x22,
    0x17,0x6a,0x21,0x12,0x41,0xcb,0x80,0x84,0x80,0x00,0x21,0x1f,0x02,0x40,0x20,0x1a,
    0x41,0x7f,0x4c,0x0d,0x00,0x20,0x17,0x21,0x1a,0x0c,0x0a,0x0b,0x20,0x12,0x2d,0x00,
    0x00,0x0d,0x0b,0x20,0x17,0x21,0x1a,0x0c,0x09,0x0b,0x20,0x05,0x29,0x03,0x28,0x22,
    0x21,0x50,0x45,0x0d,0x01,0x41,0x00,0x21,0x12,0x0c,0x07,0x0b,0x02,0x40,0x20,0x1a,
    0x45,0x0d,0x00,0x20,0x05,0x28,0x02,0x28,0x21,0x17,0x0c,0x02,0x0b,0x41,0x00,0x21,
    0x12,0x20,0x00,0x41,0x20,0x20,0x19,0x41,0x00,0x20,0x1d,0x10,0xa6,0x82,0x80,0x80,
    0x00,0x0c,0x02,0x0b,0x20,0x05,0x41,0x00,0x36,0x02,0x0c,0x20,0x05,0x20,0x21,0x3e,
    0x02,0x08,0x20,0x05,0x20,0x05,0x41,0x08,0x6a,0x36,0x02,0x28,0x20,0x05,0x41,0x08,
    0x6a,0x21,0x17,0x41,0x7f,0x21,0x1a,0x0b,0x41,0x00,0x21,0x12,0x41,0x00,0x28,0x02,
    0xfc,0xba,0x84,0x80,0x00,0x21,0x15,0x20,0x17,0x21,0x14,0x02,0x40,0x03,0x40,0x20,
    0x14,0x28,0x02,0x00,0x22,0x13,0x45,0x0d,0x01,0x02,0x40,0x02,0x40,0x20,0x13,0x41,
    0xff,0x00,0x4d,0x0d,0x00,0x02,0x40,0x20,0x15,0x0d,0x00,0x41,0xe4,0xba,0x84,0x80,
    0x00,0x21,0x15,0x41,0x00,0x41,0xe4,0xba,0x84,0x80,0x00,0x36,0x02,0xfc,0xba,0x84,
    0x80,0x00,0x0b,0x02,0x40,0x20,0x15,0x28,0x02,0x00,0x0d,0x00,0x20,0x13,0x41,0x80,
    0x7f,0x71,0x41,0x80,0xbf,0x03,0x46,0x0d,0x01,0x41,0x00,0x41,0x19,0x36,0x02,0xf0,
    0xbe,0x84,0x80,0x00,0x0c,0x0e,0x0b,0x02,0x40,0x20,0x13,0x41,0xff,0x0f,0x4b,0x0d,
    0x00,0x20,0x05,0x20,0x13,0x41,0x3f,0x71,0x41,0x80,0x01,0x72,0x3a,0x00,0x05,0x20,
    0x05,0x20,0x13,0x41,0x06,0x76,0x41,0xc0,0x01,0x72,0x3a,0x00,0x04,0x41,0x02,0x21,
    0x13,0x0c,0x02,0x0b,0x02,0x40,0x02,0x40,0x20,0x13,0x41,0x80,0xb0,0x03,0x49,0x0d,
    0x00,0x20,0x13,0x41,0x80,0x40,0x71,0x41,0x80,0xc0,0x03,0x47,0x0d,0x01,0x0b,0x20,
    0x05,0x20,0x13,0x41,0x3f,0x71,0x41,0x80,0x01,0x72,0x3a,0x00,0x06,0x20,0x05,0x20,
    0x13,0x41,0x0c,0x76,0x41,0xe0,0x01,0x72,0x3a,0x00,0x04,0x20,0x05,0x20,0x13,0x41,
    0x06,0x76,0x41,0x3f,0x71,0x41,0x80,0x01,0x72,0x3a,0x00,0x05,0x41,0x03,0x21,0x13,
    0x0c,0x02,0x0b,0x02,0x40,0x20,0x13,0x41,0x80,0x80,0x7c,0x6a,0x41,0xff,0xff,0x3f,
    0x4b,0x0d,0x00,0x20,0x05,0x20,0x13,0x41,0x3f,0x71,0x41,0x80,0x01,0x72,0x3a,0x00,
    0x07,0x20,0x05,0x20,0x13,0x41,0x12,0x76,0x41,0xf0,0x01,0x72,0x3a,0x00,0x04,0x20,
    0x05,0x20,0x13,0x41,0x06,0x76,0x41,0x3f,0x71,0x41,0x80,0x01,0x72,0x3a,0x00,0x06,
    0x20,0x05,0x20,0x13,0x41,0x0c,0x76,0x41,0x3f,0x71,0x41,0x80,0x01,0x72,0x3a,0x00,
    0x05,0x41,0x04,0x21,0x13,0x0c,0x02,0x0b,0x41,0x00,0x41,0x19,0x36,0x02,0xf0,0xbe,
    0x84,0x80,0x00,0x0c,0x0d,0x0b,0x20,0x05,0x20,0x13,0x3a,0x00,0x04,0x41,0x01,0x21,
    0x13,0x0b,0x20,0x13,0x20,0x1a,0x20,0x12,0x6b,0x4b,0x0d,0x01,0x20,0x14,0x41,0x04,
    0x6a,0x21,0x14,0x20,0x13,0x20,0x12,0x6a,0x22,0x12,0x20,0x1a,0x49,0x0d,0x00,0x0b,
    0x0b,0x20,0x12,0x41,0x00,0x48,0x0d,0x07,0x20,0x00,0x41,0x20,0x20,0x19,0x20,0x12,
    0x20,0x1d,0x10,0xa6,0x82,0x80,0x80,0x00,0x02,0x40,0x20,0x12,0x0d,0x00,0x41,0x00,
    0x21,0x12,0x0c,0x01,0x0b,0x41,0x00,0x21,0x13,0x03,0x40,0x20,0x17,0x28,0x02,0x00,
    0x22,0x14,0x45,0x0d,0x01,0x20,0x05,0x41,0x04,0x6a,0x20,0x14,0x10,0xa7,0x82,0x80,
    0x80,0x00,0x22,0x14,0x20,0x13,0x6a,0x22,0x13,0x20,0x12,0x4b,0x0d,0x01,0x02,0x40,
    0x20,0x00,0x2d,0x00,0x00,0x41,0x20,0x71,0x0d,0x00,0x20,0x05,0x41,0x04,0x6a,0x20,
    0x14,0x20,0x00,0x10,0x9e,0x82,0x80,0x80,0x00,0x0b,0x20,0x17,0x41,0x04,0x6a,0x21,
    0x17,0x20,0x13,0x20,0x12,0x49,0x0d,0x00,0x0b,0x0b,0x20,0x00,0x41,0x20,0x20,0x19,
    0x20,0x12,0x20,0x1d,0x41,0x80,0xc0,0x00,0x73,0x10,0xa6,0x82,0x80,0x80,0x00,0x20,
    0x19,0x20,0x12,0x20,0x19,0x20,0x12,0x4a,0x1b,0x21,0x12,0x0c,0x05,0x0b,0x41,0x00,
    0x41,0x1c,0x36,0x02,0xf0,0xbe,0x84,0x80,0x00,0x0c,0x07,0x0b,0x41,0x00,0x21,0x18,
    0x41,0xcb,0x80,0x84,0x80,0x00,0x21,0x1f,0x20,0x0f,0x21,0x12,0x20,0x1d,0x21,0x16,
    0x0c,0x02,0x0b,0x20,0x1b,0x20,0x1a,0x41,0x00,0x48,0x22,0x12,0x71,0x0d,0x03,0x20,
    0x05,0x2b,0x03,0x28,0x21,0x22,0x20,0x05,0x41,0x00,0x36,0x02,0x5c,0x02,0x40,0x02,
    0x40,0x20,0x22,0xbd,0x42,0x7f,0x55,0x0d,0x00,0x20,0x22,0x9a,0x21,0x22,0x41,0x01,
    0x21,0x23,0x41,0x00,0x21,0x24,0x41,0xd5,0x80,0x84,0x80,0x00,0x21,0x25,0x0c,0x01,
    0x0b,0x02,0x40,0x20,0x1d,0x41,0x80,0x10,0x71,0x45,0x0d,0x00,0x41,0x01,0x21,0x23,
    0x41,0x00,0x21,0x24,0x41,0xd8,0x80,0x84,0x80,0x00,0x21,0x25,0x0c,0x01,0x0b,0x41,
    0xdb,0x80,0x84,0x80,0x00,0x41,0xd6,0x80,0x84,0x80,0x00,0x20,0x1d,0x41,0x01,0x71,
    0x22,0x23,0x1b,0x21,0x25,0x20,0x23,0x45,0x21,0x24,0x0b,0x02,0x40,0x20,0x22,0x44,
    0x00,0x00,0x00,0x00,0x00,0x00,0xf0,0x7f,0x63,0x0d,0x00,0x20,0x23,0x41,0x03,0x6a,
    0x21,0x13,0x02,0x40,0x20,0x1d,0x41,0x80,0xc0,0x00,0x71,0x0d,0x00,0x20,0x19,0x20,
    0x13,0x4d,0x0d,0x00,0x02,0x40,0x20,0x19,0x20,0x13,0x6b,0x22,0x12,0x41,0x80,0x02,
    0x20,0x12,0x41,0x80,0x02,0x49,0x22,0x14,0x1b,0x22,0x17,0x45,0x0d,0x00,0x20,0x05,
    0x41,0xe0,0x04,0x6a,0x41,0x20,0x20,0x17,0xfc,0x0b,0x00,0x0b,0x02,0x40,0x20,0x14,
    0x0d,0x00,0x03,0x40,0x02,0x40,0x20,0x00,0x2d,0x00,0x00,0x41,0x20,0x71,0x0d,0x00,
    0x20,0x05,0x41,0xe0,0x04,0x6a,0x41,0x80,0x02,0x20,0x00,0x10,0x9e,0x82,0x80,0x80,
    0x00,0x0b,0x20,0x12,0x41,0x80,0x7e,0x6a,0x22,0x12,0x41,0xff,0x01,0x4b,0x0d,0x00,
    0x0b,0x20,0x00,0x28,0x02,0x00,0x21,0x1c,0x0b,0x20,0x1c,0x41,0x20,0x71,0x0d,0x00,
    0x20,0x05,0x41,0xe0,0x04,0x6a,0x20,0x12,0x20,0x00,0x10,0x9e,0x82,0x80,0x80,0x00,
    0x20,0x00,0x28,0x02,0x00,0x21,0x1c,0x0b,0x02,0x40,0x20,0x1c,0x41,0x20,0x71,0x0d,
    0x00,0x20,0x25,0x20,0x23,0x20,0x00,0x10,0x9e,0x82,0x80,0x80,0x00,0x20,0x00,0x28,
    0x02,0x00,0x21,0x1c,0x0b,0x02,0x40,0x20,0x1c,0x41,0x20,0x71,0x0d,0x00,0x41,0xba,
    0x88,0x84,0x80,0x00,0x41,0xd9,0x91,0x84,0x80,0x00,0x20,0x1e,0x41,0x20,0x71,0x22,
    0x12,0x1b,0x41,0x96,0x8b,0x84,0x80,0x00,0x41,0xdd,0x91,0x84,0x80,0x00,0x20,0x12,
    0x1b,0x20,0x22,0x20,0x22,0x62,0x1b,0x41,0x03,0x20,0x00,0x10,0x9e,0x82,0x80,0x80,
    0x00,0x0b,0x02,0x40,0x20,0x1d,0x41,0x80,0xc0,0x04,0x71,0x41,0x80,0xc0,0x00,0x47,
    0x0d,0x00,0x20,0x19,0x20,0x13,0x4d,0x0d,0x00,0x02,0x40,0x20,0x19,0x20,0x13,0x6b,
    0x22,0x12,0x41,0x80,0x02,0x20,0x12,0x41,0x80,0x02,0x49,0x22,0x14,0x1b,0x22,0x17,
    0x45,0x0d,0x00,0x20,0x05,0x41,0xe0,0x04,0x6a,0x41,0x20,0x20,0x17,0xfc,0x0b,0x00,
    0x0b,0x02,0x40,0x20,0x14,0x0d,0x00,0x03,0x40,0x02,0x40,0x20,0x00,0x2d,0x00,0x00,
    0x41,0x20,0x71,0x0d,0x00,0x20,0x05,0x41,0xe0,0x04,0x6a,0x41,0x80,0x02,0x20,0x00,
    0x10,0x9e,0x82,0x80,0x80,0x00,0x0b,0x20,0x12,0x41,0x80,0x7e,0x6a,0x22,0x12,0x41,
    0xff,0x01,0x4b,0x0d,0x00,0x0b,0x0b,0x20,0x00,0x2d,0x00,0x00,0x41,0x20,0x71,0x0d,
    0x00,0x20,0x05,0x41,0xe0,0x04,0x6a,0x20,0x12,0x20,0x00,0x10,0x9e,0x82,0x80,0x80,
    0x00,0x0b,0x20,0x19,0x20,0x13,0x20,0x19,0x20,0x13,0x4b,0x1b,0x21,0x12,0x0c,0x03,
    0x0b,0x02,0x40,0x02,0x40,0x02,0x40,0x02,0x40,0x20,0x22,0x20,0x05,0x41,0xdc,0x00,
    0x6a,0x10,0xa8,0x82,0x80,0x80,0x00,0x22,0x22,0x20,0x22,0xa0,0x22,0x22,0x44,0x00,
    0x00,0x00,0x00,0x00,0x00,0x00,0x00,0x61,0x0d,0x00,0x20,0x05,0x20,0x05,0x28,0x02,
    0x5c,0x22,0x13,0x41,0x7f,0x6a,0x36,0x02,0x5c,0x20,0x1e,0x41,0x20,0x72,0x22,0x26,
    0x41,0xe1,0x00,0x47,0x0d,0x01,0x0c,0x03,0x0b,0x20,0x1e,0x41,0x20,0x72,0x22,0x26,
    0x41,0xe1,0x00,0x46,0x0d,0x02,0x41,0x06,0x20,0x1a,0x20,0x12,0x1b,0x21,0x16,0x20,
    0x05,0x28,0x02,0x5c,0x21,0x17,0x0c,0x01,0x0b,0x20,0x05,0x20,0x13,0x41,0x63,0x6a,
    0x22,0x17,0x36,0x02,0x5c,0x41,0x06,0x20,0x1a,0x20,0x12,0x1b,0x21,0x16,0x20,0x22,
    0x44,0x00,0x00,0x00,0x00,0x00,0x00,0xb0,0x41,0xa2,0x21,0x22,0x0b,0x20,0x05,0x41,
    0xe0,0x00,0x6a,0x41,0x00,0x41,0xa0,0x02,0x20,0x17,0x41,0x00,0x48,0x22,0x27,0x1b,
    0x6a,0x22,0x1c,0x21,0x13,0x03,0x40,0x20,0x13,0x20,0x22,0xfc,0x03,0x22,0x12,0x36,
    0x02,0x00,0x20,0x13,0x41,0x04,0x6a,0x21,0x13,0x20,0x22,0x20,0x12,0xb8,0xa1,0x44,
    0x00,0x00,0x00,0x00,0x65,0xcd,0xcd,0x41,0xa2,0x22,0x22,0x44,0x00,0x00,0x00,0x00,
    0x00,0x00,0x00,0x00,0x62,0x0d,0x00,0x0b,0x02,0x40,0x02,0x40,0x20,0x17,0x41,0x01,
    0x4e,0x0d,0x00,0x20,0x13,0x21,0x12,0x20,0x1c,0x21,0x14,0x0c,0x01,0x0b,0x20,0x1c,
    0x21,0x14,0x03,0x40,0x20,0x17,0x41,0x1d,0x20,0x17,0x41,0x1d,0x49,0x1b,0x21,0x17,
    0x02,0x40,0x20,0x13,0x41,0x7c,0x6a,0x22,0x12,0x20,0x14,0x49,0x0d,0x00,0x20,0x17,
    0xad,0x21,0x28,0x42,0x00,0x21,0x21,0x03,0x40,0x20,0x12,0x20,0x12,0x35,0x02,0x00,
    0x20,0x28,0x86,0x20,0x21,0x7c,0x22,0x20,0x20,0x20,0x42,0x80,0x94,0xeb,0xdc,0x03,
    0x80,0x22,0x21,0x42,0x80,0xec,0x94,0xa3,0x0c,0x7e,0x7c,0x3e,0x02,0x00,0x20,0x12,
    0x41,0x7c,0x6a,0x22,0x12,0x20,0x14,0x4f,0x0d,0x00,0x0b,0x20,0x20,0x42,0x80,0x94,
    0xeb,0xdc,0x03,0x54,0x0d,0x00,0x20,0x14,0x41,0x7c,0x6a,0x22,0x14,0x20,0x21,0x3e,
    0x02,0x00,0x0b,0x02,0x40,0x03,0x40,0x20,0x13,0x22,0x12,0x20,0x14,0x4d,0x0d,0x01,
    0x20,0x12,0x41,0x7c,0x6a,0x22,0x13,0x28,0x02,0x00,0x45,0x0d,0x00,0x0b,0x0b,0x20,
    0x05,0x20,0x05,0x28,0x02,0x5c,0x20,0x17,0x6b,0x22,0x17,0x36,0x02,0x5c,0x20,0x12,
    0x21,0x13,0x20,0x17,0x41,0x00,0x4a,0x0d,0x00,0x0b,0x0b,0x02,0x40,0x20,0x17,0x41,
    0x7f,0x4a,0x0d,0x00,0x20,0x16,0x41,0x19,0x6a,0x41,0x09,0x6e,0x41,0x01,0x6a,0x21,
    0x1f,0x20,0x26,0x41,0xe6,0x00,0x46,0x21,0x29,0x03,0x40,0x41,0x00,0x20,0x17,0x6b,
    0x22,0x13,0x41,0x09,0x20,0x13,0x41,0x09,0x49,0x1b,0x21,0x18,0x02,0x40,0x02,0x40,
    0x20,0x14,0x20,0x12,0x49,0x0d,0x00,0x41,0x00,0x41,0x04,0x20,0x14,0x28,0x02,0x00,
    0x1b,0x21,0x13,0x0c,0x01,0x0b,0x41,0x80,0x94,0xeb,0xdc,0x03,0x20,0x18,0x76,0x21,
    0x1a,0x41,0x7f,0x20,0x18,0x74,0x41,0x7f,0x73,0x21,0x1b,0x41,0x00,0x21,0x17,0x20,
    0x14,0x21,0x13,0x03,0x40,0x20,0x13,0x20,0x13,0x28,0x02,0x00,0x22,0x15,0x20,0x18,
    0x76,0x20,0x17,0x6a,0x36,0x02,0x00,0x20,0x15,0x20,0x1b,0x71,0x20,0x1a,0x6c,0x21,
    0x17,0x20,0x13,0x41,0x04,0x6a,0x22,0x13,0x20,0x12,0x49,0x0d,0x00,0x0b,0x41,0x00,
    0x41,0x04,0x20,0x14,0x28,0x02,0x00,0x1b,0x21,0x13,0x20,0x17,0x45,0x0d,0x00,0x20,
    0x12,0x20,0x17,0x36,0x02,0x00,0x20,0x12,0x41,0x04,0x6a,0x21,0x12,0x0b,0x20,0x05,
    0x20,0x05,0x28,0x02,0x5c,0x20,0x18,0x6a,0x22,0x17,0x36,0x02,0x5c,0x20,0x1c,0x20,
    0x14,0x20,0x13,0x6a,0x22,0x14,0x20,0x29,0x1b,0x22,0x13,0x20,0x1f,0x41,0x02,0x74,
    0x6a,0x20,0x12,0x20,0x12,0x20,0x13,0x6b,0x41,0x02,0x75,0x20,0x1f,0x4a,0x1b,0x21,
    0x12,0x20,0x17,0x41,0x00,0x48,0x0d,0x00,0x0b,0x0b,0x41,0x00,0x21,0x13,0x02,0x40,
    0x20,0x14,0x20,0x12,0x4f,0x0d,0x00,0x20,0x1c,0x20,0x14,0x6b,0x41,0x02,0x75,0x41,
    0x09,0x6c,0x21,0x13,0x20,0x14,0x28,0x02,0x00,0x22,0x15,0x41,0x0a,0x49,0x0d,0x00,
    0x41,0x0a,0x21,0x17,0x03,0x40,0x20,0x13,0x41,0x01,0x6a,0x21,0x13,0x20,0x15,0x20,
    0x17,0x41,0x0a,0x6c,0x22,0x17,0x4f,0x0d,0x00,0x0b,0x0b,0x02,0x40,0x20,0x16,0x41,
    0x00,0x20,0x13,0x20,0x26,0x41,0xe6,0x00,0x46,0x1b,0x6b,0x20,0x16,0x41,0x00,0x47,
    0x20,0x26,0x41,0xe7,0x00,0x46,0x22,0x1b,0x71,0x6b,0x22,0x17,0x20,0x12,0x20,0x1c,
    0x6b,0x41,0x02,0x75,0x41,0x09,0x6c,0x41,0x77,0x6a,0x4e,0x0d,0x00,0x20,0x05,0x41,
    0xe0,0x00,0x6a,0x41,0x84,0x60,0x41,0xa4,0x62,0x20,0x27,0x1b,0x22,0x26,0x6a,0x20,
    0x17,0x41,0x80,0xc8,0x00,0x6a,0x22,0x15,0x41,0x09,0x6d,0x22,0x18,0x41,0x02,0x74,
    0x22,0x27,0x6a,0x21,0x1a,0x41,0x0a,0x21,0x17,0x02,0x40,0x20,0x18,0x41,0x77,0x6c,
    0x20,0x15,0x6a,0x22,0x18,0x41,0x07,0x4a,0x0d,0x00,0x41,0x00,0x20,0x18,0x6b,0x22,
    0x1f,0x41,0x07,0x71,0x21,0x15,0x41,0x0a,0x21,0x17,0x02,0x40,0x20,0x18,0x41,0x00,
    0x4a,0x0d,0x00,0x20,0x1f,0x41,0x03,0x76,0x41,0x01,0x6a,0x22,0x29,0x41,0x07,0x71,
    0x21,0x18,0x41,0x0a,0x21,0x17,0x02,0x40,0x02,0x40,0x20,0x1f,0x41,0x38,0x49,0x0d,
    0x00,0x20,0x29,0x41,0xf8,0xff,0xff,0xff,0x03,0x71,0x21,0x17,0x03,0x40,0x20,0x17,
    0x41,0x78,0x6a,0x22,0x17,0x0d,0x00,0x0b,0x41,0x00,0x21,0x17,0x20,0x18,0x45,0x0d,
    0x01,0x0b,0x41,0x00,0x20,0x18,0x6b,0x21,0x18,0x03,0x40,0x20,0x17,0x41,0x80,0xc2,
    0xd7,0x2f,0x6c,0x21,0x17,0x20,0x18,0x41,0x01,0x6a,0x22,0x18,0x0d,0x00,0x0b,0x0b,
    0x20,0x15,0x45,0x0d,0x01,0x0b,0x03,0x40,0x20,0x17,0x41,0x0a,0x6c,0x21,0x17,0x20,
    0x15,0x41,0x7f,0x6a,0x22,0x15,0x0d,0x00,0x0b,0x0b,0x20,0x1a,0x41,0x04,0x6a,0x21,
    0x1f,0x02,0x40,0x02,0x40,0x20,0x1a,0x28,0x02,0x00,0x22,0x15,0x20,0x15,0x20,0x17,
    0x6e,0x22,0x29,0x20,0x17,0x6c,0x22,0x18,0x47,0x0d,0x00,0x20,0x1f,0x20,0x12,0x46,
    0x0d,0x01,0x0b,0x20,0x15,0x20,0x18,0x6b,0x21,0x15,0x02,0x40,0x02,0x40,0x20,0x29,
    0x41,0x01,0x71,0x0d,0x00,0x44,0x00,0x00,0x00,0x00,0x00,0x00,0x40,0x43,0x21,0x22,
    0x20,0x17,0x41,0x80,0x94,0xeb,0xdc,0x03,0x47,0x0d,0x01,0x20,0x1a,0x20,0x14,0x4d,
    0x0d,0x01,0x20,0x1a,0x41,0x7c,0x6a,0x2d,0x00,0x00,0x41,0x01,0x71,0x45,0x0d,0x01,
    0x0b,0x44,0x01,0x00,0x00,0x00,0x00,0x00,0x40,0x43,0x21,0x22,0x0b,0x44,0x00,0x00,
    0x00,0x00,0x00,0x00,0xe0,0x3f,0x44,0x00,0x00,0x00,0x00,0x00,0x00,0xf0,0x3f,0x44,
    0x00,0x00,0x00,0x00,0x00,0x00,0xf8,0x3f,0x20,0x1f,0x20,0x12,0x46,0x1b,0x44,0x00,
    0x00,0x00,0x00,0x00,0x00,0xf8,0x3f,0x20,0x15,0x20,0x17,0x41,0x01,0x76,0x22,0x1f,
    0x46,0x1b,0x20,0x15,0x20,0x1f,0x49,0x1b,0x21,0x2a,0x02,0x40,0x20,0x24,0x0d,0x00,
    0x20,0x25,0x2d,0x00,0x00,0x41,0x2d,0x47,0x0d,0x00,0x20,0x2a,0x9a,0x21,0x2a,0x20,
    0x22,0x9a,0x21,0x22,0x0b,0x20,0x1a,0x20,0x18,0x36,0x02,0x00,0x20,0x22,0x20,0x2a,
    0xa0,0x20,0x22,0x61,0x0d,0x00,0x20,0x1a,0x20,0x18,0x20,0x17,0x6a,0x22,0x13,0x36,
    0x02,0x00,0x02,0x40,0x20,0x13,0x41,0x80,0x94,0xeb,0xdc,0x03,0x49,0x0d,0x00,0x20,
    0x06,0x20,0x26,0x20,0x27,0x6a,0x6a,0x21,0x13,0x03,0x40,0x20,0x13,0x41,0x04,0x6a,
    0x41,0x00,0x36,0x02,0x00,0x02,0x40,0x20,0x13,0x20,0x14,0x4f,0x0d,0x00,0x20,0x14,
    0x41,0x7c,0x6a,0x22,0x14,0x41,0x00,0x36,0x02,0x00,0x0b,0x20,0x13,0x20,0x13,0x28,
    0x02,0x00,0x41,0x01,0x6a,0x22,0x17,0x36,0x02,0x00,0x20,0x13,0x41,0x7c,0x6a,0x21,
    0x13,0x20,0x17,0x41,0xff,0x93,0xeb,0xdc,0x03,0x4b,0x0d,0x00,0x0b,0x20,0x13,0x41,
    0x04,0x6a,0x21,0x1a,0x0b,0x20,0x1c,0x20,0x14,0x6b,0x41,0x02,0x75,0x41,0x09,0x6c,
    0x21,0x13,0x20,0x14,0x28,0x02,0x00,0x22,0x15,0x41,0x0a,0x49,0x0d,0x00,0x41,0x0a,
    0x21,0x17,0x03,0x40,0x20,0x13,0x41,0x01,0x6a,0x21,0x13,0x20,0x15,0x20,0x17,0x41,
    0x0a,0x6c,0x22,0x17,0x4f,0x0d,0x00,0x0b,0x0b,0x20,0x1a,0x41,0x04,0x6a,0x22,0x17,
    0x20,0x12,0x20,0x12,0x20,0x17,0x4b,0x1b,0x21,0x12,0x0b,0x02,0x40,0x03,0x40,0x20,
    0x12,0x22,0x1a,0x20,0x14,0x4d,0x22,0x17,0x0d,0x01,0x20,0x1a,0x41,0x7c,0x6a,0x22,
    0x12,0x28,0x02,0x00,0x45,0x0d,0x00,0x0b,0x0b,0x02,0x40,0x02,0x40,0x20,0x1b,0x0d,
    0x00,0x20,0x1d,0x41,0x08,0x71,0x21,0x1b,0x0c,0x01,0x0b,0x20,0x13,0x41,0x7f,0x73,
    0x41,0x7f,0x20,0x16,0x41,0x01,0x20,0x16,0x1b,0x22,0x12,0x20,0x13,0x4a,0x20,0x13,
    0x41,0x7b,0x4a,0x71,0x22,0x15,0x1b,0x20,0x12,0x6a,0x21,0x16,0x41,0x7f,0x41,0x7e,
    0x20,0x15,0x1b,0x20,0x1e,0x6a,0x21,0x1e,0x20,0x1d,0x41,0x08,0x71,0x22,0x1b,0x0d,
    0x00,0x41,0x77,0x21,0x12,0x02,0x40,0x20,0x17,0x0d,0x00,0x20,0x1a,0x41,0x7c,0x6a,
    0x28,0x02,0x00,0x22,0x15,0x45,0x0d,0x00,0x41,0x00,0x21,0x12,0x20,0x15,0x41,0x0a,
    0x70,0x0d,0x00,0x41,0x0a,0x21,0x17,0x41,0x7f,0x21,0x12,0x03,0x40,0x20,0x12,0x41,
    0x01,0x6a,0x21,0x12,0x20,0x15,0x20,0x17,0x41,0x0a,0x6c,0x22,0x17,0x70,0x45,0x0d,
    0x00,0x0b,0x20,0x12,0x41,0x7f,0x73,0x21,0x12,0x0b,0x20,0x1a,0x20,0x1c,0x6b,0x41,
    0x02,0x75,0x41,0x09,0x6c,0x21,0x17,0x02,0x40,0x20,0x1e,0x41,0x5f,0x71,0x41,0xc6,
    0x00,0x47,0x0d,0x00,0x41,0x00,0x21,0x1b,0x20,0x16,0x20,0x17,0x20,0x12,0x6a,0x41,
    0x77,0x6a,0x22,0x12,0x41,0x00,0x20,0x12,0x41,0x00,0x4a,0x1b,0x22,0x12,0x20,0x16,
    0x20,0x12,0x48,0x1b,0x21,0x16,0x0c,0x01,0x0b,0x41,0x00,0x21,0x1b,0x20,0x16,0x20,
    0x13,0x20,0x17,0x6a,0x20,0x12,0x6a,0x41,0x77,0x6a,0x22,0x12,0x41,0x00,0x20,0x12,
    0x41,0x00,0x4a,0x1b,0x22,0x12,0x20,0x16,0x20,0x12,0x48,0x1b,0x21,0x16,0x0b,0x20,
    0x16,0x41,0xfd,0xff,0xff,0xff,0x07,0x41,0xfe,0xff,0xff,0xff,0x07,0x20,0x16,0x20,
    0x1b,0x72,0x22,0x29,0x1b,0x4a,0x0d,0x04,0x20,0x16,0x20,0x29,0x41,0x00,0x47,0x6a,
    0x41,0x01,0x6a,0x21,0x1f,0x02,0x40,0x02,0x40,0x20,0x1e,0x41,0x5f,0x71,0x41,0xc6,
    0x00,0x47,0x22,0x24,0x0d,0x00,0x20,0x13,0x20,0x1f,0x41,0xff,0xff,0xff,0xff,0x07,
    0x73,0x4a,0x0d,0x06,0x20,0x13,0x41,0x00,0x20,0x13,0x41,0x00,0x4a,0x1b,0x21,0x12,
    0x0c,0x01,0x0b,0x02,0x40,0x02,0x40,0x20,0x13,0x0d,0x00,0x20,0x0e,0x21,0x17,0x0c,
    0x01,0x0b,0x20,0x13,0x20,0x13,0x41,0x1f,0x75,0x22,0x12,0x73,0x20,0x12,0x6b,0x21,
    0x12,0x20,0x0e,0x21,0x17,0x03,0x40,0x20,0x17,0x41,0x7f,0x6a,0x22,0x17,0x20,0x12,
    0x41,0x0a,0x6e,0x22,0x15,0x41,0xf6,0x01,0x6c,0x20,0x12,0x6a,0x41,0x30,0x72,0x3a,
    0x00,0x00,0x20,0x12,0x41,0x09,0x4b,0x21,0x18,0x20,0x15,0x21,0x12,0x20,0x18,0x0d,
    0x00,0x0b,0x0b,0x02,0x40,0x20,0x0e,0x20,0x17,0x6b,0x41,0x01,0x4a,0x0d,0x00,0x20,
    0x17,0x20,0x05,0x41,0x34,0x6a,0x6b,0x21,0x12,0x20,0x17,0x20,0x0d,0x20,0x17,0x6b,
    0x6a,0x21,0x17,0x20,0x12,0x41,0x76,0x6a,0x22,0x12,0x45,0x0d,0x00,0x20,0x17,0x41,
    0x30,0x20,0x12,0xfc,0x0b,0x00,0x0b,0x20,0x17,0x41,0x7e,0x6a,0x22,0x26,0x20,0x1e,
    0x3a,0x00,0x00,0x20,0x17,0x41,0x7f,0x6a,0x41,0x2d,0x41,0x2b,0x20,0x13,0x41,0x00,
    0x48,0x1b,0x3a,0x00,0x00,0x20,0x0e,0x20,0x26,0x6b,0x22,0x12,0x20,0x1f,0x41,0xff,
    0xff,0xff,0xff,0x07,0x73,0x4a,0x0d,0x05,0x0b,0x20,0x12,0x20,0x1f,0x6a,0x22,0x12,
    0x20,0x23,0x41,0xff,0xff,0xff,0xff,0x07,0x73,0x4a,0x0d,0x04,0x20,0x12,0x20,0x23,
    0x6a,0x21,0x1f,0x02,0x40,0x20,0x1d,0x41,0x80,0xc0,0x04,0x71,0x22,0x1d,0x0d,0x00,
    0x20,0x19,0x20,0x1f,0x4c,0x0d,0x00,0x02,0x40,0x20,0x19,0x20,0x1f,0x6b,0x22,0x12,
    0x41,0x80,0x02,0x20,0x12,0x41,0x80,0x02,0x49,0x22,0x13,0x1b,0x22,0x17,0x45,0x0d,
    0x00,0x20,0x05,0x41,0xe0,0x04,0x6a,0x41,0x20,0x20,0x17,0xfc,0x0b,0x00,0x0b,0x02,
    0x40,0x20,0x13,0x0d,0x00,0x03,0x40,0x02,0x40,0x20,0x00,0x2d,0x00,0x00,0x41,0x20,
    0x71,0x0d,0x00,0x20,0x05,0x41,0xe0,0x04,0x6a,0x41,0x80,0x02,0x20,0x00,0x10,0x9e,
    0x82,0x80,0x80,0x00,0x0b,0x20,0x12,0x41,0x80,0x7e,0x6a,0x22,0x12,0x41,0xff,0x01,
    0x4b,0x0d,0x00,0x0b,0x0b,0x20,0x00,0x2d,0x00,0x00,0x41,0x20,0x71,0x0d,0x00,0x20,
    0x05,0x41,0xe0,0x04,0x6a,0x20,0x12,0x20,0x00,0x10,0x9e,0x82,0x80,0x80,0x00,0x0b,
    0x02,0x40,0x20,0x00,0x2d,0x00,0x00,0x41,0x20,0x71,0x0d,0x00,0x20,0x25,0x20,0x23,
    0x20,0x00,0x10,0x9e,0x82,0x80,0x80,0x00,0x0b,0x02,0x40,0x20,0x1d,0x41,0x80,0x80,
    0x04,0x47,0x0d,0x00,0x20,0x19,0x20,0x1f,0x4c,0x0d,0x00,0x02,0x40,0x20,0x19,0x20,
    0x1f,0x6b,0x22,0x12,0x41,0x80,0x02,0x20,0x12,0x41,0x80,0x02,0x49,0x22,0x13,0x1b,
    0x22,0x17,0x45,0x0d,0x00,0x20,0x05,0x41,0xe0,0x04,0x6a,0x41,0x30,0x20,0x17,0xfc,
    0x0b,0x00,0x0b,0x02,0x40,0x20,0x13,0x0d,0x00,0x03,0x40,0x02,0x40,0x20,0x00,0x2d,
    0x00,0x00,0x41,0x20,0x71,0x0d,0x00,0x20,0x05,0x41,0xe0,0x04,0x6a,0x41,0x80,0x02,
    0x20,0x00,0x10,0x9e,0x82,0x80,0x80,0x00,0x0b,0x20,0x12,0x41,0x80,0x7e,0x6a,0x22,
    0x12,0x41,0xff,0x01,0x4b,0x0d,0x00,0x0b,0x0b,0x20,0x00,0x2d,0x00,0x00,0x41,0x20,
    0x71,0x0d,0x00,0x20,0x05,0x41,0xe0,0x04,0x6a,0x20,0x12,0x20,0x00,0x10,0x9e,0x82,
    0x80,0x80,0x00,0x0b,0x02,0x40,0x02,0x40,0x20,0x24,0x0d,0x00,0x20,0x1c,0x20,0x14,
    0x20,0x14,0x20,0x1c,0x4b,0x1b,0x22,0x1b,0x21,0x18,0x03,0x40,0x02,0x40,0x02,0x40,
    0x02,0x40,0x02,0x40,0x20,0x18,0x28,0x02,0x00,0x22,0x12,0x45,0x0d,0x00,0x41,0x0a,
    0x21,0x13,0x03,0x40,0x20,0x05,0x41,0xc0,0x00,0x6a,0x20,0x13,0x22,0x14,0x6a,0x41,
    0x7e,0x6a,0x20,0x12,0x41,0x0a,0x6e,0x22,0x17,0x41,0xf6,0x01,0x6c,0x20,0x12,0x6a,
    0x41,0x30,0x72,0x3a,0x00,0x00,0x20,0x14,0x41,0x7f,0x6a,0x21,0x13,0x20,0x12,0x41,
    0x09,0x4b,0x21,0x15,0x20,0x17,0x21,0x12,0x20,0x15,0x0d,0x00,0x0b,0x20,0x14,0x41,
    0x7e,0x6a,0x22,0x14,0x20,0x05,0x41,0xc0,0x00,0x6a,0x6a,0x21,0x12,0x02,0x40,0x20,
    0x18,0x20,0x1b,0x46,0x0d,0x00,0x20,0x13,0x41,0x02,0x48,0x0d,0x04,0x0c,0x03,0x0b,
    0x20,0x14,0x41,0x09,0x47,0x0d,0x03,0x0c,0x01,0x0b,0x41,0x09,0x21,0x14,0x20,0x18,
    0x20,0x1b,0x47,0x0d,0x01,0x0b,0x20,0x05,0x41,0x30,0x3a,0x00,0x48,0x20,0x0b,0x21,
    0x12,0x0c,0x01,0x0b,0x20,0x14,0x20,0x05,0x41,0xc0,0x00,0x6a,0x6a,0x20,0x05,0x41,
    0xc0,0x00,0x6a,0x20,0x0a,0x20,0x14,0x6a,0x22,0x12,0x20,0x05,0x41,0xc0,0x00,0x6a,
    0x20,0x12,0x49,0x1b,0x22,0x12,0x6b,0x22,0x13,0x45,0x0d,0x00,0x20,0x12,0x41,0x30,
    0x20,0x13,0xfc,0x0b,0x00,0x0b,0x02,0x40,0x20,0x00,0x2d,0x00,0x00,0x41,0x20,0x71,
    0x0d,0x00,0x20,0x12,0x20,0x0c,0x20,0x12,0x6b,0x20,0x00,0x10,0x9e,0x82,0x80,0x80,
    0x00,0x0b,0x20,0x18,0x41,0x04,0x6a,0x22,0x18,0x20,0x1c,0x4d,0x0d,0x00,0x0b,0x02,
    0x40,0x20,0x29,0x45,0x0d,0x00,0x20,0x00,0x2d,0x00,0x00,0x41,0x20,0x71,0x0d,0x00,
    0x41,0xa4,0x92,0x84,0x80,0x00,0x41,0x01,0x20,0x00,0x10,0x9e,0x82,0x80,0x80,0x00,
    0x0b,0x02,0x40,0x02,0x40,0x20,0x16,0x41,0x01,0x4e,0x0d,0x00,0x20,0x16,0x21,0x12,
    0x0c,0x01,0x0b,0x02,0x40,0x20,0x18,0x20,0x1a,0x49,0x0d,0x00,0x20,0x16,0x21,0x12,
    0x0c,0x01,0x0b,0x03,0x40,0x02,0x40,0x02,0x40,0x02,0x40,0x20,0x18,0x28,0x02,0x00,
    0x22,0x12,0x0d,0x00,0x20,0x0c,0x21,0x13,0x0c,0x01,0x0b,0x20,0x0c,0x21,0x13,0x03,
    0x40,0x20,0x13,0x41,0x7f,0x6a,0x22,0x13,0x20,0x12,0x41,0x0a,0x6e,0x22,0x14,0x41,
    0xf6,0x01,0x6c,0x20,0x12,0x6a,0x41,0x30,0x72,0x3a,0x00,0x00,0x20,0x12,0x41,0x09,
    0x4b,0x21,0x17,0x20,0x14,0x21,0x12,0x20,0x17,0x0d,0x00,0x0b,0x20,0x13,0x20,0x05,
    0x41,0xc0,0x00,0x6a,0x4d,0x0d,0x01,0x0b,0x20,0x13,0x20,0x05,0x41,0xc0,0x00,0x6a,
    0x6a,0x20,0x13,0x6b,0x21,0x12,0x02,0x40,0x20,0x13,0x20,0x05,0x41,0xc0,0x00,0x6a,
    0x6b,0x22,0x13,0x45,0x0d,0x00,0x20,0x12,0x41,0x30,0x20,0x13,0xfc,0x0b,0x00,0x0b,
    0x20,0x12,0x21,0x13,0x0b,0x02,0x40,0x20,0x00,0x2d,0x00,0x00,0x41,0x20,0x71,0x0d,
    0x00,0x20,0x13,0x20,0x16,0x41,0x09,0x20,0x16,0x41,0x09,0x49,0x1b,0x20,0x00,0x10,
    0x9e,0x82,0x80,0x80,0x00,0x0b,0x20,0x16,0x41,0x77,0x6a,0x21,0x12,0x20,0x18,0x41,
    0x04,0x6a,0x22,0x18,0x20,0x1a,0x4f,0x0d,0x01,0x20,0x16,0x41,0x09,0x4a,0x21,0x13,
    0x20,0x12,0x21,0x16,0x20,0x13,0x0d,0x00,0x0b,0x0b,0x20,0x00,0x41,0x30,0x20,0x12,
    0x41,0x09,0x6a,0x41,0x09,0x41,0x00,0x10,0xa6,0x82,0x80,0x80,0x00,0x0c,0x01,0x0b,
    0x02,0x40,0x20,0x16,0x41,0x00,0x48,0x0d,0x00,0x20,0x1a,0x20,0x14,0x41,0x04,0x6a,
    0x20,0x1a,0x20,0x14,0x4b,0x1b,0x21,0x1a,0x20,0x14,0x21,0x18,0x03,0x40,0x02,0x40,
    0x02,0x40,0x20,0x18,0x28,0x02,0x00,0x22,0x12,0x45,0x0d,0x00,0x20,0x0c,0x21,0x13,
    0x03,0x40,0x20,0x13,0x41,0x7f,0x6a,0x22,0x13,0x20,0x12,0x41,0x0a,0x6e,0x22,0x17,
    0x41,0xf6,0x01,0x6c,0x20,0x12,0x6a,0x41,0x30,0x72,0x3a,0x00,0x00,0x20,0x12,0x41,
    0x0a,0x49,0x21,0x15,0x20,0x17,0x21,0x12,0x20,0x15,0x45,0x0d,0x00,0x0c,0x02,0x0b,
    0x0b,0x20,0x05,0x41,0x30,0x3a,0x00,0x48,0x20,0x0b,0x21,0x13,0x0b,0x02,0x40,0x02,
    0x40,0x20,0x18,0x20,0x14,0x46,0x0d,0x00,0x20,0x13,0x20,0x05,0x41,0xc0,0x00,0x6a,
    0x4d,0x0d,0x01,0x02,0x40,0x20,0x13,0x20,0x05,0x41,0xc0,0x00,0x6a,0x6b,0x22,0x12,
    0x45,0x0d,0x00,0x20,0x05,0x41,0xc0,0x00,0x6a,0x41,0x30,0x20,0x12,0xfc,0x0b,0x00,
    0x0b,0x20,0x05,0x41,0xc0,0x00,0x6a,0x21,0x13,0x0c,0x01,0x0b,0x02,0x40,0x20,0x00,
    0x2d,0x00,0x00,0x41,0x20,0x71,0x0d,0x00,0x20,0x13,0x41,0x01,0x20,0x00,0x10,0x9e,
    0x82,0x80,0x80,0x00,0x0b,0x20,0x13,0x41,0x01,0x6a,0x21,0x13,0x20,0x16,0x20,0x1b,
    0x72,0x45,0x0d,0x00,0x20,0x00,0x2d,0x00,0x00,0x41,0x20,0x71,0x0d,0x00,0x41,0xa4,
    0x92,0x84,0x80,0x00,0x41,0x01,0x20,0x00,0x10,0x9e,0x82,0x80,0x80,0x00,0x0b,0x20,
    0x0c,0x20,0x13,0x6b,0x21,0x12,0x02,0x40,0x20,0x00,0x2d,0x00,0x00,0x41,0x20,0x71,
    0x0d,0x00,0x20,0x13,0x20,0x12,0x20,0x16,0x20,0x12,0x20,0x16,0x48,0x1b,0x20,0x00,
    0x10,0x9e,0x82,0x80,0x80,0x00,0x0b,0x20,0x16,0x20,0x12,0x6b,0x21,0x16,0x20,0x18,
    0x41,0x04,0x6a,0x22,0x18,0x20,0x1a,0x4f,0x0d,0x01,0x20,0x16,0x41,0x7f,0x4a,0x0d,
    0x00,0x0b,0x0b,0x20,0x00,0x41,0x30,0x20,0x16,0x41,0x12,0x6a,0x41,0x12,0x41,0x00,
    0x10,0xa6,0x82,0x80,0x80,0x00,0x20,0x00,0x2d,0x00,0x00,0x41,0x20,0x71,0x0d,0x00,
    0x20,0x26,0x20,0x0e,0x20,0x26,0x6b,0x20,0x00,0x10,0x9e,0x82,0x80,0x80,0x00,0x0b,
    0x02,0x40,0x20,0x1d,0x41,0x80,0xc0,0x00,0x47,0x0d,0x00,0x20,0x19,0x20,0x1f,0x4c,
    0x0d,0x00,0x02,0x40,0x20,0x19,0x20,0x1f,0x6b,0x22,0x12,0x41,0x80,0x02,0x20,0x12,
    0x41,0x80,0x02,0x49,0x22,0x13,0x1b,0x22,0x14,0x45,0x0d,0x00,0x20,0x05,0x41,0xe0,
    0x04,0x6a,0x41,0x20,0x20,0x14,0xfc,0x0b,0x00,0x0b,0x02,0x40,0x20,0x13,0x0d,0x00,
    0x03,0x40,0x02,0x40,0x20,0x00,0x2d,0x00,0x00,0x41,0x20,0x71,0x0d,0x00,0x20,0x05,
    0x41,0xe0,0x04,0x6a,0x41,0x80,0x02,0x20,0x00,0x10,0x9e,0x82,0x80,0x80,0x00,0x0b,
    0x20,0x12,0x41,0x80,0x7e,0x6a,0x22,0x12,0x41,0xff,0x01,0x4b,0x0d,0x00,0x0b,0x0b,
    0x20,0x00,0x2d,0x00,0x00,0x41,0x20,0x71,0x0d,0x00,0x20,0x05,0x41,0xe0,0x04,0x6a,
    0x20,0x12,0x20,0x00,0x10,0x9e,0x82,0x80,0x80,0x00,0x0b,0x20,0x19,0x20,0x1f,0x20,
    0x19,0x20,0x1f,0x4a,0x1b,0x21,0x12,0x0c,0x03,0x0b,0x20,0x25,0x20,0x1e,0x41,0x1a,
    0x74,0x41,0x1f,0x75,0x41,0x09,0x71,0x6a,0x21,0x16,0x02,0x40,0x20,0x1a,0x41,0x0b,
    0x4b,0x0d,0x00,0x02,0x40,0x02,0x40,0x41,0x0c,0x20,0x1a,0x6b,0x22,0x13,0x41,0x07,
    0x71,0x22,0x14,0x0d,0x00,0x44,0x00,0x00,0x00,0x00,0x00,0x00,0x30,0x40,0x21,0x2a,
    0x0c,0x01,0x0b,0x44,0x00,0x00,0x00,0x00,0x00,0x00,0x30,0x40,0x21,0x2a,0x20,0x14,
    0x21,0x12,0x03,0x40,0x20,0x2a,0x44,0x00,0x00,0x00,0x00,0x00,0x00,0x30,0x40,0xa2,
    0x21,0x2a,0x20,0x12,0x41,0x7f,0x6a,0x22,0x12,0x0d,0x00,0x0b,0x41,0x0c,0x20,0x1a,
    0x20,0x14,0x6a,0x6b,0x21,0x13,0x0b,0x02,0x40,0x20,0x1a,0x41,0x04,0x4b,0x0d,0x00,
    0x02,0x40,0x02,0x40,0x20,0x13,0x41,0x78,0x6a,0x22,0x12,0x41,0x08,0x71,0x45,0x0d,
    0x00,0x20,0x13,0x21,0x12,0x0c,0x01,0x0b,0x20,0x2a,0x44,0x00,0x00,0x00,0x00,0x00,
    0x00,0x30,0x40,0xa2,0x44,0x00,0x00,0x00,0x00,0x00,0x00,0x30,0x40,0xa2,0x44,0x00,
    0x00,0x00,0x00,0x00,0x00,0x30,0x40,0xa2,0x44,0x00,0x00,0x00,0x00,0x00,0x00,0x30,
    0x40,0xa2,0x44,0x00,0x00,0x00,0x00,0x00,0x00,0x30,0x40,0xa2,0x44,0x00,0x00,0x00,
    0x00,0x00,0x00,0x30,0x40,0xa2,0x44,0x00,0x00,0x00,0x00,0x00,0x00,0x30,0x40,0xa2,
    0x44,0x00,0x00,0x00,0x00,0x00,0x00,0x30,0x40,0xa2,0x21,0x2a,0x20,0x12,0x41,0x08,
    0x49,0x0d,0x01,0x0b,0x03,0x40,0x20,0x2a,0x44,0x00,0x00,0x00,0x00,0x00,0x00,0x30,
    0x40,0xa2,0x44,0x00,0x00,0x00,0x00,0x00,0x00,0x30,0x40,0xa2,0x44,0x00,0x00,0x00,
    0x00,0x00,0x00,0x30,0x40,0xa2,0x44,0x00,0x00,0x00,0x00,0x00,0x00,0x30,0x40,0xa2,
    0x44,0x00,0x00,0x00,0x00,0x00,0x00,0x30,0x40,0xa2,0x44,0x00,0x00,0x00,0x00,0x00,
    0x00,0x30,0x40,0xa2,0x44,0x00,0x00,0x00,0x00,0x00,0x00,0x30,0x40,0xa2,0x44,0x00,
    0x00,0x00,0x00,0x00,0x00,0x30,0x40,0xa2,0x44,0x00,0x00,0x00,0x00,0x00,0x00,0x30,
    0x40,0xa2,0x44,0x00,0x00,0x00,0x00,0x00,0x00,0x30,0x40,0xa2,0x44,0x00,0x00,0x00,
    0x00,0x00,0x00,0x30,0x40,0xa2,0x44,0x00,0x00,0x00,0x00,0x00,0x00,0x30,0x40,0xa2,
    0x44,0x00,0x00,0x00,0x00,0x00,0x00,0x30,0x40,0xa2,0x44,0x00,0x00,0x00,0x00,0x00,
    0x00,0x30,0x40,0xa2,0x44,0x00,0x00,0x00,0x00,0x00,0x00,0x30,0x40,0xa2,0x44,0x00,
    0x00,0x00,0x00,0x00,0x00,0x30,0x40,0xa2,0x21,0x2a,0x20,0x12,0x41,0x70,0x6a,0x22,
    0x12,0x0d,0x00,0x0b,0x0b,0x02,0x40,0x20,0x16,0x2d,0x00,0x00,0x41,0x2d,0x47,0x0d,
    0x00,0x20,0x2a,0x20,0x22,0x9a,0x20,0x2a,0xa1,0xa0,0x9a,0x21,0x22,0x0c,0x01,0x0b,
    0x20,0x22,0x20,0x2a,0xa0,0x20,0x2a,0xa1,0x21,0x22,0x0b,0x02,0x40,0x02,0x40,0x20,
    0x05,0x28,0x02,0x5c,0x22,0x15,0x45,0x0d,0x00,0x20,0x15,0x20,0x15,0x41,0x1f,0x75,
    0x22,0x12,0x73,0x20,0x12,0x6b,0x21,0x12,0x20,0x0e,0x21,0x13,0x03,0x40,0x20,0x13,
    0x41,0x7f,0x6a,0x22,0x13,0x20,0x12,0x41,0x0a,0x6e,0x22,0x14,0x41,0xf6,0x01,0x6c,
    0x20,0x12,0x6a,0x41,0x30,0x72,0x3a,0x00,0x00,0x20,0x12,0x41,0x0a,0x49,0x21,0x17,
    0x20,0x14,0x21,0x12,0x20,0x17,0x45,0x0d,0x00,0x0c,0x02,0x0b,0x0b,0x20,0x05,0x41,
    0x30,0x3a,0x00,0x3f,0x20,0x09,0x21,0x13,0x0b,0x20,0x23,0x41,0x02,0x72,0x21,0x18,
    0x20,0x1e,0x41,0x20,0x71,0x21,0x14,0x20,0x13,0x41,0x7e,0x6a,0x22,0x1b,0x20,0x1e,
    0x41,0x0f,0x6a,0x3a,0x00,0x00,0x20,0x13,0x41,0x7f,0x6a,0x41,0x2d,0x41,0x2b,0x20,
    0x15,0x41,0x00,0x48,0x1b,0x3a,0x00,0x00,0x20,0x1d,0x41,0x08,0x71,0x45,0x20,0x1a,
    0x41,0x01,0x48,0x71,0x21,0x17,0x20,0x05,0x41,0xc0,0x00,0x6a,0x21,0x13,0x03,0x40,
    0x20,0x13,0x22,0x12,0x20,0x22,0xfc,0x02,0x22,0x13,0x41,0xb0,0xa8,0x84,0x80,0x00,
    0x6a,0x2d,0x00,0x00,0x20,0x14,0x72,0x3a,0x00,0x00,0x20,0x22,0x20,0x13,0xb7,0xa1,
    0x44,0x00,0x00,0x00,0x00,0x00,0x00,0x30,0x40,0xa2,0x21,0x22,0x02,0x40,0x20,0x12,
    0x41,0x01,0x6a,0x22,0x13,0x20,0x05,0x41,0xc0,0x00,0x6a,0x6b,0x41,0x01,0x47,0x0d,
    0x00,0x20,0x17,0x20,0x22,0x44,0x00,0x00,0x00,0x00,0x00,0x00,0x00,0x00,0x61,0x71,
    0x0d,0x00,0x20,0x12,0x41,0x2e,0x3a,0x00,0x01,0x20,0x12,0x41,0x02,0x6a,0x21,0x13,
    0x0b,0x20,0x22,0x44,0x00,0x00,0x00,0x00,0x00,0x00,0x00,0x00,0x62,0x0d,0x00,0x0b,
    0x20,0x1a,0x41,0xfd,0xff,0xff,0xff,0x07,0x20,0x0e,0x20,0x1b,0x6b,0x22,0x1c,0x20,
    0x18,0x6a,0x22,0x12,0x6b,0x4a,0x0d,0x03,0x20,0x1a,0x41,0x02,0x6a,0x20,0x13,0x20,
    0x05,0x41,0xc0,0x00,0x6a,0x6b,0x22,0x14,0x20,0x14,0x41,0x7e,0x6a,0x20,0x1a,0x48,
    0x1b,0x20,0x14,0x20,0x1a,0x1b,0x22,0x15,0x20,0x12,0x6a,0x21,0x13,0x02,0x40,0x20,
    0x1d,0x41,0x80,0xc0,0x04,0x71,0x22,0x17,0x0d,0x00,0x20,0x19,0x20,0x13,0x4c,0x0d,
    0x00,0x02,0x40,0x20,0x19,0x20,0x13,0x6b,0x22,0x12,0x41,0x80,0x02,0x20,0x12,0x41,
    0x80,0x02,0x49,0x22,0x1a,0x1b,0x22,0x1d,0x45,0x0d,0x00,0x20,0x05,0x41,0xe0,0x04,
    0x6a,0x41,0x20,0x20,0x1d,0xfc,0x0b,0x00,0x0b,0x02,0x40,0x20,0x1a,0x0d,0x00,0x03,
    0x40,0x02,0x40,0x20,0x00,0x2d,0x00,0x00,0x41,0x20,0x71,0x0d,0x00,0x20,0x05,0x41,
    0xe0,0x04,0x6a,0x41,0x80,0x02,0x20,0x00,0x10,0x9e,0x82,0x80,0x80,0x00,0x0b,0x20,
    0x12,0x41,0x80,0x7e,0x6a,0x22,0x12,0x41,0xff,0x01,0x4b,0x0d,0x00,0x0b,0x0b,0x20,
    0x00,0x2d,0x00,0x00,0x41,0x20,0x71,0x0d,0x00,0x20,0x05,0x41,0xe0,0x04,0x6a,0x20,
    0x12,0x20,0x00,0x10,0x9e,0x82,0x80,0x80,0x00,0x0b,0x02,0x40,0x20,0x00,0x2d,0x00,
    0x00,0x41,0x20,0x71,0x0d,0x00,0x20,0x16,0x20,0x18,0x20,0x00,0x10,0x9e,0x82,0x80,
    0x80,0x00,0x0b,0x02,0x40,0x20,0x17,0x41,0x80,0x80,0x04,0x47,0x0d,0x00,0x20,0x19,
    0x20,0x13,0x4c,0x0d,0x00,0x02,0x40,0x20,0x19,0x20,0x13,0x6b,0x22,0x12,0x41,0x80,
    0x02,0x20,0x12,0x41,0x80,0x02,0x49,0x22,0x18,0x1b,0x22,0x1a,0x45,0x0d,0x00,0x20,
    0x05,0x41,0xe0,0x04,0x6a,0x41,0x30,0x20,0x1a,0xfc,0x0b,0x00,0x0b,0x02,0x40,0x20,
    0x18,0x0d,0x00,0x03,0x40,0x02,0x40,0x20,0x00,0x2d,0x00,0x00,0x41,0x20,0x71,0x0d,
    0x00,0x20,0x05,0x41,0xe0,0x04,0x6a,0x41,0x80,0x02,0x20,0x00,0x10,0x9e,0x82,0x80,
    0x80,0x00,0x0b,0x20,0x12,0x41,0x80,0x7e,0x6a,0x22,0x12,0x41,0xff,0x01,0x4b,0x0d,
    0x00,0x0b,0x0b,0x20,0x00,0x2d,0x00,0x00,0x41,0x20,0x71,0x0d,0x00,0x20,0x05,0x41,
    0xe0,0x04,0x6a,0x20,0x12,0x20,0x00,0x10,0x9e,0x82,0x80,0x80,0x00,0x0b,0x02,0x40,
    0x20,0x00,0x2d,0x00,0x00,0x41,0x20,0x71,0x0d,0x00,0x20,0x05,0x41,0xc0,0x00,0x6a,
    0x20,0x14,0x20,0x00,0x10,0x9e,0x82,0x80,0x80,0x00,0x0b,0x02,0x40,0x20,0x15,0x20,
    0x14,0x6b,0x22,0x12,0x41,0x01,0x48,0x0d,0x00,0x02,0x40,0x20,0x12,0x41,0x80,0x02,
    0x20,0x12,0x41,0x80,0x02,0x49,0x22,0x14,0x1b,0x22,0x15,0x45,0x0d,0x00,0x20,0x05,
    0x41,0xe0,0x04,0x6a,0x41,0x30,0x20,0x15,0xfc,0x0b,0x00,0x0b,0x02,0x40,0x20,0x14,
    0x0d,0x00,0x03,0x40,0x02,0x40,0x20,0x00,0x2d,0x00,0x00,0x41,0x20,0x71,0x0d,0x00,
    0x20,0x05,0x41,0xe0,0x04,0x6a,0x41,0x80,0x02,0x20,0x00,0x10,0x9e,0x82,0x80,0x80,
    0x00,0x0b,0x20,0x12,0x41,0x80,0x7e,0x6a,0x22,0x12,0x41,0xff,0x01,0x4b,0x0d,0x00,
    0x0b,0x0b,0x20,0x00,0x2d,0x00,0x00,0x41,0x20,0x71,0x0d,0x00,0x20,0x05,0x41,0xe0,
    0x04,0x6a,0x20,0x12,0x20,0x00,0x10,0x9e,0x82,0x80,0x80,0x00,0x0b,0x02,0x40,0x20,
    0x00,0x2d,0x00,0x00,0x41,0x20,0x71,0x0d,0x00,0x20,0x1b,0x20,0x1c,0x20,0x00,0x10,
    0x9e,0x82,0x80,0x80,0x00,0x0b,0x02,0x40,0x20,0x17,0x41,0x80,0xc0,0x00,0x47,0x0d,
    0x00,0x20,0x19,0x20,0x13,0x4c,0x0d,0x00,0x02,0x40,0x20,0x19,0x20,0x13,0x6b,0x22,
    0x12,0x41,0x80,0x02,0x20,0x12,0x41,0x80,0x02,0x49,0x22,0x14,0x1b,0x22,0x17,0x45,
    0x0d,0x00,0x20,0x05,0x41,0xe0,0x04,0x6a,0x41,0x20,0x20,0x17,0xfc,0x0b,0x00,0x0b,
    0x02,0x40,0x20,0x14,0x0d,0x00,0x03,0x40,0x02,0x40,0x20,0x00,0x2d,0x00,0x00,0x41,
    0x20,0x71,0x0d,0x00,0x20,0x05,0x41,0xe0,0x04,0x6a,0x41,0x80,0x02,0x20,0x00,0x10,
    0x9e,0x82,0x80,0x80,0x00,0x0b,0x20,0x12,0x41,0x80,0x7e,0x6a,0x22,0x12,0x41,0xff,
    0x01,0x4b,0x0d,0x00,0x0b,0x0b,0x20,0x00,0x2d,0x00,0x00,0x41,0x20,0x71,0x0d,0x00,
    0x20,0x05,0x41,0xe0,0x04,0x6a,0x20,0x12,0x20,0x00,0x10,0x9e,0x82,0x80,0x80,0x00,
    0x0b,0x20,0x19,0x20,0x13,0x20,0x19,0x20,0x13,0x4a,0x1b,0x21,0x12,0x0c,0x02,0x0b,
    0x20,0x05,0x20,0x12,0x3a,0x00,0x27,0x41,0x00,0x21,0x18,0x41,0xcb,0x80,0x84,0x80,
    0x00,0x21,0x1f,0x41,0x01,0x21,0x1a,0x20,0x08,0x21,0x13,0x20,0x0f,0x21,0x12,0x0b,
    0x20,0x1a,0x20,0x12,0x20,0x13,0x6b,0x22,0x15,0x20,0x1a,0x20,0x15,0x4a,0x1b,0x22,
    0x1c,0x20,0x18,0x41,0xff,0xff,0xff,0xff,0x07,0x73,0x4a,0x0d,0x01,0x20,0x19,0x20,
    0x18,0x20,0x1c,0x6a,0x22,0x17,0x20,0x19,0x20,0x17,0x4a,0x1b,0x22,0x12,0x20,0x14,
    0x4b,0x0d,0x01,0x02,0x40,0x20,0x16,0x41,0x80,0xc0,0x04,0x71,0x22,0x1b,0x0d,0x00,
    0x20,0x19,0x20,0x17,0x4c,0x0d,0x00,0x02,0x40,0x20,0x12,0x20,0x17,0x6b,0x22,0x14,
    0x41,0x80,0x02,0x20,0x14,0x41,0x80,0x02,0x49,0x22,0x16,0x1b,0x22,0x1d,0x45,0x0d,
    0x00,0x20,0x05,0x41,0xe0,0x00,0x6a,0x41,0x20,0x20,0x1d,0xfc,0x0b,0x00,0x0b,0x02,
    0x40,0x20,0x16,0x0d,0x00,0x03,0x40,0x02,0x40,0x20,0x00,0x2d,0x00,0x00,0x41,0x20,
    0x71,0x0d,0x00,0x20,0x05,0x41,0xe0,0x00,0x6a,0x41,0x80,0x02,0x20,0x00,0x10,0x9e,
    0x82,0x80,0x80,0x00,0x0b,0x20,0x14,0x41,0x80,0x7e,0x6a,0x22,0x14,0x41,0xff,0x01,
    0x4b,0x0d,0x00,0x0b,0x0b,0x20,0x00,0x2d,0x00,0x00,0x41,0x20,0x71,0x0d,0x00,0x20,
    0x05,0x41,0xe0,0x00,0x6a,0x20,0x14,0x20,0x00,0x10,0x9e,0x82,0x80,0x80,0x00,0x0b,
    0x02,0x40,0x20,0x00,0x2d,0x00,0x00,0x41,0x20,0x71,0x0d,0x00,0x20,0x1f,0x20,0x18,
    0x20,0x00,0x10,0x9e,0x82,0x80,0x80,0x00,0x0b,0x02,0x40,0x20,0x1b,0x41,0x80,0x80,
    0x04,0x47,0x0d,0x00,0x20,0x19,0x20,0x17,0x4c,0x0d,0x00,0x02,0x40,0x20,0x12,0x20,
    0x17,0x6b,0x22,0x14,0x41,0x80,0x02,0x20,0x14,0x41,0x80,0x02,0x49,0x22,0x18,0x1b,
    0x22,0x16,0x45,0x0d,0x00,0x20,0x05,0x41,0xe0,0x00,0x6a,0x41,0x30,0x20,0x16,0xfc,
    0x0b,0x00,0x0b,0x02,0x40,0x20,0x18,0x0d,0x00,0x03,0x40,0x02,0x40,0x20,0x00,0x2d,
    0x00,0x00,0x41,0x20,0x71,0x0d,0x00,0x20,0x05,0x41,0xe0,0x00,0x6a,0x41,0x80,0x02,
    0x20,0x00,0x10,0x9e,0x82,0x80,0x80,0x00,0x0b,0x20,0x14,0x41,0x80,0x7e,0x6a,0x22,
    0x14,0x41,0xff,0x01,0x4b,0x0d,0x00,0x0b,0x0b,0x20,0x00,0x2d,0x00,0x00,0x41,0x20,
    0x71,0x0d,0x00,0x20,0x05,0x41,0xe0,0x00,0x6a,0x20,0x14,0x20,0x00,0x10,0x9e,0x82,
    0x80,0x80,0x00,0x0b,0x02,0x40,0x20,0x1a,0x20,0x15,0x4c,0x0d,0x00,0x02,0x40,0x20,
    0x1c,0x20,0x15,0x6b,0x22,0x14,0x41,0x80,0x02,0x20,0x14,0x41,0x80,0x02,0x49,0x22,
    0x18,0x1b,0x22,0x1a,0x45,0x0d,0x00,0x20,0x05,0x41,0xe0,0x00,0x6a,0x41,0x30,0x20,
    0x1a,0xfc,0x0b,0x00,0x0b,0x02,0x40,0x20,0x18,0x0d,0x00,0x03,0x40,0x02,0x40,0x20,
    0x00,0x2d,0x00,0x00,0x41,0x20,0x71,0x0d,0x00,0x20,0x05,0x41,0xe0,0x00,0x6a,0x41,
    0x80,0x02,0x20,0x00,0x10,0x9e,0x82,0x80,0x80,0x00,0x0b,0x20,0x14,0x41,0x80,0x7e,
    0x6a,0x22,0x14,0x41,0xff,0x01,0x4b,0x0d,0x00,0x0b,0x0b,0x20,0x00,0x2d,0x00,0x00,
    0x41,0x20,0x71,0x0d,0x00,0x20,0x05,0x41,0xe0,0x00,0x6a,0x20,0x14,0x20,0x00,0x10,
    0x9e,0x82,0x80,0x80,0x00,0x0b,0x02,0x40,0x20,0x00,0x2d,0x00,0x00,0x41,0x20,0x71,
    0x0d,0x00,0x20,0x13,0x20,0x15,0x20,0x00,0x10,0x9e,0x82,0x80,0x80,0x00,0x0b,0x20,
    0x1b,0x41,0x80,0xc0,0x00,0x47,0x0d,0x00,0x20,0x19,0x20,0x17,0x4c,0x0d,0x00,0x02,
    0x40,0x20,0x12,0x20,0x17,0x6b,0x22,0x13,0x41,0x80,0x02,0x20,0x13,0x41,0x80,0x02,
    0x49,0x22,0x14,0x1b,0x22,0x17,0x45,0x0d,0x00,0x20,0x05,0x41,0xe0,0x00,0x6a,0x41,
    0x20,0x20,0x17,0xfc,0x0b,0x00,0x0b,0x02,0x40,0x20,0x14,0x0d,0x00,0x03,0x40,0x02,
    0x40,0x20,0x00,0x2d,0x00,0x00,0x41,0x20,0x71,0x0d,0x00,0x20,0x05,0x41,0xe0,0x00,
    0x6a,0x41,0x80,0x02,0x20,0x00,0x10,0x9e,0x82,0x80,0x80,0x00,0x0b,0x20,0x13,0x41,
    0x80,0x7e,0x6a,0x22,0x13,0x41,0xff,0x01,0x4b,0x0d,0x00,0x0b,0x0b,0x20,0x00,0x2d,
    0x00,0x00,0x41,0x20,0x71,0x0d,0x00,0x20,0x05,0x41,0xe0,0x00,0x6a,0x20,0x13,0x20,
    0x00,0x10,0x9e,0x82,0x80,0x80,0x00,0x0c,0x00,0x0b,0x0b,0x0b,0x41,0x00,0x41,0x3d,
    0x36,0x02,0xf0,0xbe,0x84,0x80,0x00,0x0b,0x41,0x7f,0x21,0x11,0x0b,0x20,0x05,0x41,
    0xe0,0x06,0x6a,0x24,0x80,0x80,0x80,0x80,0x00,0x20,0x11,0x0b,0xb3,0x04,0x00,0x02,
    0x40,0x02,0x40,0x02,0x40,0x02,0x40,0x02,0x40,0x02,0x40,0x02,0x40,0x02,0x40,0x02,
    0x40,0x02,0x40,0x02,0x40,0x02,0x40,0x02,0x40,0x02,0x40,0x02,0x40,0x02,0x40,0x02,
    0x40,0x02,0x40,0x02,0x40,0x20,0x01,0x41,0x77,0x6a,0x0e,0x12,0x11,0x00,0x01,0x04,
    0x02,0x03,0x05,0x06,0x07,0x08,0x09,0x0a,0x0b,0x0c,0x0d,0x0e,0x0f,0x10,0x12,0x0b,
    0x20,0x02,0x20,0x02,0x28,0x02,0x00,0x22,0x01,0x41,0x04,0x6a,0x36,0x02,0x00,0x20,
    0x00,0x20,0x01,0x34,0x02,0x00,0x37,0x03,0x00,0x0f,0x0b,0x20,0x02,0x20,0x02,0x28,
    0x02,0x00,0x22,0x01,0x41,0x04,0x6a,0x36,0x02,0x00,0x20,0x00,0x20,0x01,0x35,0x02,
    0x00,0x37,0x03,0x00,0x0f,0x0b,0x20,0x02,0x20,0x02,0x28,0x02,0x00,0x22,0x01,0x41,
    0x04,0x6a,0x36,0x02,0x00,0x20,0x00,0x20,0x01,0x34,0x02,0x00,0x37,0x03,0x00,0x0f,
    0x0b,0x20,0x02,0x20,0x02,0x28,0x02,0x00,0x22,0x01,0x41,0x04,0x6a,0x36,0x02,0x00,
    0x20,0x00,0x20,0x01,0x35,0x02,0x00,0x37,0x03,0x00,0x0f,0x0b,0x20,0x02,0x20,0x02,
    0x28,0x02,0x00,0x41,0x07,0x6a,0x41,0x78,0x71,0x22,0x01,0x41,0x08,0x6a,0x36,0x02,
    0x00,0x20,0x00,0x20,0x01,0x29,0x03,0x00,0x37,0x03,0x00,0x0f,0x0b,0x20,0x02,0x20,
    0x02,0x28,0x02,0x00,0x22,0x01,0x41,0x04,0x6a,0x36,0x02,0x00,0x20,0x00,0x20,0x01,
    0x32,0x01,0x00,0x37,0x03,0x00,0x0f,0x0b,0x20,0x02,0x20,0x02,0x28,0x02,0x00,0x22,
    0x01,0x41,0x04,0x6a,0x36,0x02,0x00,0x20,0x00,0x20,0x01,0x33,0x01,0x00,0x37,0x03,
    0x00,0x0f,0x0b,0x20,0x02,0x20,0x02,0x28,0x02,0x00,0x22,0x01,0x41,0x04,0x6a,0x36,
    0x02,0x00,0x20,0x00,0x20,0x01,0x30,0x00,0x00,0x37,0x03,0x00,0x0f,0x0b,0x20,0x02,
    0x20,0x02,0x28,0x02,0x00,0x22,0x01,0x41,0x04,0x6a,0x36,0x02,0x00,0x20,0x00,0x20,
    0x01,0x31,0x00,0x00,0x37,0x03,0x00,0x0f,0x0b,0x20,0x02,0x20,0x02,0x28,0x02,0x00,
    0x41,0x07,0x6a,0x41,0x78,0x71,0x22,0x01,0x41,0x08,0x6a,0x36,0x02,0x00,0x20,0x00,
    0x20,0x01,0x29,0x03,0x00,0x37,0x03,0x00,0x0f,0x0b,0x20,0x02,0x20,0x02,0x28,0x02,
    0x00,0x22,0x01,0x41,0x04,0x6a,0x36,0x02,0x00,0x20,0x00,0x20,0x01,0x35,0x02,0x00,
    0x37,0x03,0x00,0x0f,0x0b,0x20,0x02,0x20,0x02,0x28,0x02,0x00,0x41,0x07,0x6a,0x41,
    0x78,0x71,0x22,0x01,0x41,0x08,0x6a,0x36,0x02,0x00,0x20,0x00,0x20,0x01,0x29,0x03,
    0x00,0x37,0x03,0x00,0x0f,0x0b,0x20,0x02,0x20,0x02,0x28,0x02,0x00,0x41,0x07,0x6a,
    0x41,0x78,0x71,0x22,0x01,0x41,0x08,0x6a,0x36,0x02,0x00,0x20,0x00,0x20,0x01,0x29,
    0x03,0x00,0x37,0x03,0x00,0x0f,0x0b,0x20,0x02,0x20,0x02,0x28,0x02,0x00,0x22,0x01,
    0x41,0x04,0x6a,0x36,0x02,0x00,0x20,0x00,0x20,0x01,0x34,0x02,0x00,0x37,0x03,0x00,
    0x0f,0x0b,0x20,0x02,0x20,0x02,0x28,0x02,0x00,0x22,0x01,0x41,0x04,0x6a,0x36,0x02,
    0x00,0x20,0x00,0x20,0x01,0x35,0x02,0x00,0x37,0x03,0x00,0x0f,0x0b,0x20,0x02,0x20,
    0x02,0x28,0x02,0x00,0x41,0x07,0x6a,0x41,0x78,0x71,0x22,0x01,0x41,0x08,0x6a,0x36,
    0x02,0x00,0x20,0x00,0x20,0x01,0x2b,0x03,0x00,0x39,0x03,0x00,0x0f,0x0b,0x10,0xa9,
    0x82,0x80,0x80,0x00,0x00,0x0b,0x20,0x02,0x20,0x02,0x28,0x02,0x00,0x22,0x01,0x41,
    0x04,0x6a,0x36,0x02,0x00,0x20,0x00,0x20,0x01,0x28,0x02,0x00,0x36,0x02,0x00,0x0b,
    0x0b,0xa1,0x01,0x01,0x01,0x7f,0x23,0x80,0x80,0x80,0x80,0x00,0x41,0x80,0x02,0x6b,
    0x22,0x05,0x24,0x80,0x80,0x80,0x80,0x00,0x02,0x40,0x20,0x02,0x20,0x03,0x4c,0x0d,
    0x00,0x20,0x04,0x41,0x80,0xc0,0x04,0x71,0x0d,0x00,0x02,0x40,0x20,0x02,0x20,0x03,
    0x6b,0x22,0x03,0x41,0x80,0x02,0x20,0x03,0x41,0x80,0x02,0x49,0x22,0x02,0x1b,0x22,
    0x04,0x45,0x0d,0x00,0x20,0x05,0x20,0x01,0x20,0x04,0xfc,0x0b,0x00,0x0b,0x02,0x40,
    0x20,0x02,0x0d,0x00,0x03,0x40,0x02,0x40,0x20,0x00,0x2d,0x00,0x00,0x41,0x20,0x71,
    0x0d,0x00,0x20,0x05,0x41,0x80,0x02,0x20,0x00,0x10,0x9e,0x82,0x80,0x80,0x00,0x0b,
    0x20,0x03,0x41,0x80,0x7e,0x6a,0x22,0x03,0x41,0xff,0x01,0x4b,0x0d,0x00,0x0b,0x0b,
    0x20,0x00,0x2d,0x00,0x00,0x41,0x20,0x71,0x0d,0x00,0x20,0x05,0x20,0x03,0x20,0x00,
    0x10,0x9e,0x82,0x80,0x80,0x00,0x0b,0x20,0x05,0x41,0x80,0x02,0x6a,0x24,0x80,0x80,
    0x80,0x80,0x00,0x0b,0xba,0x02,0x01,0x01,0x7f,0x02,0x40,0x20,0x01,0x41,0xff,0x00,
    0x4d,0x0d,0x00,0x02,0x40,0x41,0x00,0x28,0x02,0xfc,0xba,0x84,0x80,0x00,0x22,0x02,
    0x0d,0x00,0x41,0xe4,0xba,0x84,0x80,0x00,0x21,0x02,0x41,0x00,0x41,0xe4,0xba,0x84,
    0x80,0x00,0x36,0x02,0xfc,0xba,0x84,0x80,0x00,0x0b,0x02,0x40,0x20,0x02,0x28,0x02,
    0x00,0x0d,0x00,0x20,0x01,0x41,0x80,0x7f,0x71,0x41,0x80,0xbf,0x03,0x46,0x0d,0x01,
    0x41,0x00,0x41,0x19,0x36,0x02,0xf0,0xbe,0x84,0x80,0x00,0x41,0x7f,0x0f,0x0b,0x02,
    0x40,0x20,0x01,0x41,0xff,0x0f,0x4b,0x0d,0x00,0x20,0x00,0x20,0x01,0x41,0x3f,0x71,
    0x41,0x80,0x01,0x72,0x3a,0x00,0x01,0x20,0x00,0x20,0x01,0x41,0x06,0x76,0x41,0xc0,
    0x01,0x72,0x3a,0x00,0x00,0x41,0x02,0x0f,0x0b,0x02,0x40,0x02,0x40,0x20,0x01,0x41,
    0x80,0xb0,0x03,0x49,0x0d,0x00,0x20,0x01,0x41,0x80,0x40,0x71,0x41,0x80,0xc0,0x03,
    0x47,0x0d,0x01,0x0b,0x20,0x00,0x20,0x01,0x41,0x3f,0x71,0x41,0x80,0x01,0x72,0x3a,
    0x00,0x02,0x20,0x00,0x20,0x01,0x41,0x0c,0x76,0x41,0xe0,0x01,0x72,0x3a,0x00,0x00,
    0x20,0x00,0x20,0x01,0x41,0x06,0x76,0x41,0x3f,0x71,0x41,0x80,0x01,0x72,0x3a,0x00,
    0x01,0x41,0x03,0x0f,0x0b,0x02,0x40,0x20,0x01,0x41,0x80,0x80,0x7c,0x6a,0x41,0xff,
    0xff,0x3f,0x4b,0x0d,0x00,0x20,0x00,0x20,0x01,0x41,0x3f,0x71,0x41,0x80,0x01,0x72,
    0x3a,0x00,0x03,0x20,0x00,0x20,0x01,0x41,0x12,0x76,0x41,0xf0,0x01,0x72,0x3a,0x00,
    0x00,0x20,0x00,0x20,0x01,0x41,0x06,0x76,0x41,0x3f,0x71,0x41,0x80,0x01,0x72,0x3a,
    0x00,0x02,0x20,0x00,0x20,0x01,0x41,0x0c,0x76,0x41,0x3f,0x71,0x41,0x80,0x01,0x72,
    0x3a,0x00,0x01,0x41,0x04,0x0f,0x0b,0x41,0x00,0x41,0x19,0x36,0x02,0xf0,0xbe,0x84,
    0x80,0x00,0x41,0x7f,0x0f,0x0b,0x20,0x00,0x20,0x01,0x3a,0x00,0x00,0x41,0x01,0x0b,
    0x8f,0x01,0x02,0x01,0x7e,0x01,0x7f,0x02,0x40,0x20,0x00,0xbd,0x22,0x02,0x42,0x34,
    0x88,0xa7,0x41,0xff,0x0f,0x71,0x22,0x03,0x41,0xff,0x0f,0x46,0x0d,0x00,0x02,0x40,
    0x20,0x03,0x0d,0x00,0x02,0x40,0x20,0x00,0x44,0x00,0x00,0x00,0x00,0x00,0x00,0x00,
    0x00,0x62,0x0d,0x00,0x20,0x01,0x41,0x00,0x36,0x02,0x00,0x20,0x00,0x0f,0x0b,0x20,
    0x00,0x44,0x00,0x00,0x00,0x00,0x00,0x00,0xf0,0x43,0xa2,0x20,0x01,0x10,0xa8,0x82,
    0x80,0x80,0x00,0x21,0x00,0x20,0x01,0x20,0x01,0x28,0x02,0x00,0x41,0x40,0x6a,0x36,
    0x02,0x00,0x20,0x00,0x0f,0x0b,0x20,0x01,0x20,0x03,0x41,0x82,0x78,0x6a,0x36,0x02,
    0x00,0x20,0x02,0x42,0xff,0xff,0xff,0xff,0xff,0xff,0xff,0x87,0x80,0x7f,0x83,0x42,
    0x80,0x80,0x80,0x80,0x80,0x80,0x80,0xf0,0x3f,0x84,0xbf,0x21,0x00,0x0b,0x20,0x00,
    0x0b,0x09,0x00,0x10,0xaa,0x82,0x80,0x80,0x00,0x00,0x0b,0x14,0x00,0x41,0x98,0x96,
    0x84,0x80,0x00,0x41,0x01,0x41,0x82,0x01,0x10,0x9a,0x82,0x80,0x80,0x00,0x1a,0x0b,
    0xd0,0x04,0x03,0x03,0x7f,0x01,0x7e,0x01,0x7f,0x02,0x40,0x02,0x40,0x20,0x00,0x28,
    0x02,0x04,0x22,0x01,0x20,0x00,0x28,0x02,0x54,0x46,0x0d,0x00,0x20,0x00,0x20,0x01,
    0x41,0x01,0x6a,0x36,0x02,0x04,0x20,0x01,0x2d,0x00,0x00,0x21,0x01,0x0c,0x01,0x0b,
    0x20,0x00,0x10,0xa3,0x82,0x80,0x80,0x00,0x21,0x01,0x0b,0x02,0x40,0x02,0x40,0x02,
    0x40,0x02,0x40,0x02,0x40,0x20,0x01,0x41,0x55,0x6a,0x0e,0x03,0x00,0x01,0x00,0x01,
    0x0b,0x02,0x40,0x02,0x40,0x20,0x00,0x28,0x02,0x04,0x22,0x02,0x20,0x00,0x28,0x02,
    0x54,0x46,0x0d,0x00,0x20,0x00,0x20,0x02,0x41,0x01,0x6a,0x36,0x02,0x04,0x20,0x02,
    0x2d,0x00,0x00,0x21,0x02,0x0c,0x01,0x0b,0x20,0x00,0x10,0xa3,0x82,0x80,0x80,0x00,
    0x21,0x02,0x0b,0x02,0x40,0x20,0x02,0x41,0x46,0x6a,0x41,0x75,0x4d,0x0d,0x00,0x20,
    0x01,0x41,0x2d,0x46,0x21,0x03,0x20,0x02,0x21,0x01,0x0c,0x04,0x0b,0x20,0x00,0x29,
    0x03,0x58,0x42,0x00,0x59,0x0d,0x01,0x42,0x80,0x80,0x80,0x80,0x80,0x80,0x80,0x80,
    0x80,0x7f,0x0f,0x0b,0x41,0x00,0x21,0x03,0x20,0x01,0x41,0x46,0x6a,0x41,0x75,0x4b,
    0x0d,0x02,0x20,0x00,0x29,0x03,0x58,0x42,0x7f,0x55,0x0d,0x01,0x42,0x80,0x80,0x80,
    0x80,0x80,0x80,0x80,0x80,0x80,0x7f,0x0f,0x0b,0x20,0x00,0x20,0x00,0x28,0x02,0x04,
    0x41,0x7f,0x6a,0x36,0x02,0x04,0x0b,0x20,0x00,0x20,0x00,0x28,0x02,0x04,0x41,0x7f,
    0x6a,0x36,0x02,0x04,0x42,0x80,0x80,0x80,0x80,0x80,0x80,0x80,0x80,0x80,0x7f,0x0f,
    0x0b,0x42,0x00,0x21,0x04,0x02,0x40,0x20,0x01,0x41,0x50,0x6a,0x41,0x09,0x4b,0x0d,
    0x00,0x41,0x00,0x21,0x02,0x03,0x40,0x20,0x01,0x20,0x02,0x41,0x0a,0x6c,0x6a,0x21,
    0x02,0x02,0x40,0x02,0x40,0x20,0x00,0x28,0x02,0x04,0x22,0x01,0x20,0x00,0x28,0x02,
    0x54,0x46,0x0d,0x00,0x20,0x00,0x20,0x01,0x41,0x01,0x6a,0x36,0x02,0x04,0x20,0x01,
    0x2d,0x00,0x00,0x21,0x01,0x0c,0x01,0x0b,0x20,0x00,0x10,0xa3,0x82,0x80,0x80,0x00,
    0x21,0x01,0x0b,0x20,0x02,0x41,0x50,0x6a,0x21,0x02,0x02,0x40,0x20,0x01,0x41,0x50,
    0x6a,0x22,0x05,0x41,0x09,0x4b,0x0d,0x00,0x20,0x02,0x41,0xcc,0x99,0xb3,0xe6,0x00,
    0x48,0x0d,0x01,0x0b,0x0b,0x20,0x02,0xac,0x21,0x04,0x20,0x05,0x41,0x09,0x4b,0x0d,
    0x00,0x03,0x40,0x20,0x01,0xad,0x20,0x04,0x42,0x0a,0x7e,0x7c,0x21,0x04,0x02,0x40,
    0x02,0x40,0x20,0x00,0x28,0x02,0x04,0x22,0x01,0x20,0x00,0x28,0x02,0x54,0x46,0x0d,
    0x00,0x20,0x00,0x20,0x01,0x41,0x01,0x6a,0x36,0x02,0x04,0x20,0x01,0x2d,0x00,0x00,
    0x21,0x01,0x0c,0x01,0x0b,0x20,0x00,0x10,0xa3,0x82,0x80,0x80,0x00,0x21,0x01,0x0b,
    0x20,0x04,0x42,0x50,0x7c,0x21,0x04,0x02,0x40,0x20,0x01,0x41,0x50,0x6a,0x22,0x02,
    0x41,0x09,0x4b,0x0d,0x00,0x20,0x04,0x42,0xae,0x8f,0x85,0xd7,0xc7,0xc2,0xeb,0xa3,
    0x01,0x53,0x0d,0x01,0x0b,0x0b,0x20,0x02,0x41,0x09,0x4b,0x0d,0x00,0x03,0x40,0x02,
    0x40,0x02,0x40,0x20,0x00,0x28,0x02,0x04,0x22,0x01,0x20,0x00,0x28,0x02,0x54,0x46,
    0x0d,0x00,0x20,0x00,0x20,0x01,0x41,0x01,0x6a,0x36,0x02,0x04,0x20,0x01,0x2d,0x00,
    0x00,0x21,0x01,0x0c,0x01,0x0b,0x20,0x00,0x10,0xa3,0x82,0x80,0x80,0x00,0x21,0x01,
    0x0b,0x20,0x01,0x41,0x50,0x6a,0x41,0x0a,0x49,0x0d,0x00,0x0b,0x0b,0x02,0x40,0x20,
    0x00,0x29,0x03,0x58,0x42,0x00,0x53,0x0d,0x00,0x20,0x00,0x20,0x00,0x28,0x02,0x04,
    0x41,0x7f,0x6a,0x36,0x02,0x04,0x0b,0x42,0x00,0x20,0x04,0x7d,0x20,0x04,0x20,0x03,
    0x1b,0x0b,0xae,0x01,0x00,0x02,0x40,0x02,0x40,0x20,0x01,0x41,0x80,0x08,0x48,0x0d,
    0x00,0x20,0x00,0x44,0x00,0x00,0x00,0x00,0x00,0x00,0xe0,0x7f,0xa2,0x21,0x00,0x02,
    0x40,0x20,0x01,0x41,0xff,0x0f,0x4f,0x0d,0x00,0x20,0x01,0x41,0x81,0x78,0x6a,0x21,
    0x01,0x0c,0x02,0x0b,0x20,0x00,0x44,0x00,0x00,0x00,0x00,0x00,0x00,0xe0,0x7f,0xa2,
    0x21,0x00,0x20,0x01,0x41,0xfd,0x17,0x20,0x01,0x41,0xfd,0x17,0x49,0x1b,0x41,0x82,
    0x70,0x6a,0x21,0x01,0x0c,0x01,0x0b,0x20,0x01,0x41,0x81,0x78,0x4a,0x0d,0x00,0x20,
    0x00,0x44,0x00,0x00,0x00,0x00,0x00,0x00,0x60,0x03,0xa2,0x21,0x00,0x02,0x40,0x20,
    0x01,0x41,0xb8,0x70,0x4d,0x0d,0x00,0x20,0x01,0x41,0xc9,0x07,0x6a,0x21,0x01,0x0c,
    0x01,0x0b,0x20,0x00,0x44,0x00,0x00,0x00,0x00,0x00,0x00,0x60,0x03,0xa2,0x21,0x00,
    0x20,0x01,0x41,0xf0,0x68,0x20,0x01,0x41,0xf0,0x68,0x4b,0x1b,0x41,0x92,0x0f,0x6a,
    0x21,0x01,0x0b,0x20,0x00,0x20,0x01,0x41,0xff,0x07,0x6a,0xad,0x42,0x34,0x86,0xbf,
    0xa2,0x0b,0x8d,0x04,0x04,0x03,0x7e,0x01,0x7f,0x01,0x7e,0x01,0x7f,0x02,0x40,0x02,
    0x40,0x20,0x01,0xbd,0x22,0x02,0x42,0x01,0x86,0x22,0x03,0x50,0x0d,0x00,0x20,0x01,
    0x20,0x01,0x62,0x0d,0x00,0x20,0x00,0xbd,0x22,0x04,0x42,0x34,0x88,0xa7,0x41,0xff,
    0x0f,0x71,0x22,0x05,0x41,0xff,0x0f,0x47,0x0d,0x01,0x0b,0x20,0x00,0x20,0x01,0xa2,
    0x22,0x01,0x20,0x01,0xa3,0x0f,0x0b,0x02,0x40,0x20,0x04,0x42,0x01,0x86,0x22,0x06,
    0x20,0x03,0x56,0x0d,0x00,0x20,0x00,0x44,0x00,0x00,0x00,0x00,0x00,0x00,0x00,0x00,
    0xa2,0x20,0x00,0x20,0x06,0x20,0x03,0x51,0x1b,0x0f,0x0b,0x20,0x02,0x42,0x34,0x88,
    0xa7,0x41,0xff,0x0f,0x71,0x21,0x07,0x02,0x40,0x02,0x40,0x20,0x05,0x0d,0x00,0x41,
    0x00,0x21,0x05,0x02,0x40,0x20,0x04,0x42,0x0c,0x86,0x22,0x03,0x42,0x00,0x53,0x0d,
    0x00,0x03,0x40,0x20,0x05,0x41,0x7f,0x6a,0x21,0x05,0x20,0x03,0x42,0x01,0x86,0x22,
    0x03,0x42,0x7f,0x55,0x0d,0x00,0x0b,0x0b,0x20,0x04,0x41,0x01,0x20,0x05,0x6b,0xad,
    0x86,0x21,0x03,0x0c,0x01,0x0b,0x20,0x04,0x42,0xff,0xff,0xff,0xff,0xff,0xff,0xff,
    0x07,0x83,0x42,0x80,0x80,0x80,0x80,0x80,0x80,0x80,0x08,0x84,0x21,0x03,0x0b,0x02,
    0x40,0x02,0x40,0x20,0x07,0x0d,0x00,0x41,0x00,0x21,0x07,0x02,0x40,0x20,0x02,0x42,
    0x0c,0x86,0x22,0x06,0x42,0x00,0x53,0x0d,0x00,0x03,0x40,0x20,0x07,0x41,0x7f,0x6a,
    0x21,0x07,0x20,0x06,0x42,0x01,0x86,0x22,0x06,0x42,0x7f,0x55,0x0d,0x00,0x0b,0x0b,
    0x20,0x02,0x41,0x01,0x20,0x07,0x6b,0xad,0x86,0x21,0x02,0x0c,0x01,0x0b,0x20,0x02,
    0x42,0xff,0xff,0xff,0xff,0xff,0xff,0xff,0x07,0x83,0x42,0x80,0x80,0x80,0x80,0x80,
    0x80,0x80,0x08,0x84,0x21,0x02,0x0b,0x02,0x40,0x20,0x05,0x20,0x07,0x4c,0x0d,0x00,
    0x03,0x40,0x02,0x40,0x20,0x03,0x20,0x02,0x7d,0x22,0x06,0x42,0x00,0x53,0x0d,0x00,
    0x20,0x06,0x21,0x03,0x20,0x06,0x42,0x00,0x52,0x0d,0x00,0x20,0x00,0x44,0x00,0x00,
    0x00,0x00,0x00,0x00,0x00,0x00,0xa2,0x0f,0x0b,0x20,0x03,0x42,0x01,0x86,0x21,0x03,
    0x20,0x05,0x41,0x7f,0x6a,0x22,0x05,0x20,0x07,0x4a,0x0d,0x00,0x0b,0x20,0x07,0x21,
    0x05,0x0b,0x02,0x40,0x20,0x03,0x20,0x02,0x7d,0x22,0x06,0x42,0x00,0x53,0x0d,0x00,
    0x20,0x06,0x21,0x03,0x20,0x06,0x42,0x00,0x52,0x0d,0x00,0x20,0x00,0x44,0x00,0x00,
    0x00,0x00,0x00,0x00,0x00,0x00,0xa2,0x0f,0x0b,0x02,0x40,0x20,0x03,0x42,0xff,0xff,
    0xff,0xff,0xff,0xff,0xff,0x07,0x56,0x0d,0x00,0x03,0x40,0x20,0x05,0x41,0x7f,0x6a,
    0x21,0x05,0x20,0x03,0x22,0x06,0x42,0x01,0x86,0x21,0x03,0x20,0x06,0x42,0x80,0x80,
    0x80,0x80,0x80,0x80,0x80,0x04,0x54,0x0d,0x00,0x0b,0x0b,0x20,0x04,0x42,0x80,0x80,
    0x80,0x80,0x80,0x80,0x80,0x80,0x80,0x7f,0x83,0x21,0x06,0x02,0x40,0x02,0x40,0x20,
    0x05,0x41,0x01,0x48,0x0d,0x00,0x20,0x03,0x42,0x80,0x80,0x80,0x80,0x80,0x80,0x80,
    0x78,0x7c,0x20,0x05,0xad,0x42,0x34,0x86,0x84,0x21,0x03,0x0c,0x01,0x0b,0x20,0x03,
    0x41,0x01,0x20,0x05,0x6b,0xad,0x88,0x21,0x03,0x0b,0x20,0x03,0x20,0x06,0x84,0xbf,
    0x0b,0x5d,0x01,0x01,0x7f,0x02,0x40,0x20,0x00,0x0d,0x00,0x3f,0x00,0x41,0x80,0x80,
    0x84,0x80,0x00,0x6c,0x0f,0x0b,0x02,0x40,0x20,0x00,0x20,0x00,0x41,0x80,0x80,0x84,
    0x80,0x00,0x6e,0x22,0x01,0x41,0x80,0x80,0x84,0x80,0x00,0x6c,0x47,0x0d,0x00,0x20,
    0x00,0x41,0x7f,0x4c,0x0d,0x00,0x02,0x40,0x20,0x01,0x40,0x00,0x22,0x00,0x41,0x7f,
    0x47,0x0d,0x00,0x41,0x00,0x41,0x30,0x36,0x02,0xf0,0xbe,0x84,0x80,0x00,0x41,0x7f,
    0x0f,0x0b,0x20,0x00,0x41,0x80,0x80,0x84,0x80,0x00,0x6c,0x0f,0x0b,0x00,0x0b,0xac,
    0x08,0x01,0x07,0x7f,0x20,0x00,0x41,0x78,0x20,0x00,0x6b,0x41,0x0f,0x71,0x6a,0x22,
    0x03,0x20,0x02,0x41,0x03,0x72,0x36,0x02,0x04,0x20,0x01,0x41,0x78,0x20,0x01,0x6b,
    0x41,0x0f,0x71,0x6a,0x22,0x04,0x20,0x03,0x20,0x02,0x6a,0x22,0x05,0x6b,0x21,0x00,
    0x02,0x40,0x02,0x40,0x20,0x04,0x41,0x00,0x28,0x02,0x98,0xbb,0x84,0x80,0x00,0x47,
    0x0d,0x00,0x41,0x00,0x20,0x05,0x36,0x02,0x98,0xbb,0x84,0x80,0x00,0x41,0x00,0x41,
    0x00,0x28,0x02,0x8c,0xbb,0x84,0x80,0x00,0x20,0x00,0x6a,0x22,0x02,0x36,0x02,0x8c,
    0xbb,0x84,0x80,0x00,0x20,0x05,0x20,0x02,0x41,0x01,0x72,0x36,0x02,0x04,0x0c,0x01,
    0x0b,0x02,0x40,0x20,0x04,0x41,0x00,0x28,0x02,0x94,0xbb,0x84,0x80,0x00,0x47,0x0d,
    0x00,0x41,0x00,0x20,0x05,0x36,0x02,0x94,0xbb,0x84,0x80,0x00,0x41,0x00,0x41,0x00,
    0x28,0x02,0x88,0xbb,0x84,0x80,0x00,0x20,0x00,0x6a,0x22,0x02,0x36,0x02,0x88,0xbb,
    0x84,0x80,0x00,0x20,0x05,0x20,0x02,0x41,0x01,0x72,0x36,0x02,0x04,0x20,0x05,0x20,
    0x02,0x6a,0x20,0x02,0x36,0x02,0x00,0x0c,0x01,0x0b,0x02,0x40,0x20,0x04,0x28,0x02,
    0x04,0x22,0x01,0x41,0x03,0x71,0x41,0x01,0x47,0x0d,0x00,0x20,0x01,0x41,0x78,0x71,
    0x21,0x06,0x20,0x04,0x28,0x02,0x0c,0x21,0x02,0x02,0x40,0x02,0x40,0x20,0x01,0x41,
    0xff,0x01,0x4b,0x0d,0x00,0x02,0x40,0x20,0x02,0x20,0x04,0x28,0x02,0x08,0x22,0x07,
    0x47,0x0d,0x00,0x41,0x00,0x41,0x00,0x28,0x02,0x80,0xbb,0x84,0x80,0x00,0x41,0x7e,
    0x20,0x01,0x41,0x03,0x76,0x77,0x71,0x36,0x02,0x80,0xbb,0x84,0x80,0x00,0x0c,0x02,
    0x0b,0x20,0x02,0x20,0x07,0x36,0x02,0x08,0x20,0x07,0x20,0x02,0x36,0x02,0x0c,0x0c,
    0x01,0x0b,0x20,0x04,0x28,0x02,0x18,0x21,0x08,0x02,0x40,0x02,0x40,0x20,0x02,0x20,
    0x04,0x46,0x0d,0x00,0x20,0x04,0x28,0x02,0x08,0x22,0x01,0x20,0x02,0x36,0x02,0x0c,
    0x20,0x02,0x20,0x01,0x36,0x02,0x08,0x0c,0x01,0x0b,0x02,0x40,0x02,0x40,0x02,0x40,
    0x20,0x04,0x28,0x02,0x14,0x22,0x01,0x45,0x0d,0x00,0x20,0x04,0x41,0x14,0x6a,0x21,
    0x07,0x0c,0x01,0x0b,0x20,0x04,0x28,0x02,0x10,0x22,0x01,0x45,0x0d,0x01,0x20,0x04,
    0x41,0x10,0x6a,0x21,0x07,0x0b,0x03,0x40,0x20,0x07,0x21,0x09,0x20,0x01,0x22,0x02,
    0x41,0x14,0x6a,0x21,0x07,0x20,0x02,0x28,0x02,0x14,0x22,0x01,0x0d,0x00,0x20,0x02,
    0x41,0x10,0x6a,0x21,0x07,0x20,0x02,0x28,0x02,0x10,0x22,0x01,0x0d,0x00,0x0b,0x20,
    0x09,0x41,0x00,0x36,0x02,0x00,0x0c,0x01,0x0b,0x41,0x00,0x21,0x02,0x0b,0x20,0x08,
    0x45,0x0d,0x00,0x02,0x40,0x02,0x40,0x20,0x04,0x20,0x04,0x28,0x02,0x1c,0x22,0x07,
    0x41,0x02,0x74,0x22,0x01,0x28,0x02,0xb0,0xbd,0x84,0x80,0x00,0x47,0x0d,0x00,0x20,
    0x01,0x41,0xb0,0xbd,0x84,0x80,0x00,0x6a,0x20,0x02,0x36,0x02,0x00,0x20,0x02,0x0d,
    0x01,0x41,0x00,0x41,0x00,0x28,0x02,0x84,0xbb,0x84,0x80,0x00,0x41,0x7e,0x20,0x07,
    0x77,0x71,0x36,0x02,0x84,0xbb,0x84,0x80,0x00,0x0c,0x02,0x0b,0x02,0x40,0x02,0x40,
    0x20,0x08,0x28,0x02,0x10,0x20,0x04,0x47,0x0d,0x00,0x20,0x08,0x20,0x02,0x36,0x02,
    0x10,0x0c,0x01,0x0b,0x20,0x08,0x20,0x02,0x36,0x02,0x14,0x0b,0x20,0x02,0x45,0x0d,
    0x01,0x0b,0x20,0x02,0x20,0x08,0x36,0x02,0x18,0x02,0x40,0x20,0x04,0x28,0x02,0x10,
    0x22,0x01,0x45,0x0d,0x00,0x20,0x02,0x20,0x01,0x36,0x02,0x10,0x20,0x01,0x20,0x02,
    0x36,0x02,0x18,0x0b,0x20,0x04,0x28,0x02,0x14,0x22,0x01,0x45,0x0d,0x00,0x20,0x02,
    0x20,0x01,0x36,0x02,0x14,0x20,0x01,0x20,0x02,0x36,0x02,0x18,0x0b,0x20,0x06,0x20,
    0x00,0x6a,0x21,0x00,0x20,0x04,0x20,0x06,0x6a,0x22,0x04,0x28,0x02,0x04,0x21,0x01,
    0x0b,0x20,0x04,0x20,0x01,0x41,0x7e,0x71,0x36,0x02,0x04,0x20,0x05,0x20,0x00,0x6a,
    0x20,0x00,0x36,0x02,0x00,0x20,0x05,0x20,0x00,0x41,0x01,0x72,0x36,0x02,0x04,0x02,
    0x40,0x20,0x00,0x41,0xff,0x01,0x4b,0x0d,0x00,0x20,0x00,0x41,0xf8,0x01,0x71,0x41,
    0xa8,0xbb,0x84,0x80,0x00,0x6a,0x21,0x02,0x02,0x40,0x02,0x40,0x41,0x00,0x28,0x02,
    0x80,0xbb,0x84,0x80,0x00,0x22,0x01,0x41,0x01,0x20,0x00,0x41,0x03,0x76,0x74,0x22,
    0x00,0x71,0x0d,0x00,0x41,0x00,0x20,0x01,0x20,0x00,0x72,0x36,0x02,0x80,0xbb,0x84,
    0x80,0x00,0x20,0x02,0x21,0x00,0x0c,0x01,0x0b,0x20,0x02,0x28,0x02,0x08,0x21,0x00,
    0x0b,0x20,0x00,0x20,0x05,0x36,0x02,0x0c,0x20,0x02,0x20,0x05,0x36,0x02,0x08,0x20,
    0x05,0x20,0x02,0x36,0x02,0x0c,0x20,0x05,0x20,0x00,0x36,0x02,0x08,0x0c,0x01,0x0b,
    0x41,0x1f,0x21,0x02,0x02,0x40,0x20,0x00,0x41,0xff,0xff,0xff,0x07,0x4b,0x0d,0x00,
    0x20,0x00,0x41,0x26,0x20,0x00,0x41,0x08,0x76,0x67,0x22,0x02,0x6b,0x76,0x41,0x01,
    0x71,0x20,0x02,0x41,0x01,0x74,0x72,0x41,0x3e,0x73,0x21,0x02,0x0b,0x20,0x05,0x20,
    0x02,0x36,0x02,0x1c,0x20,0x05,0x42,0x00,0x37,0x02,0x10,0x20,0x02,0x41,0x02,0x74,
    0x41,0xb0,0xbd,0x84,0x80,0x00,0x6a,0x21,0x01,0x02,0x40,0x41,0x00,0x28,0x02,0x84,
    0xbb,0x84,0x80,0x00,0x22,0x07,0x41,0x01,0x20,0x02,0x74,0x22,0x04,0x71,0x0d,0x00,
    0x20,0x01,0x20,0x05,0x36,0x02,0x00,0x41,0x00,0x20,0x07,0x20,0x04,0x72,0x36,0x02,
    0x84,0xbb,0x84,0x80,0x00,0x20,0x05,0x20,0x01,0x36,0x02,0x18,0x20,0x05,0x20,0x05,
    0x36,0x02,0x08,0x20,0x05,0x20,0x05,0x36,0x02,0x0c,0x0c,0x01,0x0b,0x20,0x00,0x41,
    0x00,0x41,0x19,0x20,0x02,0x41,0x01,0x76,0x6b,0x20,0x02,0x41,0x1f,0x46,0x1b,0x74,
    0x21,0x02,0x20,0x01,0x28,0x02,0x00,0x21,0x07,0x02,0x40,0x03,0x40,0x20,0x07,0x22,
    0x01,0x28,0x02,0x04,0x41,0x78,0x71,0x20,0x00,0x46,0x0d,0x01,0x20,0x02,0x41,0x1d,
    0x76,0x21,0x07,0x20,0x02,0x41,0x01,0x74,0x21,0x02,0x20,0x01,0x20,0x07,0x41,0x04,
    0x71,0x6a,0x22,0x04,0x28,0x02,0x10,0x22,0x07,0x0d,0x00,0x0b,0x20,0x04,0x41,0x10,
    0x6a,0x20,0x05,0x36,0x02,0x00,0x20,0x05,0x20,0x01,0x36,0x02,0x18,0x20,0x05,0x20,
    0x05,0x36,0x02,0x0c,0x20,0x05,0x20,0x05,0x36,0x02,0x08,0x0c,0x01,0x0b,0x20,0x01,
    0x28,0x02,0x08,0x22,0x02,0x20,0x05,0x36,0x02,0x0c,0x20,0x01,0x20,0x05,0x36,0x02,
    0x08,0x20,0x05,0x41,0x00,0x36,0x02,0x18,0x20,0x05,0x20,0x01,0x36,0x02,0x0c,0x20,
    0x05,0x20,0x02,0x36,0x02,0x08,0x0b,0x20,0x03,0x41,0x08,0x6a,0x0b,0x6c,0x02,0x01,
    0x7f,0x01,0x7e,0x02,0x40,0x02,0x40,0x20,0x00,0x0d,0x00,0x41,0x00,0x21,0x02,0x0c,
    0x01,0x0b,0x20,0x00,0xad,0x20,0x01,0xad,0x7e,0x22,0x03,0xa7,0x21,0x02,0x20,0x01,
    0x20,0x00,0x72,0x41,0x80,0x80,0x04,0x49,0x0d,0x00,0x41,0x7f,0x20,0x02,0x20,0x03,
    0x42,0x20,0x88,0xa7,0x41,0x00,0x47,0x1b,0x21,0x02,0x0b,0x02,0x40,0x20,0x02,0x10,
    0x93,0x82,0x80,0x80,0x00,0x22,0x00,0x45,0x0d,0x00,0x20,0x00,0x41,0x7c,0x6a,0x2d,
    0x00,0x00,0x41,0x03,0x71,0x45,0x0d,0x00,0x20,0x02,0x45,0x0d,0x00,0x20,0x00,0x41,
    0x00,0x20,0x02,0xfc,0x0b,0x00,0x0b,0x20,0x00,0x0b,0x52,0x01,0x02,0x7f,0x23,0x80,
    0x80,0x80,0x80,0x00,0x41,0x10,0x6b,0x22,0x00,0x24,0x80,0x80,0x80,0x80,0x00,0x20,
    0x00,0x41,0x0c,0x6a,0x41,0x04,0x10,0x86,0x80,0x80,0x80,0x00,0x21,0x01,0x41,0x00,
    0x41,0xf4,0xbe,0x84,0x80,0x00,0x41,0xed,0x9c,0x99,0x8e,0x04,0x6c,0x20,0x00,0x28,
    0x02,0x0c,0x20,0x01,0x41,0xff,0xff,0x03,0x71,0x1b,0x36,0x02,0xf4,0xbe,0x84,0x80,
    0x00,0x20,0x00,0x41,0x10,0x6a,0x24,0x80,0x80,0x80,0x80,0x00,0x0b,0x0b,0xa0,0x37,
    0x02,0x00,0x41,0x80,0x80,0x04,0x0b,0xa0,0x36,0x00,0x00,0x00,0x00,0x00,0x00,0x00,
    0x00,0x0a,0x00,0x00,0x00,0x0b,0x00,0x00,0x00,0x0c,0x00,0x00,0x00,0x0d,0x00,0x00,
    0x00,0x0e,0x00,0x00,0x00,0x0f,0x00,0x00,0x00,0x10,0x00,0x00,0x00,0x7d,0x00,0x7b,
    0x00,0x6c,0x6f,0x77,0x42,0x61,0x74,0x74,0x65,0x72,0x79,0x00,0x63,0x6f,0x72,0x65,
    0x5f,0x72,0x65,0x61,0x64,0x79,0x00,0x72,0x65,0x6c,0x61,0x79,0x00,0x5c,0x75,0x25,
    0x30,0x34,0x78,0x00,0x2d,0x2b,0x20,0x20,0x20,0x30,0x58,0x30,0x78,0x00,0x2d,0x30,
    0x58,0x2b,0x30,0x58,0x20,0x30,0x58,0x2d,0x30,0x78,0x2b,0x30,0x78,0x20,0x30,0x78,
    0x00,0x65,0x6d,0x69,0x74,0x5f,0x72,0x65,0x6d,0x6f,0x74,0x65,0x5f,0x62,0x61,0x74,
    0x74,0x65,0x72,0x79,0x5f,0x6c,0x6f,0x77,0x00,0x73,0x65,0x6e,0x64,0x72,0x65,0x63,
    0x76,0x00,0x75,0x6e,0x65,0x78,0x70,0x65,0x63,0x74,0x65,0x64,0x20,0x65,0x6e,0x64,
    0x20,0x6f,0x66,0x20,0x69,0x6e,0x70,0x75,0x74,0x00,0x68,0x6f,0x73,0x74,0x00,0x73,
    0x63,0x72,0x65,0x65,0x6e,0x63,0x61,0x73,0x74,0x00,0x70,0x6f,0x72,0x74,0x00,0x49,
    0x43,0x45,0x20,0x66,0x61,0x69,0x6c,0x65,0x64,0x3b,0x20,0x72,0x65,0x71,0x75,0x65,
    0x73,0x74,0x69,0x6e,0x67,0x20,0x72,0x65,0x73,0x74,0x61,0x72,0x74,0x00,0x61,0x74,
    0x20,0x6c,0x65,0x61,0x73,0x74,0x20,0x6f,0x6e,0x65,0x20,0x64,0x69,0x67,0x69,0x74,
    0x20,0x72,0x65,0x71,0x75,0x69,0x72,0x65,0x64,0x20,0x69,0x6e,0x20,0x66,0x72,0x61,
    0x63,0x74,0x69,0x6f,0x6e,0x61,0x6c,0x20,0x70,0x61,0x72,0x74,0x00,0x61,0x74,0x20,
    0x6c,0x65,0x61,0x73,0x74,0x20,0x6f,0x6e,0x65,0x20,0x64,0x69,0x67,0x69,0x74,0x20,
    0x72,0x65,0x71,0x75,0x69,0x72,0x65,0x64,0x20,0x69,0x6e,0x20,0x65,0x78,0x70,0x6f,
    0x6e,0x65,0x6e,0x74,0x00,0x75,0x6e,0x65,0x78,0x70,0x65,0x63,0x74,0x65,0x64,0x20,
    0x65,0x6e,0x64,0x20,0x6f,0x66,0x20,0x69,0x6e,0x70,0x75,0x74,0x20,0x61,0x66,0x74,
    0x65,0x72,0x20,0x73,0x74,0x61,0x72,0x74,0x20,0x6f,0x66,0x20,0x63,0x6f,0x6d,0x6d,
    0x65,0x6e,0x74,0x00,0x75,0x6e,0x65,0x78,0x70,0x65,0x63,0x74,0x65,0x64,0x20,0x65,
    0x6e,0x64,0x20,0x6f,0x66,0x20,0x69,0x6e,0x70,0x75,0x74,0x20,0x69,0x6e,0x73,0x69,
    0x64,0x65,0x20,0x6d,0x75,0x6c,0x74,0x69,0x2d,0x6c,0x69,0x6e,0x65,0x20,0x63,0x6f,
    0x6d,0x6d,0x65,0x6e,0x74,0x00,0x6d,0x61,0x6c,0x66,0x6f,0x72,0x6d,0x65,0x64,0x20,
    0x63,0x6f,0x6d,0x6d,0x65,0x6e,0x74,0x00,0x73,0x69,0x67,0x6e,0x61,0x6c,0x69,0x6e,
    0x67,0x5f,0x70,0x61,0x63,0x6b,0x65,0x74,0x00,0x73,0x69,0x67,0x6e,0x61,0x6c,0x69,
    0x6e,0x67,0x5f,0x73,0x65,0x6e,0x64,0x5f,0x70,0x61,0x63,0x6b,0x65,0x74,0x00,0x65,
    0x78,0x70,0x65,0x63,0x74,0x00,0x53,0x69,0x67,0x6e,0x61,0x6c,0x69,0x6e,0x67,0x3a,
    0x20,0x6d,0x65,0x73,0x73,0x61,0x67,0x65,0x20,0x6d,0x75,0x73,0x74,0x20,0x62,0x65,
    0x20,0x61,0x6e,0x20,0x6f,0x62,0x6a,0x65,0x63,0x74,0x00,0x5c,0x74,0x00,0x70,0x63,
    0x5f,0x67,0x65,0x74,0x5f,0x73,0x74,0x61,0x74,0x73,0x00,0x69,0x63,0x65,0x53,0x65,
    0x72,0x76,0x65,0x72,0x73,0x00,0x72,0x74,0x63,0x53,0x65,0x72,0x76,0x65,0x72,0x73,
    0x00,0x6c,0x65,0x61,0x64,0x69,0x6e,0x67,0x20,0x30,0x73,0x20,0x6e,0x6f,0x74,0x20,
    0x70,0x65,0x72,0x6d,0x69,0x74,0x74,0x65,0x64,0x20,0x69,0x6e,0x20,0x6e,0x75,0x6d,
    0x62,0x65,0x72,0x73,0x00,0x65,0x6d,0x69,0x74,0x5f,0x73,0x69,0x67,0x6e,0x61,0x6c,
    0x5f,0x62,0x61,0x72,0x73,0x00,0x73,0x65,0x6e,0x64,0x42,0x69,0x74,0x72,0x61,0x74,
    0x65,0x4b,0x62,0x70,0x73,0x00,0x6d,0x61,0x78,0x42,0x69,0x74,0x72,0x61,0x74,0x65,
    0x42,0x70,0x73,0x00,0x75,0x72,0x6c,0x73,0x00,0x73,0x65,0x6e,0x64,0x45,0x6e,0x63,
    0x6f,0x64,0x69,0x6e,0x67,0x73,0x00,0x63,0x6f,0x64,0x65,0x63,0x50,0x72,0x65,0x66,
    0x65,0x72,0x65,0x6e,0x63,0x65,0x73,0x00,0x64,0x65,0x6c,0x61,0x79,0x4d,0x73,0x00,
    0x6e,0x6f,0x77,0x4d,0x73,0x00,0x76,0x65,0x63,0x74,0x6f,0x72,0x00,0x65,0x72,0x72,
    0x6f,0x72,0x00,0x68,0x61,0x76,0x65,0x2d,0x72,0x65,0x6d,0x6f,0x74,0x65,0x2d,0x70,
    0x72,0x61,0x6e,0x73,0x77,0x65,0x72,0x00,0x70,0x63,0x5f,0x63,0x72,0x65,0x61,0x74,
    0x65,0x5f,0x61,0x6e,0x73,0x77,0x65,0x72,0x00,0x70,0x63,0x5f,0x61,0x64,0x64,0x5f,
    0x74,0x72,0x61,0x6e,0x73,0x63,0x65,0x69,0x76,0x65,0x72,0x00,0x73,0x65,0x74,0x5f,
    0x74,0x69,0x6d,0x65,0x72,0x00,0x70,0x63,0x5f,0x63,0x72,0x65,0x61,0x74,0x65,0x5f,
    0x6f,0x66,0x66,0x65,0x72,0x00,0x68,0x61,0x76,0x65,0x2d,0x72,0x65,0x6d,0x6f,0x74,
    0x65,0x2d,0x6f,0x66,0x66,0x65,0x72,0x00,0x20,0x69,0x6e,0x20,0x6e,0x75,0x6d,0x62,
    0x65,0x72,0x00,0x5c,0x72,0x00,0x73,0x75,0x62,0x6d,0x6f,0x64,0x75,0x6c,0x65,0x73,
    0x2f,0x54,0x67,0x56,0x6f,0x69,0x70,0x57,0x65,0x62,0x72,0x74,0x63,0x2f,0x74,0x67,
    0x63,0x61,0x6c,0x6c,0x73,0x2f,0x74,0x67,0x63,0x61,0x6c,0x6c,0x73,0x2f,0x74,0x68,
    0x69,0x72,0x64,0x2d,0x70,0x61,0x72,0x74,0x79,0x2f,0x6a,0x73,0x6f,0x6e,0x31,0x31,
    0x2e,0x63,0x70,0x70,0x00,0x73,0x74,0x6f,0x70,0x00,0x49,0x67,0x6e,0x6f,0x72,0x69,
    0x6e,0x67,0x20,0x72,0x65,0x6d,0x6f,0x74,0x65,0x20,0x73,0x64,0x70,0x00,0x69,0x73,
    0x54,0x63,0x70,0x00,0x61,0x75,0x64,0x69,0x6f,0x00,0x76,0x69,0x64,0x65,0x6f,0x00,
    0x69,0x73,0x54,0x75,0x72,0x6e,0x00,0x6a,0x73,0x6f,0x6e,0x00,0x70,0x63,0x5f,0x73,
    0x65,0x74,0x5f,0x6c,0x6f,0x63,0x61,0x6c,0x5f,0x64,0x65,0x73,0x63,0x72,0x69,0x70,
    0x74,0x69,0x6f,0x6e,0x00,0x70,0x63,0x5f,0x73,0x65,0x74,0x5f,0x72,0x65,0x6d,0x6f,
    0x74,0x65,0x5f,0x64,0x65,0x73,0x63,0x72,0x69,0x70,0x74,0x69,0x6f,0x6e,0x00,0x6f,
    0x6e,0x52,0x65,0x6e,0x65,0x67,0x6f,0x74,0x69,0x61,0x74,0x69,0x6f,0x6e,0x4e,0x65,
    0x65,0x64,0x65,0x64,0x3a,0x20,0x6e,0x6f,0x74,0x20,0x73,0x65,0x6e,0x64,0x69,0x6e,
    0x67,0x20,0x6c,0x6f,0x63,0x61,0x6c,0x20,0x64,0x65,0x73,0x63,0x72,0x69,0x70,0x74,
    0x69,0x6f,0x6e,0x00,0x64,0x69,0x72,0x65,0x63,0x74,0x69,0x6f,0x6e,0x00,0x76,0x69,
    0x64,0x65,0x6f,0x52,0x6f,0x74,0x61,0x74,0x69,0x6f,0x6e,0x00,0x67,0x65,0x6e,0x65,
    0x72,0x61,0x74,0x69,0x6f,0x6e,0x00,0x61,0x62,0x69,0x56,0x65,0x72,0x73,0x69,0x6f,
    0x6e,0x00,0x6c,0x6f,0x67,0x69,0x6e,0x00,0x6f,0x70,0x65,0x6e,0x00,0x74,0x6f,0x6b,
    0x65,0x6e,0x00,0x6e,0x61,0x6e,0x00,0x5c,0x6e,0x00,0x6e,0x75,0x6c,0x6c,0x00,0x61,
    0x6c,0x6c,0x00,0x64,0x63,0x5f,0x63,0x68,0x61,0x6e,0x6e,0x65,0x6c,0x00,0x70,0x63,
    0x5f,0x63,0x72,0x65,0x61,0x74,0x65,0x5f,0x64,0x61,0x74,0x61,0x5f,0x63,0x68,0x61,
    0x6e,0x6e,0x65,0x6c,0x00,0x6c,0x61,0x62,0x65,0x6c,0x00,0x6c,0x6f,0x63,0x61,0x6c,
    0x00,0x6e,0x65,0x74,0x77,0x6f,0x72,0x6b,0x00,0x6f,0x6b,0x00,0x70,0x63,0x5f,0x73,
    0x65,0x74,0x5f,0x69,0x6e,0x63,0x6f,0x6d,0x69,0x6e,0x67,0x5f,0x73,0x69,0x6e,0x6b,
    0x00,0x70,0x63,0x5f,0x72,0x65,0x6d,0x6f,0x76,0x65,0x5f,0x74,0x72,0x61,0x63,0x6b,
    0x00,0x70,0x63,0x5f,0x74,0x72,0x61,0x63,0x6b,0x00,0x65,0x78,0x63,0x65,0x65,0x64,
    0x65,0x64,0x20,0x6d,0x61,0x78,0x69,0x6d,0x75,0x6d,0x20,0x6e,0x65,0x73,0x74,0x69,
    0x6e,0x67,0x20,0x64,0x65,0x70,0x74,0x68,0x00,0x73,0x74,0x61,0x74,0x73,0x5f,0x6c,
    0x6f,0x67,0x00,0x72,0x65,0x63,0x6f,0x6e,0x6e,0x65,0x63,0x74,0x69,0x6e,0x67,0x00,
    0x53,0x69,0x67,0x6e,0x61,0x6c,0x69,0x6e,0x67,0x3a,0x20,0x73,0x64,0x70,0x20,0x69,
    0x73,0x20,0x6d,0x69,0x73,0x73,0x69,0x6e,0x67,0x00,0x53,0x69,0x67,0x6e,0x61,0x6c,
    0x69,0x6e,0x67,0x3a,0x20,0x40,0x74,0x79,0x70,0x65,0x20,0x69,0x73,0x20,0x6d,0x69,
    0x73,0x73,0x69,0x6e,0x67,0x00,0x62,0x61,0x73,0x69,0x63,0x5f,0x73,0x74,0x72,0x69,
    0x6e,0x67,0x00,0x75,0x6e,0x65,0x78,0x70,0x65,0x63,0x74,0x65,0x64,0x20,0x65,0x6e,
    0x64,0x20,0x6f,0x66,0x20,0x69,0x6e,0x70,0x75,0x74,0x20,0x69,0x6e,0x20,0x73,0x74,
    0x72,0x69,0x6e,0x67,0x00,0x6f,0x6e,0x52,0x65,0x6e,0x65,0x67,0x6f,0x74,0x69,0x61,
    0x74,0x69,0x6f,0x6e,0x4e,0x65,0x65,0x64,0x65,0x64,0x3a,0x20,0x6f,0x66,0x66,0x65,
    0x72,0x20,0x61,0x6c,0x72,0x65,0x61,0x64,0x79,0x20,0x69,0x6e,0x20,0x66,0x6c,0x69,
    0x67,0x68,0x74,0x2c,0x20,0x73,0x6b,0x69,0x70,0x70,0x69,0x6e,0x67,0x00,0x69,0x73,
    0x4f,0x75,0x74,0x67,0x6f,0x69,0x6e,0x67,0x00,0x25,0x2e,0x31,0x37,0x67,0x00,0x69,
    0x6e,0x66,0x00,0x5c,0x66,0x00,0x69,0x6e,0x61,0x63,0x74,0x69,0x76,0x65,0x00,0x74,
    0x72,0x75,0x65,0x00,0x6d,0x75,0x74,0x65,0x00,0x72,0x65,0x6d,0x6f,0x74,0x65,0x00,
    0x65,0x6d,0x69,0x74,0x5f,0x73,0x74,0x61,0x74,0x65,0x00,0x70,0x63,0x5f,0x73,0x69,
    0x67,0x6e,0x61,0x6c,0x69,0x6e,0x67,0x5f,0x73,0x74,0x61,0x74,0x65,0x00,0x70,0x63,
    0x5f,0x69,0x63,0x65,0x5f,0x73,0x74,0x61,0x74,0x65,0x00,0x64,0x63,0x5f,0x73,0x74,
    0x61,0x74,0x65,0x00,0x65,0x6d,0x69,0x74,0x5f,0x72,0x65,0x6d,0x6f,0x74,0x65,0x5f,
    0x6d,0x65,0x64,0x69,0x61,0x5f,0x73,0x74,0x61,0x74,0x65,0x00,0x73,0x63,0x72,0x65,
    0x65,0x6e,0x63,0x61,0x73,0x74,0x53,0x74,0x61,0x74,0x65,0x00,0x76,0x69,0x64,0x65,
    0x6f,0x53,0x74,0x61,0x74,0x65,0x00,0x4d,0x65,0x64,0x69,0x61,0x53,0x74,0x61,0x74,
    0x65,0x00,0x62,0x69,0x74,0x72,0x61,0x74,0x65,0x00,0x70,0x63,0x5f,0x63,0x72,0x65,
    0x61,0x74,0x65,0x00,0x70,0x63,0x5f,0x61,0x64,0x64,0x5f,0x69,0x63,0x65,0x5f,0x63,
    0x61,0x6e,0x64,0x69,0x64,0x61,0x74,0x65,0x00,0x70,0x63,0x5f,0x69,0x63,0x65,0x5f,
    0x63,0x61,0x6e,0x64,0x69,0x64,0x61,0x74,0x65,0x00,0x63,0x6c,0x6f,0x73,0x65,0x00,
    0x66,0x61,0x6c,0x73,0x65,0x00,0x76,0x69,0x64,0x65,0x6f,0x5f,0x63,0x61,0x70,0x74,
    0x75,0x72,0x65,0x00,0x40,0x74,0x79,0x70,0x65,0x00,0x69,0x63,0x65,0x54,0x72,0x61,
    0x6e,0x73,0x70,0x6f,0x72,0x74,0x73,0x54,0x79,0x70,0x65,0x00,0x73,0x64,0x70,0x54,
    0x79,0x70,0x65,0x00,0x6d,0x69,0x63,0x72,0x6f,0x70,0x68,0x6f,0x6e,0x65,0x00,0x70,
    0x63,0x5f,0x73,0x65,0x74,0x5f,0x6c,0x6f,0x63,0x61,0x6c,0x5f,0x64,0x6f,0x6e,0x65,
    0x00,0x70,0x63,0x5f,0x73,0x65,0x74,0x5f,0x72,0x65,0x6d,0x6f,0x74,0x65,0x5f,0x64,
    0x6f,0x6e,0x65,0x00,0x6d,0x6c,0x69,0x6e,0x65,0x00,0x75,0x73,0x65,0x72,0x6e,0x61,
    0x6d,0x65,0x00,0x73,0x74,0x61,0x62,0x6c,0x65,0x00,0x64,0x63,0x5f,0x6d,0x65,0x73,
    0x73,0x61,0x67,0x65,0x00,0x45,0x52,0x52,0x4f,0x52,0x21,0x20,0x43,0x6f,0x75,0x6c,
    0x64,0x20,0x6e,0x6f,0x74,0x20,0x67,0x7a,0x69,0x70,0x20,0x73,0x69,0x67,0x6e,0x61,
    0x6c,0x69,0x6e,0x67,0x20,0x6d,0x65,0x73,0x73,0x61,0x67,0x65,0x00,0x62,0x61,0x64,
    0x5f,0x61,0x72,0x72,0x61,0x79,0x5f,0x6e,0x65,0x77,0x5f,0x6c,0x65,0x6e,0x67,0x74,
    0x68,0x20,0x77,0x61,0x73,0x20,0x74,0x68,0x72,0x6f,0x77,0x6e,0x20,0x69,0x6e,0x20,
    0x2d,0x66,0x6e,0x6f,0x2d,0x65,0x78,0x63,0x65,0x70,0x74,0x69,0x6f,0x6e,0x73,0x20,
    0x6d,0x6f,0x64,0x65,0x00,0x62,0x61,0x64,0x5f,0x61,0x6c,0x6c,0x6f,0x63,0x20,0x77,
    0x61,0x73,0x20,0x74,0x68,0x72,0x6f,0x77,0x6e,0x20,0x69,0x6e,0x20,0x2d,0x66,0x6e,
    0x6f,0x2d,0x65,0x78,0x63,0x65,0x70,0x74,0x69,0x6f,0x6e,0x73,0x20,0x6d,0x6f,0x64,
    0x65,0x00,0x74,0x72,0x61,0x63,0x6b,0x53,0x6f,0x75,0x72,0x63,0x65,0x00,0x70,0x63,
    0x5f,0x72,0x65,0x73,0x74,0x61,0x72,0x74,0x5f,0x69,0x63,0x65,0x00,0x70,0x61,0x73,
    0x73,0x77,0x6f,0x72,0x64,0x00,0x6b,0x69,0x6e,0x64,0x00,0x64,0x63,0x5f,0x73,0x65,
    0x6e,0x64,0x00,0x63,0x6f,0x6d,0x6d,0x61,0x6e,0x64,0x00,0x6d,0x69,0x64,0x00,0x6d,
    0x75,0x74,0x65,0x64,0x00,0x63,0x6f,0x6d,0x70,0x6c,0x65,0x74,0x65,0x64,0x00,0x63,
    0x6f,0x6e,0x6e,0x65,0x63,0x74,0x65,0x64,0x00,0x70,0x63,0x5f,0x64,0x65,0x73,0x63,
    0x72,0x69,0x70,0x74,0x69,0x6f,0x6e,0x5f,0x63,0x72,0x65,0x61,0x74,0x65,0x64,0x00,
    0x70,0x61,0x75,0x73,0x65,0x64,0x00,0x64,0x63,0x5f,0x62,0x75,0x66,0x66,0x65,0x72,
    0x65,0x64,0x00,0x53,0x65,0x74,0x4c,0x6f,0x63,0x61,0x6c,0x44,0x65,0x73,0x63,0x72,
    0x69,0x70,0x74,0x69,0x6f,0x6e,0x20,0x66,0x61,0x69,0x6c,0x65,0x64,0x00,0x53,0x65,
    0x74,0x52,0x65,0x6d,0x6f,0x74,0x65,0x44,0x65,0x73,0x63,0x72,0x69,0x70,0x74,0x69,
    0x6f,0x6e,0x20,0x66,0x61,0x69,0x6c,0x65,0x64,0x00,0x70,0x63,0x5f,0x73,0x65,0x74,
    0x5f,0x74,0x72,0x61,0x63,0x6b,0x5f,0x65,0x6e,0x61,0x62,0x6c,0x65,0x64,0x00,0x65,
    0x73,0x74,0x61,0x62,0x6c,0x69,0x73,0x68,0x65,0x64,0x00,0x70,0x63,0x5f,0x63,0x61,
    0x6e,0x64,0x69,0x64,0x61,0x74,0x65,0x5f,0x70,0x61,0x69,0x72,0x5f,0x63,0x68,0x61,
    0x6e,0x67,0x65,0x64,0x00,0x73,0x75,0x73,0x70,0x65,0x6e,0x64,0x65,0x64,0x00,0x70,
    0x63,0x5f,0x72,0x65,0x6e,0x65,0x67,0x6f,0x74,0x69,0x61,0x74,0x69,0x6f,0x6e,0x5f,
    0x6e,0x65,0x65,0x64,0x65,0x64,0x00,0x25,0x64,0x00,0x63,0x00,0x5c,0x62,0x00,0x45,
    0x52,0x52,0x4f,0x52,0x21,0x20,0x43,0x6f,0x75,0x6c,0x64,0x20,0x6e,0x6f,0x74,0x20,
    0x64,0x65,0x63,0x6f,0x6d,0x70,0x72,0x65,0x73,0x73,0x20,0x73,0x69,0x67,0x6e,0x61,
    0x6c,0x69,0x6e,0x67,0x20,0x64,0x61,0x74,0x61,0x00,0x63,0x61,0x6d,0x65,0x72,0x61,
    0x00,0x5d,0x00,0x5c,0x5c,0x00,0x5b,0x00,0x65,0x6e,0x61,0x62,0x6c,0x65,0x50,0x32,
    0x50,0x00,0x4e,0x41,0x4e,0x00,0x49,0x4e,0x46,0x00,0x73,0x74,0x75,0x6e,0x3a,0x00,
    0x74,0x75,0x72,0x6e,0x3a,0x00,0x5c,0x75,0x32,0x30,0x32,0x39,0x00,0x5c,0x75,0x32,
    0x30,0x32,0x38,0x00,0x48,0x32,0x36,0x35,0x00,0x70,0x61,0x63,0x6b,0x65,0x74,0x42,
    0x36,0x34,0x00,0x48,0x32,0x36,0x34,0x00,0x61,0x75,0x64,0x69,0x6f,0x30,0x00,0x76,
    0x69,0x64,0x65,0x6f,0x30,0x00,0x69,0x20,0x21,0x3d,0x20,0x30,0x00,0x2e,0x00,0x28,
    0x6e,0x75,0x6c,0x6c,0x29,0x00,0x27,0x25,0x63,0x27,0x20,0x28,0x25,0x64,0x29,0x00,
    0x6c,0x65,0x6e,0x67,0x74,0x68,0x5f,0x65,0x72,0x72,0x6f,0x72,0x20,0x77,0x61,0x73,
    0x20,0x74,0x68,0x72,0x6f,0x77,0x6e,0x20,0x69,0x6e,0x20,0x2d,0x66,0x6e,0x6f,0x2d,
    0x65,0x78,0x63,0x65,0x70,0x74,0x69,0x6f,0x6e,0x73,0x20,0x6d,0x6f,0x64,0x65,0x20,
    0x77,0x69,0x74,0x68,0x20,0x6d,0x65,0x73,0x73,0x61,0x67,0x65,0x20,0x22,0x25,0x73,
    0x22,0x00,0x6f,0x75,0x74,0x5f,0x6f,0x66,0x5f,0x72,0x61,0x6e,0x67,0x65,0x20,0x77,
    0x61,0x73,0x20,0x74,0x68,0x72,0x6f,0x77,0x6e,0x20,0x69,0x6e,0x20,0x2d,0x66,0x6e,
    0x6f,0x2d,0x65,0x78,0x63,0x65,0x70,0x74,0x69,0x6f,0x6e,0x73,0x20,0x6d,0x6f,0x64,
    0x65,0x20,0x77,0x69,0x74,0x68,0x20,0x6d,0x65,0x73,0x73,0x61,0x67,0x65,0x20,0x22,
    0x25,0x73,0x22,0x00,0x5c,0x22,0x00,0x65,0x78,0x70,0x65,0x63,0x74,0x65,0x64,0x20,
    0x27,0x2c,0x27,0x20,0x69,0x6e,0x20,0x6c,0x69,0x73,0x74,0x2c,0x20,0x67,0x6f,0x74,
    0x20,0x00,0x65,0x78,0x70,0x65,0x63,0x74,0x65,0x64,0x20,0x27,0x3a,0x27,0x20,0x69,
    0x6e,0x20,0x6f,0x62,0x6a,0x65,0x63,0x74,0x2c,0x20,0x67,0x6f,0x74,0x20,0x00,0x65,
    0x78,0x70,0x65,0x63,0x74,0x65,0x64,0x20,0x27,0x2c,0x27,0x20,0x69,0x6e,0x20,0x6f,
    0x62,0x6a,0x65,0x63,0x74,0x2c,0x20,0x67,0x6f,0x74,0x20,0x00,0x65,0x78,0x70,0x65,
    0x63,0x74,0x65,0x64,0x20,0x27,0x22,0x27,0x20,0x69,0x6e,0x20,0x6f,0x62,0x6a,0x65,
    0x63,0x74,0x2c,0x20,0x67,0x6f,0x74,0x20,0x00,0x65,0x78,0x70,0x65,0x63,0x74,0x65,
    0x64,0x20,0x76,0x61,0x6c,0x75,0x65,0x2c,0x20,0x67,0x6f,0x74,0x20,0x00,0x69,0x6e,
    0x76,0x61,0x6c,0x69,0x64,0x20,0x65,0x73,0x63,0x61,0x70,0x65,0x20,0x63,0x68,0x61,
    0x72,0x61,0x63,0x74,0x65,0x72,0x20,0x00,0x75,0x6e,0x65,0x78,0x70,0x65,0x63,0x74,
    0x65,0x64,0x20,0x74,0x72,0x61,0x69,0x6c,0x69,0x6e,0x67,0x20,0x00,0x69,0x6e,0x76,
    0x61,0x6c,0x69,0x64,0x20,0x00,0x70,0x61,0x72,0x73,0x65,0x20,0x65,0x72,0x72,0x6f,
    0x72,0x3a,0x20,0x65,0x78,0x70,0x65,0x63,0x74,0x65,0x64,0x20,0x00,0x75,0x6e,0x65,
    0x73,0x63,0x61,0x70,0x65,0x64,0x20,0x00,0x73,0x69,0x67,0x6e,0x61,0x6c,0x69,0x6e,
    0x67,0x20,0x6f,0x75,0x74,0x3a,0x20,0x00,0x68,0x6f,0x73,0x74,0x20,0x65,0x72,0x72,
    0x6f,0x72,0x3a,0x20,0x00,0x73,0x69,0x67,0x6e,0x61,0x6c,0x69,0x6e,0x67,0x20,0x69,
    0x6e,0x3a,0x20,0x00,0x6c,0x69,0x62,0x63,0x2b,0x2b,0x61,0x62,0x69,0x3a,0x20,0x00,
    0x62,0x61,0x64,0x20,0x5c,0x75,0x20,0x65,0x73,0x63,0x61,0x70,0x65,0x3a,0x20,0x00,
    0x20,0x28,0x63,0x6f,0x6d,0x6d,0x61,0x6e,0x64,0x3a,0x20,0x00,0x43,0x72,0x65,0x61,
    0x74,0x65,0x4f,0x66,0x66,0x65,0x72,0x2f,0x43,0x72,0x65,0x61,0x74,0x65,0x41,0x6e,
    0x73,0x77,0x65,0x72,0x20,0x66,0x61,0x69,0x6c,0x65,0x64,0x3a,0x20,0x00,0x2c,0x20,
    0x00,0x53,0x75,0x70,0x70,0x6f,0x72,0x74,0x20,0x66,0x6f,0x72,0x20,0x66,0x6f,0x72,
    0x6d,0x61,0x74,0x74,0x69,0x6e,0x67,0x20,0x6c,0x6f,0x6e,0x67,0x20,0x64,0x6f,0x75,
    0x62,0x6c,0x65,0x20,0x76,0x61,0x6c,0x75,0x65,0x73,0x20,0x69,0x73,0x20,0x63,0x75,
    0x72,0x72,0x65,0x6e,0x74,0x6c,0x79,0x20,0x64,0x69,0x73,0x61,0x62,0x6c,0x65,0x64,
    0x2e,0x0a,0x54,0x6f,0x20,0x65,0x6e,0x61,0x62,0x6c,0x65,0x20,0x69,0x74,0x2c,0x20,
    0x61,0x64,0x64,0x20,0x2d,0x6c,0x63,0x2d,0x70,0x72,0x69,0x6e,0x74,0x73,0x63,0x61,
    0x6e,0x2d,0x6c,0x6f,0x6e,0x67,0x2d,0x64,0x6f,0x75,0x62,0x6c,0x65,0x20,0x74,0x6f,
    0x20,0x74,0x68,0x65,0x20,0x6c,0x69,0x6e,0x6b,0x20,0x63,0x6f,0x6d,0x6d,0x61,0x6e,
    0x64,0x2e,0x0a,0x00,0x41,0x73,0x73,0x65,0x72,0x74,0x69,0x6f,0x6e,0x20,0x66,0x61,
    0x69,0x6c,0x65,0x64,0x3a,0x20,0x25,0x73,0x20,0x28,0x25,0x73,0x3a,0x20,0x25,0x73,
    0x3a,0x20,0x25,0x64,0x29,0x0a,0x00,0x00,0x00,0x41,0x42,0x43,0x44,0x45,0x46,0x47,
    0x48,0x49,0x4a,0x4b,0x4c,0x4d,0x4e,0x4f,0x50,0x51,0x52,0x53,0x54,0x55,0x56,0x57,
    0x58,0x59,0x5a,0x61,0x62,0x63,0x64,0x65,0x66,0x67,0x68,0x69,0x6a,0x6b,0x6c,0x6d,
    0x6e,0x6f,0x70,0x71,0x72,0x73,0x74,0x75,0x76,0x77,0x78,0x79,0x7a,0x30,0x31,0x32,
    0x33,0x34,0x35,0x36,0x37,0x38,0x39,0x2b,0x2f,0x00,0x00,0x00,0x00,0x00,0x00,0x00,
    0x00,0x00,0x00,0x00,0x00,0x00,0x00,0x00,0x00,0x00,0x00,0x00,0x00,0x00,0x00,0x00,
    0x00,0x00,0x00,0x00,0x00,0x00,0x00,0x00,0x00,0x00,0x00,0x00,0x00,0x00,0x00,0x00,
    0x00,0x00,0x00,0x00,0x00,0x00,0x00,0x00,0x00,0x00,0x00,0x00,0x00,0x00,0x00,0x00,
    0x00,0x00,0x00,0x00,0x00,0x00,0x00,0x00,0x00,0x00,0x00,0x00,0x00,0x00,0x00,0x00,
    0x00,0x00,0x00,0x00,0x00,0x00,0x00,0x00,0x00,0x00,0x00,0x00,0x00,0x00,0x00,0x00,
    0x00,0x00,0x00,0x00,0x00,0x11,0x00,0x00,0x00,0x12,0x00,0x00,0x00,0x13,0x00,0x00,
    0x00,0x14,0x00,0x00,0x00,0x15,0x00,0x00,0x00,0x16,0x00,0x00,0x00,0x17,0x00,0x00,
    0x00,0x18,0x00,0x00,0x00,0x19,0x00,0x00,0x00,0x1a,0x00,0x00,0x00,0x1b,0x00,0x00,
    0x00,0x1c,0x00,0x00,0x00,0x1d,0x00,0x00,0x00,0x1e,0x00,0x00,0x00,0x00,0x00,0x00,
    0x00,0x00,0x00,0x00,0x00,0x1f,0x00,0x00,0x00,0x20,0x00,0x00,0x00,0x21,0x00,0x00,
    0x00,0x22,0x00,0x00,0x00,0x15,0x00,0x00,0x00,0x16,0x00,0x00,0x00,0x17,0x00,0x00,
    0x00,0x18,0x00,0x00,0x00,0x23,0x00,0x00,0x00,0x24,0x00,0x00,0x00,0x25,0x00,0x00,
    0x00,0x26,0x00,0x00,0x00,0x27,0x00,0x00,0x00,0x28,0x00,0x00,0x00,0x00,0x00,0x00,
    0x00,0x00,0x00,0x00,0x00,0x29,0x00,0x00,0x00,0x2a,0x00,0x00,0x00,0x2b,0x00,0x00,
    0x00,0x2c,0x00,0x00,0x00,0x2d,0x00,0x00,0x00,0x00,0x00,0x00,0x00,0x00,0x00,0x00,
    0x00,0x2e,0x00,0x00,0x00,0x2f,0x00,0x00,0x00,0x30,0x00,0x00,0x00,0x31,0x00,0x00,
    0x00,0x15,0x00,0x00,0x00,0x16,0x00,0x00,0x00,0x17,0x00,0x00,0x00,0x18,0x00,0x00,
    0x00,0x23,0x00,0x00,0x00,0x24,0x00,0x00,0x00,0x1b,0x00,0x00,0x00,0x1c,0x00,0x00,
    0x00,0x32,0x00,0x00,0x00,0x33,0x00,0x00,0x00,0x00,0x00,0x00,0x00,0x00,0x00,0x00,
    0x00,0x34,0x00,0x00,0x00,0x35,0x00,0x00,0x00,0x36,0x00,0x00,0x00,0x2c,0x00,0x00,
    0x00,0x37,0x00,0x00,0x00,0x00,0x00,0x00,0x00,0x00,0x00,0x00,0x00,0x38,0x00,0x00,
    0x00,0x39,0x00,0x00,0x00,0x3a,0x00,0x00,0x00,0x3b,0x00,0x00,0x00,0x15,0x00,0x00,
    0x00,0x16,0x00,0x00,0x00,0x3c,0x00,0x00,0x00,0x18,0x00,0x00,0x00,0x23,0x00,0x00,
    0x00,0x24,0x00,0x00,0x00,0x1b,0x00,0x00,0x00,0x1c,0x00,0x00,0x00,0x32,0x00,0x00,
    0x00,0x3d,0x00,0x00,0x00,0x00,0x00,0x00,0x00,0x00,0x00,0x00,0x00,0x11,0x00,0x00,
    0x00,0x12,0x00,0x00,0x00,0x13,0x00,0x00,0x00,0x14,0x00,0x00,0x00,0x15,0x00,0x00,
    0x00,0x16,0x00,0x00,0x00,0x17,0x00,0x00,0x00,0x18,0x00,0x00,0x00,0x23,0x00,0x00,
    0x00,0x24,0x00,0x00,0x00,0x1b,0x00,0x00,0x00,0x1c,0x00,0x00,0x00,0x1d,0x00,0x00,
    0x00,0x3e,0x00,0x00,0x00,0x00,0x00,0x00,0x00,0x00,0x00,0x00,0x00,0x1f,0x00,0x00,
    0x00,0x20,0x00,0x00,0x00,0x21,0x00,0x00,0x00,0x22,0x00,0x00,0x00,0x15,0x00,0x00,
    0x00,0x16,0x00,0x00,0x00,0x17,0x00,0x00,0x00,0x18,0x00,0x00,0x00,0x23,0x00,0x00,
    0x00,0x24,0x00,0x00,0x00,0x1b,0x00,0x00,0x00,0x1c,0x00,0x00,0x00,0x27,0x00,0x00,
    0x00,0x3f,0x00,0x00,0x00,0x00,0x00,0x00,0x00,0x00,0x00,0x00,0x00,0x40,0x00,0x00,
    0x00,0x41,0x00,0x00,0x00,0x42,0x00,0x00,0x00,0x2c,0x00,0x00,0x00,0x43,0x00,0x00,
    0x00,0x00,0x00,0x00,0x00,0x00,0x00,0x00,0x00,0x44,0x00,0x00,0x00,0x45,0x00,0x00,
    0x00,0x46,0x00,0x00,0x00,0x47,0x00,0x00,0x00,0x48,0x00,0x00,0x00,0x49,0x00,0x00,
    0x00,0x17,0x00,0x00,0x00,0x18,0x00,0x00,0x00,0x23,0x00,0x00,0x00,0x24,0x00,0x00,
    0x00,0x1b,0x00,0x00,0x00,0x1c,0x00,0x00,0x00,0x32,0x00,0x00,0x00,0x4a,0x00,0x00,
    0x00,0x00,0x00,0x00,0x00,0x00,0x00,0x00,0x00,0x4b,0x00,0x00,0x00,0x4c,0x00,0x00,
    0x00,0x4d,0x00,0x00,0x00,0x2c,0x00,0x00,0x00,0x4e,0x00,0x00,0x00,0x00,0x00,0x00,
    0x00,0x00,0x00,0x00,0x00,0x4f,0x00,0x00,0x00,0x50,0x00,0x00,0x00,0x51,0x00,0x00,
    0x00,0x52,0x00,0x00,0x00,0x53,0x00,0x00,0x00,0x54,0x00,0x00,0x00,0x17,0x00,0x00,
    0x00,0x18,0x00,0x00,0x00,0x23,0x00,0x00,0x00,0x24,0x00,0x00,0x00,0x1b,0x00,0x00,
    0x00,0x1c,0x00,0x00,0x00,0x32,0x00,0x00,0x00,0x55,0x00,0x00,0x00,0x00,0x00,0x00,
    0x00,0x00,0x00,0x00,0x00,0x56,0x00,0x00,0x00,0x57,0x00,0x00,0x00,0x58,0x00,0x00,
    0x00,0x2c,0x00,0x00,0x00,0x59,0x00,0x00,0x00,0x00,0x00,0x00,0x00,0x00,0x00,0x00,
    0x00,0x5a,0x00,0x00,0x00,0x5b,0x00,0x00,0x00,0x5c,0x00,0x00,0x00,0x5d,0x00,0x00,
    0x00,0x15,0x00,0x00,0x00,0x16,0x00,0x00,0x00,0x17,0x00,0x00,0x00,0x5e,0x00,0x00,
    0x00,0x23,0x00,0x00,0x00,0x24,0x00,0x00,0x00,0x1b,0x00,0x00,0x00,0x1c,0x00,0x00,
    0x00,0x5f,0x00,0x00,0x00,0x60,0x00,0x00,0x00,0x00,0x00,0x00,0x00,0x00,0x00,0x00,
    0x00,0x5a,0x00,0x00,0x00,0x5b,0x00,0x00,0x00,0x5c,0x00,0x00,0x00,0x5d,0x00,0x00,
    0x00,0x15,0x00,0x00,0x00,0x16,0x00,0x00,0x00,0x17,0x00,0x00,0x00,0x18,0x00,0x00,
    0x00,0x23,0x00,0x00,0x00,0x24,0x00,0x00,0x00,0x1b,0x00,0x00,0x00,0x1c,0x00,0x00,
    0x00,0x5f,0x00,0x00,0x00,0x61,0x00,0x00,0x00,0x00,0x00,0x00,0x00,0x00,0x00,0x00,
    0x00,0x62,0x00,0x00,0x00,0x63,0x00,0x00,0x00,0x64,0x00,0x00,0x00,0x2c,0x00,0x00,
    0x00,0x65,0x00,0x00,0x00,0x00,0x00,0x00,0x00,0x00,0x00,0x00,0x00,0x66,0x00,0x00,
    0x00,0x67,0x00,0x00,0x00,0x68,0x00,0x00,0x00,0x2c,0x00,0x00,0x00,0x69,0x00,0x00,
    0x00,0x00,0x00,0x00,0x00,0x00,0x00,0x00,0x00,0x01,0x00,0x00,0x00,0x00,0x00,0x00,
    0x00,0x00,0x00,0x00,0x00,0x00,0x00,0x00,0x00,0x00,0x00,0x00,0x00,0x0a,0x00,0x00,
    0x00,0x64,0x00,0x00,0x00,0xe8,0x03,0x00,0x00,0x10,0x27,0x00,0x00,0xa0,0x86,0x01,
    0x00,0x40,0x42,0x0f,0x00,0x80,0x96,0x98,0x00,0x00,0xe1,0xf5,0x05,0x00,0xca,0x9a,
    0x3b,0x00,0x00,0x00,0x00,0x00,0x00,0x00,0x00,0x30,0x30,0x30,0x31,0x30,0x32,0x30,
    0x33,0x30,0x34,0x30,0x35,0x30,0x36,0x30,0x37,0x30,0x38,0x30,0x39,0x31,0x30,0x31,
    0x31,0x31,0x32,0x31,0x33,0x31,0x34,0x31,0x35,0x31,0x36,0x31,0x37,0x31,0x38,0x31,
    0x39,0x32,0x30,0x32,0x31,0x32,0x32,0x32,0x33,0x32,0x34,0x32,0x35,0x32,0x36,0x32,
    0x37,0x32,0x38,0x32,0x39,0x33,0x30,0x33,0x31,0x33,0x32,0x33,0x33,0x33,0x34,0x33,
    0x35,0x33,0x36,0x33,0x37,0x33,0x38,0x33,0x39,0x34,0x30,0x34,0x31,0x34,0x32,0x34,
    0x33,0x34,0x34,0x34,0x35,0x34,0x36,0x34,0x37,0x34,0x38,0x34,0x39,0x35,0x30,0x35,
    0x31,0x35,0x32,0x35,0x33,0x35,0x34,0x35,0x35,0x35,0x36,0x35,0x37,0x35,0x38,0x35,
    0x39,0x36,0x30,0x36,0x31,0x36,0x32,0x36,0x33,0x36,0x34,0x36,0x35,0x36,0x36,0x36,
    0x37,0x36,0x38,0x36,0x39,0x37,0x30,0x37,0x31,0x37,0x32,0x37,0x33,0x37,0x34,0x37,
    0x35,0x37,0x36,0x37,0x37,0x37,0x38,0x37,0x39,0x38,0x30,0x38,0x31,0x38,0x32,0x38,
    0x33,0x38,0x34,0x38,0x35,0x38,0x36,0x38,0x37,0x38,0x38,0x38,0x39,0x39,0x30,0x39,
    0x31,0x39,0x32,0x39,0x33,0x39,0x34,0x39,0x35,0x39,0x36,0x39,0x37,0x39,0x38,0x39,
    0x39,0x00,0x00,0x00,0x00,0x00,0x00,0x00,0x00,0x00,0x00,0x00,0x00,0x00,0x00,0x00,
    0x00,0x0a,0x00,0x00,0x00,0x00,0x00,0x00,0x00,0x64,0x00,0x00,0x00,0x00,0x00,0x00,
    0x00,0xe8,0x03,0x00,0x00,0x00,0x00,0x00,0x00,0x10,0x27,0x00,0x00,0x00,0x00,0x00,
    0x00,0xa0,0x86,0x01,0x00,0x00,0x00,0x00,0x00,0x40,0x42,0x0f,0x00,0x00,0x00,0x00,
    0x00,0x80,0x96,0x98,0x00,0x00,0x00,0x00,0x00,0x00,0xe1,0xf5,0x05,0x00,0x00,0x00,
    0x00,0x00,0xca,0x9a,0x3b,0x00,0x00,0x00,0x00,0x00,0xe4,0x0b,0x54,0x02,0x00,0x00,
    0x00,0x00,0xe8,0x76,0x48,0x17,0x00,0x00,0x00,0x00,0x10,0xa5,0xd4,0xe8,0x00,0x00,
    0x00,0x00,0xa0,0x72,0x4e,0x18,0x09,0x00,0x00,0x00,0x40,0x7a,0x10,0xf3,0x5a,0x00,
    0x00,0x00,0x80,0xc6,0xa4,0x7e,0x8d,0x03,0x00,0x00,0x00,0xc1,0x6f,0xf2,0x86,0x23,
    0x00,0x00,0x00,0x8a,0x5d,0x78,0x45,0x63,0x01,0x00,0x00,0x64,0xa7,0xb3,0xb6,0xe0,
    0x0d,0x00,0x00,0xe8,0x89,0x04,0x23,0xc7,0x8a,0xff,0xff,0xff,0xff,0xff,0xff,0xff,
    0xff,0xff,0xff,0xff,0xff,0xff,0xff,0xff,0xff,0xff,0xff,0xff,0xff,0xff,0xff,0xff,
    0xff,0xff,0xff,0xff,0xff,0xff,0xff,0xff,0xff,0xff,0xff,0xff,0xff,0xff,0xff,0xff,
    0xff,0xff,0xff,0xff,0xff,0xff,0xff,0xff,0xff,0xff,0x00,0x01,0x02,0x03,0x04,0x05,
    0x06,0x07,0x08,0x09,0xff,0xff,0xff,0xff,0xff,0xff,0xff,0x0a,0x0b,0x0c,0x0d,0x0e,
    0x0f,0x10,0x11,0x12,0x13,0x14,0x15,0x16,0x17,0x18,0x19,0x1a,0x1b,0x1c,0x1d,0x1e,
    0x1f,0x20,0x21,0x22,0x23,0xff,0xff,0xff,0xff,0xff,0xff,0x0a,0x0b,0x0c,0x0d,0x0e,
    0x0f,0x10,0x11,0x12,0x13,0x14,0x15,0x16,0x17,0x18,0x19,0x1a,0x1b,0x1c,0x1d,0x1e,
    0x1f,0x20,0x21,0x22,0x23,0xff,0xff,0xff,0xff,0xff,0xff,0xff,0xff,0xff,0xff,0xff,
    0xff,0xff,0xff,0xff,0xff,0xff,0xff,0xff,0xff,0xff,0xff,0xff,0xff,0xff,0xff,0xff,
    0xff,0xff,0xff,0xff,0xff,0xff,0xff,0xff,0xff,0xff,0xff,0xff,0xff,0xff,0xff,0xff,
    0xff,0xff,0xff,0xff,0xff,0xff,0xff,0xff,0xff,0xff,0xff,0xff,0xff,0xff,0xff,0xff,
    0xff,0xff,0xff,0xff,0xff,0xff,0xff,0xff,0xff,0xff,0xff,0xff,0xff,0xff,0xff,0xff,
    0xff,0xff,0xff,0xff,0xff,0xff,0xff,0xff,0xff,0xff,0xff,0xff,0xff,0xff,0xff,0xff,
    0xff,0xff,0xff,0xff,0xff,0xff,0xff,0xff,0xff,0xff,0xff,0xff,0xff,0xff,0xff,0xff,
    0xff,0xff,0xff,0xff,0xff,0xff,0xff,0xff,0xff,0xff,0xff,0xff,0xff,0xff,0xff,0xff,
    0xff,0xff,0xff,0xff,0xff,0xff,0xff,0xff,0xff,0xff,0x00,0x00,0x00,0x00,0x00,0x00,
    0x00,0x00,0x00,0x00,0x00,0x00,0x00,0x00,0x00,0x19,0x00,0x0b,0x00,0x19,0x19,0x19,
    0x00,0x00,0x00,0x00,0x05,0x00,0x00,0x00,0x00,0x00,0x00,0x09,0x00,0x00,0x00,0x00,
    0x0b,0x00,0x00,0x00,0x00,0x00,0x00,0x00,0x00,0x19,0x00,0x0a,0x0a,0x19,0x19,0x19,
    0x03,0x0a,0x07,0x00,0x01,0x1b,0x09,0x0b,0x18,0x00,0x00,0x09,0x06,0x0b,0x00,0x00,
    0x0b,0x00,0x06,0x19,0x00,0x00,0x00,0x19,0x19,0x19,0x00,0x00,0x00,0x00,0x00,0x00,
    0x00,0x00,0x00,0x00,0x00,0x00,0x00,0x00,0x00,0x00,0x0e,0x00,0x00,0x00,0x00,0x00,
    0x00,0x00,0x00,0x19,0x00,0x0b,0x0d,0x19,0x19,0x19,0x00,0x0d,0x00,0x00,0x02,0x00,
    0x09,0x0e,0x00,0x00,0x00,0x09,0x00,0x0e,0x00,0x00,0x0e,0x00,0x00,0x00,0x00,0x00,
    0x00,0x00,0x00,0x00,0x00,0x00,0x00,0x00,0x00,0x00,0x00,0x00,0x00,0x00,0x00,0x00,
    0x00,0x00,0x00,0x00,0x0c,0x00,0x00,0x00,0x00,0x00,0x00,0x00,0x00,0x00,0x00,0x00,
    0x13,0x00,0x00,0x00,0x00,0x13,0x00,0x00,0x00,0x00,0x09,0x0c,0x00,0x00,0x00,0x00,
    0x00,0x0c,0x00,0x00,0x0c,0x00,0x00,0x00,0x00,0x00,0x00,0x00,0x00,0x00,0x00,0x00,
    0x00,0x00,0x00,0x00,0x00,0x00,0x00,0x00,0x00,0x00,0x00,0x00,0x00,0x00,0x10,0x00,
    0x00,0x00,0x00,0x00,0x00,0x00,0x00,0x00,0x00,0x00,0x0f,0x00,0x00,0x00,0x04,0x0f,
    0x00,0x00,0x00,0x00,0x09,0x10,0x00,0x00,0x00,0x00,0x00,0x10,0x00,0x00,0x10,0x00,
    0x00,0x00,0x00,0x00,0x00,0x00,0x00,0x00,0x00,0x00,0x00,0x00,0x00,0x00,0x00,0x00,
    0x00,0x00,0x00,0x00,0x00,0x00,0x00,0x00,0x12,0x00,0x00,0x00,0x00,0x00,0x00,0x00,
    0x00,0x00,0x00,0x00,0x11,0x00,0x00,0x00,0x00,0x11,0x00,0x00,0x00,0x00,0x09,0x12,
    0x00,0x00,0x00,0x00,0x00,0x12,0x00,0x00,0x12,0x00,0x00,0x1a,0x00,0x00,0x00,0x1a,
    0x1a,0x1a,0x00,0x00,0x00,0x00,0x00,0x00,0x00,0x00,0x00,0x00,0x00,0x00,0x00,0x00,
    0x00,0x00,0x00,0x00,0x00,0x00,0x00,0x00,0x00,0x00,0x00,0x1a,0x00,0x00,0x00,0x1a,
    0x1a,0x1a,0x00,0x00,0x00,0x00,0x00,0x00,0x09,0x00,0x00,0x00,0x00,0x00,0x00,0x00,
    0x00,0x00,0x00,0x00,0x00,0x00,0x00,0x00,0x00,0x00,0x00,0x00,0x00,0x00,0x00,0x00,
    0x00,0x00,0x00,0x00,0x00,0x00,0x00,0x00,0x00,0x00,0x00,0x00,0x14,0x00,0x00,0x00,
    0x00,0x00,0x00,0x00,0x00,0x00,0x00,0x00,0x17,0x00,0x00,0x00,0x00,0x17,0x00,0x00,
    0x00,0x00,0x09,0x14,0x00,0x00,0x00,0x00,0x00,0x14,0x00,0x00,0x14,0x00,0x00,0x00,
    0x00,0x00,0x00,0x00,0x00,0x00,0x00,0x00,0x00,0x00,0x00,0x00,0x00,0x00,0x00,0x00,
    0x00,0x00,0x00,0x00,0x00,0x00,0x16,0x00,0x00,0x00,0x00,0x00,0x00,0x00,0x00,0x00,
    0x00,0x00,0x15,0x00,0x00,0x00,0x00,0x15,0x00,0x00,0x00,0x00,0x09,0x16,0x00,0x00,
    0x00,0x00,0x00,0x16,0x00,0x00,0x16,0x00,0x00,0x30,0x31,0x32,0x33,0x34,0x35,0x36,
    0x37,0x38,0x39,0x41,0x42,0x43,0x44,0x45,0x46,0x00,0x53,0x75,0x63,0x63,0x65,0x73,
    0x73,0x00,0x49,0x6c,0x6c,0x65,0x67,0x61,0x6c,0x20,0x62,0x79,0x74,0x65,0x20,0x73,
    0x65,0x71,0x75,0x65,0x6e,0x63,0x65,0x00,0x44,0x6f,0x6d,0x61,0x69,0x6e,0x20,0x65,
    0x72,0x72,0x6f,0x72,0x00,0x52,0x65,0x73,0x75,0x6c,0x74,0x20,0x6e,0x6f,0x74,0x20,
    0x72,0x65,0x70,0x72,0x65,0x73,0x65,0x6e,0x74,0x61,0x62,0x6c,0x65,0x00,0x4e,0x6f,
    0x74,0x20,0x61,0x20,0x74,0x74,0x79,0x00,0x50,0x65,0x72,0x6d,0x69,0x73,0x73,0x69,
    0x6f,0x6e,0x20,0x64,0x65,0x6e,0x69,0x65,0x64,0x00,0x4f,0x70,0x65,0x72,0x61,0x74,
    0x69,0x6f,0x6e,0x20,0x6e,0x6f,0x74,0x20,0x70,0x65,0x72,0x6d,0x69,0x74,0x74,0x65,
    0x64,0x00,0x4e,0x6f,0x20,0x73,0x75,0x63,0x68,0x20,0x66,0x69,0x6c,0x65,0x20,0x6f,
    0x72,0x20,0x64,0x69,0x72,0x65,0x63,0x74,0x6f,0x72,0x79,0x00,0x4e,0x6f,0x20,0x73,
    0x75,0x63,0x68,0x20,0x70,0x72,0x6f,0x63,0x65,0x73,0x73,0x00,0x46,0x69,0x6c,0x65,
    0x20,0x65,0x78,0x69,0x73,0x74,0x73,0x00,0x56,0x61,0x6c,0x75,0x65,0x20,0x74,0x6f,
    0x6f,0x20,0x6c,0x61,0x72,0x67,0x65,0x20,0x66,0x6f,0x72,0x20,0x64,0x61,0x74,0x61,
    0x20,0x74,0x79,0x70,0x65,0x00,0x4e,0x6f,0x20,0x73,0x70,0x61,0x63,0x65,0x20,0x6c,
    0x65,0x66,0x74,0x20,0x6f,0x6e,0x20,0x64,0x65,0x76,0x69,0x63,0x65,0x00,0x4f,0x75,
    0x74,0x20,0x6f,0x66,0x20,0x6d,0x65,0x6d,0x6f,0x72,0x79,0x00,0x52,0x65,0x73,0x6f,
    0x75,0x72,0x63,0x65,0x20,0x62,0x75,0x73,0x79,0x00,0x49,0x6e,0x74,0x65,0x72,0x72,
    0x75,0x70,0x74,0x65,0x64,0x20,0x73,0x79,0x73,0x74,0x65,0x6d,0x20,0x63,0x61,0x6c,
    0x6c,0x00,0x52,0x65,0x73,0x6f,0x75,0x72,0x63,0x65,0x20,0x74,0x65,0x6d,0x70,0x6f,
    0x72,0x61,0x72,0x69,0x6c,0x79,0x20,0x75,0x6e,0x61,0x76,0x61,0x69,0x6c,0x61,0x62,
    0x6c,0x65,0x00,0x49,0x6e,0x76,0x61,0x6c,0x69,0x64,0x20,0x73,0x65,0x65,0x6b,0x00,
    0x43,0x72,0x6f,0x73,0x73,0x2d,0x64,0x65,0x76,0x69,0x63,0x65,0x20,0x6c,0x69,0x6e,
    0x6b,0x00,0x52,0x65,0x61,0x64,0x2d,0x6f,0x6e,0x6c,0x79,0x20,0x66,0x69,0x6c,0x65,
    0x20,0x73,0x79,0x73,0x74,0x65,0x6d,0x00,0x44,0x69,0x72,0x65,0x63,0x74,0x6f,0x72,
    0x79,0x20,0x6e,0x6f,0x74,0x20,0x65,0x6d,0x70,0x74,0x79,0x00,0x43,0x6f,0x6e,0x6e,
    0x65,0x63,0x74,0x69,0x6f,0x6e,0x20,0x72,0x65,0x73,0x65,0x74,0x20,0x62,0x79,0x20,
    0x70,0x65,0x65,0x72,0x00,0x4f,0x70,0x65,0x72,0x61,0x74,0x69,0x6f,0x6e,0x20,0x74,
    0x69,0x6d,0x65,0x64,0x20,0x6f,0x75,0x74,0x00,0x43,0x6f,0x6e,0x6e,0x65,0x63,0x74,
    0x69,0x6f,0x6e,0x20,0x72,0x65,0x66,0x75,0x73,0x65,0x64,0x00,0x48,0x6f,0x73,0x74,
    0x20,0x69,0x73,0x20,0x75,0x6e,0x72,0x65,0x61,0x63,0x68,0x61,0x62,0x6c,0x65,0x00,
    0x41,0x64,0x64,0x72,0x65,0x73,0x73,0x20,0x69,0x6e,0x20,0x75,0x73,0x65,0x00,0x42,
    0x72,0x6f,0x6b,0x65,0x6e,0x20,0x70,0x69,0x70,0x65,0x00,0x49,0x2f,0x4f,0x20,0x65,
    0x72,0x72,0x6f,0x72,0x00,0x4e,0x6f,0x20,0x73,0x75,0x63,0x68,0x20,0x64,0x65,0x76,
    0x69,0x63,0x65,0x20,0x6f,0x72,0x20,0x61,0x64,0x64,0x72,0x65,0x73,0x73,0x00,0x4e,
    0x6f,0x20,0x73,0x75,0x63,0x68,0x20,0x64,0x65,0x76,0x69,0x63,0x65,0x00,0x4e,0x6f,
    0x74,0x20,0x61,0x20,0x64,0x69,0x72,0x65,0x63,0x74,0x6f,0x72,0x79,0x00,0x49,0x73,
    0x20,0x61,0x20,0x64,0x69,0x72,0x65,0x63,0x74,0x6f,0x72,0x79,0x00,0x54,0x65,0x78,
    0x74,0x20,0x66,0x69,0x6c,0x65,0x20,0x62,0x75,0x73,0x79,0x00,0x45,0x78,0x65,0x63,
    0x20,0x66,0x6f,0x72,0x6d,0x61,0x74,0x20,0x65,0x72,0x72,0x6f,0x72,0x00,0x49,0x6e,
    0x76,0x61,0x6c,0x69,0x64,0x20,0x61,0x72,0x67,0x75,0x6d,0x65,0x6e,0x74,0x00,0x41,
    0x72,0x67,0x75,0x6d,0x65,0x6e,0x74,0x20,0x6c,0x69,0x73,0x74,0x20,0x74,0x6f,0x6f,
    0x20,0x6c,0x6f,0x6e,0x67,0x00,0x53,0x79,0x6d,0x62,0x6f,0x6c,0x69,0x63,0x20,0x6c,
    0x69,0x6e,0x6b,0x20,0x6c,0x6f,0x6f,0x70,0x00,0x46,0x69,0x6c,0x65,0x6e,0x61,0x6d,
    0x65,0x20,0x74,0x6f,0x6f,0x20,0x6c,0x6f,0x6e,0x67,0x00,0x54,0x6f,0x6f,0x20,0x6d,
    0x61,0x6e,0x79,0x20,0x6f,0x70,0x65,0x6e,0x20,0x66,0x69,0x6c,0x65,0x73,0x20,0x69,
    0x6e,0x20,0x73,0x79,0x73,0x74,0x65,0x6d,0x00,0x4e,0x6f,0x20,0x66,0x69,0x6c,0x65,
    0x20,0x64,0x65,0x73,0x63,0x72,0x69,0x70,0x74,0x6f,0x72,0x73,0x20,0x61,0x76,0x61,
    0x69,0x6c,0x61,0x62,0x6c,0x65,0x00,0x42,0x61,0x64,0x20,0x66,0x69,0x6c,0x65,0x20,
    0x64,0x65,0x73,0x63,0x72,0x69,0x70,0x74,0x6f,0x72,0x00,0x4e,0x6f,0x20,0x63,0x68,
    0x69,0x6c,0x64,0x20,0x70,0x72,0x6f,0x63,0x65,0x73,0x73,0x00,0x42,0x61,0x64,0x20,
    0x61,0x64,0x64,0x72,0x65,0x73,0x73,0x00,0x46,0x69,0x6c,0x65,0x20,0x74,0x6f,0x6f,
    0x20,0x6c,0x61,0x72,0x67,0x65,0x00,0x54,0x6f,0x6f,0x20,0x6d,0x61,0x6e,0x79,0x20,
    0x6c,0x69,0x6e,0x6b,0x73,0x00,0x4e,0x6f,0x20,0x6c,0x6f,0x63,0x6b,0x73,0x20,0x61,
    0x76,0x61,0x69,0x6c,0x61,0x62,0x6c,0x65,0x00,0x52,0x65,0x73,0x6f,0x75,0x72,0x63,
    0x65,0x20,0x64,0x65,0x61,0x64,0x6c,0x6f,0x63,0x6b,0x20,0x77,0x6f,0x75,0x6c,0x64,
    0x20,0x6f,0x63,0x63,0x75,0x72,0x00,0x53,0x74,0x61,0x74,0x65,0x20,0x6e,0x6f,0x74,
    0x20,0x72,0x65,0x63,0x6f,0x76,0x65,0x72,0x61,0x62,0x6c,0x65,0x00,0x50,0x72,0x65,
    0x76,0x69,0x6f,0x75,0x73,0x20,0x6f,0x77,0x6e,0x65,0x72,0x20,0x64,0x69,0x65,0x64,
    0x00,0x4f,0x70,0x65,0x72,0x61,0x74,0x69,0x6f,0x6e,0x20,0x63,0x61,0x6e,0x63,0x65,
    0x6c,0x65,0x64,0x00,0x46,0x75,0x6e,0x63,0x74,0x69,0x6f,0x6e,0x20,0x6e,0x6f,0x74,
    0x20,0x69,0x6d,0x70,0x6c,0x65,0x6d,0x65,0x6e,0x74,0x65,0x64,0x00,0x4e,0x6f,0x20,
    0x6d,0x65,0x73,0x73,0x61,0x67,0x65,0x20,0x6f,0x66,0x20,0x64,0x65,0x73,0x69,0x72,
    0x65,0x64,0x20,0x74,0x79,0x70,0x65,0x00,0x49,0x64,0x65,0x6e,0x74,0x69,0x66,0x69,
    0x65,0x72,0x20,0x72,0x65,0x6d,0x6f,0x76,0x65,0x64,0x00,0x4c,0x69,0x6e,0x6b,0x20,
    0x68,0x61,0x73,0x20,0x62,0x65,0x65,0x6e,0x20,0x73,0x65,0x76,0x65,0x72,0x65,0x64,
    0x00,0x50,0x72,0x6f,0x74,0x6f,0x63,0x6f,0x6c,0x20,0x65,0x72,0x72,0x6f,0x72,0x00,
    0x42,0x61,0x64,0x20,0x6d,0x65,0x73,0x73,0x61,0x67,0x65,0x00,0x4e,0x6f,0x74,0x20,
    0x61,0x20,0x73,0x6f,0x63,0x6b,0x65,0x74,0x00,0x44,0x65,0x73,0x74,0x69,0x6e,0x61,
    0x74,0x69,0x6f,0x6e,0x20,0x61,0x64,0x64,0x72,0x65,0x73,0x73,0x20,0x72,0x65,0x71,
    0x75,0x69,0x72,0x65,0x64,0x00,0x4d,0x65,0x73,0x73,0x61,0x67,0x65,0x20,0x74,0x6f,
    0x6f,0x20,0x6c,0x61,0x72,0x67,0x65,0x00,0x50,0x72,0x6f,0x74,0x6f,0x63,0x6f,0x6c,
    0x20,0x77,0x72,0x6f,0x6e,0x67,0x20,0x74,0x79,0x70,0x65,0x20,0x66,0x6f,0x72,0x20,
    0x73,0x6f,0x63,0x6b,0x65,0x74,0x00,0x50,0x72,0x6f,0x74,0x6f,0x63,0x6f,0x6c,0x20,
    0x6e,0x6f,0x74,0x20,0x61,0x76,0x61,0x69,0x6c,0x61,0x62,0x6c,0x65,0x00,0x50,0x72,
    0x6f,0x74,0x6f,0x63,0x6f,0x6c,0x20,0x6e,0x6f,0x74,0x20,0x73,0x75,0x70,0x70,0x6f,
    0x72,0x74,0x65,0x64,0x00,0x4e,0x6f,0x74,0x20,0x73,0x75,0x70,0x70,0x6f,0x72,0x74,
    0x65,0x64,0x00,0x41,0x64,0x64,0x72,0x65,0x73,0x73,0x20,0x66,0x61,0x6d,0x69,0x6c,
    0x79,0x20,0x6e,0x6f,0x74,0x20,0x73,0x75,0x70,0x70,0x6f,0x72,0x74,0x65,0x64,0x20,
    0x62,0x79,0x20,0x70,0x72,0x6f,0x74,0x6f,0x63,0x6f,0x6c,0x00,0x41,0x64,0x64,0x72,
    0x65,0x73,0x73,0x20,0x6e,0x6f,0x74,0x20,0x61,0x76,0x61,0x69,0x6c,0x61,0x62,0x6c,
    0x65,0x00,0x4e,0x65,0x74,0x77,0x6f,0x72,0x6b,0x20,0x69,0x73,0x20,0x64,0x6f,0x77,
    0x6e,0x00,0x4e,0x65,0x74,0x77,0x6f,0x72,0x6b,0x20,0x75,0x6e,0x72,0x65,0x61,0x63,
    0x68,0x61,0x62,0x6c,0x65,0x00,0x43,0x6f,0x6e,0x6e,0x65,0x63,0x74,0x69,0x6f,0x6e,
    0x20,0x72,0x65,0x73,0x65,0x74,0x20,0x62,0x79,0x20,0x6e,0x65,0x74,0x77,0x6f,0x72,
    0x6b,0x00,0x43,0x6f,0x6e,0x6e,0x65,0x63,0x74,0x69,0x6f,0x6e,0x20,0x61,0x62,0x6f,
    0x72,0x74,0x65,0x64,0x00,0x4e,0x6f,0x20,0x62,0x75,0x66,0x66,0x65,0x72,0x20,0x73,
    0x70,0x61,0x63,0x65,0x20,0x61,0x76,0x61,0x69,0x6c,0x61,0x62,0x6c,0x65,0x00,0x53,
    0x6f,0x63,0x6b,0x65,0x74,0x20,0x69,0x73,0x20,0x63,0x6f,0x6e,0x6e,0x65,0x63,0x74,
    0x65,0x64,0x00,0x53,0x6f,0x63,0x6b,0x65,0x74,0x20,0x6e,0x6f,0x74,0x20,0x63,0x6f,
    0x6e,0x6e,0x65,0x63,0x74,0x65,0x64,0x00,0x4f,0x70,0x65,0x72,0x61,0x74,0x69,0x6f,
    0x6e,0x20,0x61,0x6c,0x72,0x65,0x61,0x64,0x79,0x20,0x69,0x6e,0x20,0x70,0x72,0x6f,
    0x67,0x72,0x65,0x73,0x73,0x00,0x4f,0x70,0x65,0x72,0x61,0x74,0x69,0x6f,0x6e,0x20,
    0x69,0x6e,0x20,0x70,0x72,0x6f,0x67,0x72,0x65,0x73,0x73,0x00,0x53,0x74,0x61,0x6c,
    0x65,0x20,0x66,0x69,0x6c,0x65,0x20,0x68,0x61,0x6e,0x64,0x6c,0x65,0x00,0x51,0x75,
    0x6f,0x74,0x61,0x20,0x65,0x78,0x63,0x65,0x65,0x64,0x65,0x64,0x00,0x4d,0x75,0x6c,
    0x74,0x69,0x68,0x6f,0x70,0x20,0x61,0x74,0x74,0x65,0x6d,0x70,0x74,0x65,0x64,0x00,
    0x43,0x61,0x70,0x61,0x62,0x69,0x6c,0x69,0x74,0x69,0x65,0x73,0x20,0x69,0x6e,0x73,
    0x75,0x66,0x66,0x69,0x63,0x69,0x65,0x6e,0x74,0x00,0x00,0x00,0x00,0x00,0x00,0x00,
    0x00,0x00,0x00,0x00,0x00,0x00,0x00,0x00,0x00,0x00,0x00,0x75,0x02,0x4e,0x00,0xd6,
    0x01,0xe2,0x04,0xb9,0x04,0x18,0x01,0x8e,0x05,0xed,0x02,0x16,0x04,0xf2,0x00,0x97,
    0x03,0x01,0x03,0x38,0x05,0xaf,0x01,0x82,0x01,0x4f,0x03,0x2f,0x04,0x1e,0x00,0xd4,
    0x05,0xa2,0x00,0x12,0x03,0x1e,0x03,0xc2,0x01,0xde,0x03,0x08,0x00,0xac,0x05,0x00,
    0x01,0x64,0x02,0xf1,0x01,0x65,0x05,0x34,0x02,0x8c,0x02,0xcf,0x02,0x2d,0x03,0x4c,
    0x04,0xe3,0x05,0x9f,0x02,0xf8,0x04,0x1c,0x05,0x08,0x05,0xb1,0x02,0x4b,0x05,0x15,
    0x02,0x78,0x00,0x52,0x02,0x3c,0x03,0xf1,0x03,0xe4,0x00,0xc3,0x03,0x7d,0x04,0xcc,
    0x00,0xaa,0x03,0x79,0x05,0x24,0x02,0x6e,0x01,0x6d,0x03,0x22,0x04,0xab,0x04,0x44,
    0x00,0xfb,0x01,0xae,0x00,0x83,0x03,0x60,0x00,0xe5,0x01,0x07,0x04,0x94,0x04,0x5e,
    0x04,0x2b,0x00,0x58,0x01,0x39,0x01,0x92,0x00,0xc2,0x05,0x9b,0x01,0x43,0x02,0x46,
    0x01,0xf6,0x05,0x00,0x00,0x00,0x00,0x00,0x00,0x0a,0x00,0x00,0x00,0x64,0x00,0x00,
    0x00,0xe8,0x03,0x00,0x00,0x10,0x27,0x00,0x00,0xa0,0x86,0x01,0x00,0x40,0x42,0x0f,
    0x00,0x80,0x96,0x98,0x00,0x00,0xe1,0xf5,0x05,0x00,0x41,0xa0,0xb6,0x04,0x0b,0x70,
    0x05,0x00,0x00,0x00,0x00,0x00,0x00,0x00,0x00,0x00,0x00,0x00,0x6a,0x00,0x00,0x00,
    0x00,0x00,0x00,0x00,0x00,0x00,0x00,0x00,0x00,0x00,0x00,0x00,0x00,0x00,0x00,0x00,
    0x6b,0x00,0x00,0x00,0x6c,0x00,0x00,0x00,0x64,0x1d,0x01,0x00,0x00,0x00,0x00,0x00,
    0x00,0x00,0x00,0x00,0x00,0x00,0x00,0x00,0x02,0x00,0x00,0x00,0x00,0x00,0x00,0x00,
    0xff,0xff,0xff,0xff,0x00,0x00,0x00,0x00,0x00,0x00,0x00,0x00,0x00,0x00,0x00,0x00,
    0x00,0x00,0x00,0x00,0x00,0x00,0x00,0x00,0x00,0x00,0x00,0x00,0x00,0x00,0x00,0x00,
    0x00,0x00,0x00,0x00,0x00,0x00,0x00,0x00,0x00,0x00,0x00,0x00,0x00,0x00,0x00,0x00,
};
extern const size_t kReferenceCoreWasmSize = 83472;

} // namespace v2wasm
} // namespace tgcalls
